user_idx,gender,age,note_idx,note_title,note_content,image_paths
16,female,31-35,1739813,170mL发廊理发梳染发瓶烫发药水瓶泡泡染梳,"上新啦,170mL发廊理发梳,染发瓶,烫发药水上色瓶子,泡泡染发瓶",./images/mnt/ali-sh-1/usr/lihaitao/process_0106/image/part_74/746817/3347833.jpg|./images/mnt/ali-sh-1/usr/lihaitao/process_0106/image/part_74/746817/3347834.jpg|./images/mnt/ali-sh-1/usr/lihaitao/process_0106/image/part_74/746817/3347835.jpg|./images/mnt/ali-sh-1/usr/lihaitao/process_0106/image/part_74/746817/3347836.jpg|./images/mnt/ali-sh-1/usr/lihaitao/process_0106/image/part_74/746817/3347837.jpg|./images/mnt/ali-sh-1/usr/lihaitao/process_0106/image/part_74/746817/3347838.jpg
16,female,31-35,1545593,"男士四周头发长得快,用渐变梳子在家就能剪","男士遇到最多的问题就是,四周特别容易长。可是去修一下也要收全头的💰。用渐变梳子无需技术,在家自己就能剪,可以节约很多钱💰和时间。 #梳子推荐[话题]# #梳子[话题]# #便携梳子[话题]# #随身梳子[话题]# #barbershop[话题]# #男士发型[话题]# #BLENDFREND[话题]##居家理发[话题]##在家理发[话题]#",./images/mnt/ali-sh-1/usr/lihaitao/process_0106/image/part_65/651024/2887858.jpg
16,female,31-35,896289,两用理发梳,#理发[话题]# #儿童理发[话题]# #好物推荐[话题]# #居家好物[话题]# #提升幸福感的家居好物[话题]#,
16,female,31-35,1121715,理发梳测评,"有了这个梳子,就能自己在家理发了?#测评#理发#梳子#开箱#美发工具",
16,female,31-35,886071,砂糖橘和龚氏小橘子,"#蝴蝶兰[话题]# 颜色上更喜欢砂糖橘,亮丽的橘色,但是它的长势特别不好,不太好养。小橘子颜色偏暗一些,但是很好养花量大,能续花有香味。",./images/mnt/ali-sh-1/usr/lihaitao/process_0106/image/part_100/1007349/4535070.jpg|./images/mnt/ali-sh-1/usr/lihaitao/process_0106/image/part_100/1007349/4535071.jpg|./images/mnt/ali-sh-1/usr/lihaitao/process_0106/image/part_100/1007349/4535072.jpg|./images/mnt/ali-sh-1/usr/lihaitao/process_0106/image/part_100/1007349/4535073.jpg|./images/mnt/ali-sh-1/usr/lihaitao/process_0106/image/part_100/1007349/4535074.jpg|./images/mnt/ali-sh-1/usr/lihaitao/process_0106/image/part_100/1007349/4535075.jpg|./images/mnt/ali-sh-1/usr/lihaitao/process_0106/image/part_100/1007349/4535076.jpg
16,female,31-35,1275936,🍊砂糖橘,"跨属杂交 Asco Irene Dobkin 'Elmhurst' HCC/AOS 无香,花多,花径4cm 难养。 喜光照(千代兰和朵丽蝶的属间交配) 稳定养殖位置,开始发育以后, 不要挪地儿!!!!不然随时僵苗 根系需要透气,非常需要 颜色吧,没有想象的那么美 饱和度带来的感受不如mini mark 胜在花量吧 是一款不太推荐的花,主要还是太难养了。。 (从无花的壮苗买来,一年内前后抢救了好几次) #蝴蝶兰[话题]# #我爱绿植[话题]# #我爱热植[话题]# #砂糖橘[话题]# #砂糖橘蝴蝶兰[话题]#",./images/mnt/ali-sh-1/usr/lihaitao/process_0106/image/part_108/1086706/4876098.jpg|./images/mnt/ali-sh-1/usr/lihaitao/process_0106/image/part_108/1086706/4876099.jpg|./images/mnt/ali-sh-1/usr/lihaitao/process_0106/image/part_108/1086706/4876100.jpg|./images/mnt/ali-sh-1/usr/lihaitao/process_0106/image/part_108/1086706/4876101.jpg|./images/mnt/ali-sh-1/usr/lihaitao/process_0106/image/part_108/1086706/4876102.jpg
16,female,31-35,1069879,今日种草的蝴蝶兰,分别是砂糖橘 桃之夭夭和粉墨安娜 拔了一棵砂糖橘 剩下两颗我忍......太好看了[色色R]图片都是来自小红书花友的,./images/mnt/ali-sh-1/usr/lihaitao/process_0106/image/part_55/556291/2412956.jpg|./images/mnt/ali-sh-1/usr/lihaitao/process_0106/image/part_55/556291/2412957.jpg|./images/mnt/ali-sh-1/usr/lihaitao/process_0106/image/part_55/556291/2412958.jpg
16,female,31-35,1079562,"养兰一年,已经没有哪个品种出梗能让我惊喜",[生气R]除了砂糖橘![抓狂R]它今年终于出梗了! #蝴蝶兰[话题]# #蝴蝶兰出花剑[话题]# #蝴蝶兰分享[话题]# #趣味蝴蝶兰[话题]# #洋兰[话题]#,
16,female,31-35,817222,砂糖橘蝴蝶兰有着秋天的色彩,"#Ascps[话题]#. Irene Dobkin 'Elmhurst'HCC/AOS 这个英文名字有点长,2年前买的宝宝苗,这是初花,属于小花型,开了也有半个月了,颜色没有什么变化,淡香,叶子硬挺而亮,很特别 #砂糖橘[话题]# 蝴蝶兰 #我的蝴蝶兰[话题]# #蝴蝶兰养护[话题]# #我的养花日常[话题]# #生活记录 #分享片刻[话题]#",./images/mnt/ali-sh-1/usr/lihaitao/process_0106/image/part_65/656839/2918670.jpg
16,female,31-35,1559151,砂糖橘 调整植料改善花朵畸|超两年养护记录,#兴趣加一计划[话题]# #我的养花日常[话题]# #蝴蝶兰[话题]# #蝴蝶兰养护[话题]# #砂糖橘蝴蝶兰[话题]# #小橘花蝴蝶兰[话题]#,
16,female,31-35,1074200,蝴蝶兰橘色花品种推荐,1、芳美彩虹 2、枫叶大舌头 3、鲑鱼 4、爱马仕橙/苏州夜莺 5、沙糖桔/小橘花 #蝴蝶兰[话题]# #我的养花日常[话题]# #兰花[话题]# #我的蝴蝶兰[话题]#,./images/mnt/ali-sh-1/usr/lihaitao/process_0106/image/part_107/1073765/4822571.jpg|./images/mnt/ali-sh-1/usr/lihaitao/process_0106/image/part_107/1073765/4822572.jpg|./images/mnt/ali-sh-1/usr/lihaitao/process_0106/image/part_107/1073765/4822573.jpg|./images/mnt/ali-sh-1/usr/lihaitao/process_0106/image/part_107/1073765/4822574.jpg|./images/mnt/ali-sh-1/usr/lihaitao/process_0106/image/part_107/1073765/4822575.jpg|./images/mnt/ali-sh-1/usr/lihaitao/process_0106/image/part_107/1073765/4822576.jpg|./images/mnt/ali-sh-1/usr/lihaitao/process_0106/image/part_107/1073765/4822577.jpg|./images/mnt/ali-sh-1/usr/lihaitao/process_0106/image/part_107/1073765/4822578.jpg
16,female,31-35,1732807,砂糖橘蝴蝶兰栽培经验分享|不抽梗?难养?,#蝴蝶兰分享[话题]# #蝴蝶兰栽培[话题]# #砂糖橘蝴蝶兰[话题]# #院子[话题]# #花园[话题]# #阳台花园[话题]# #兰花[话题]# #在这周而复始的日子里寻找乐趣[话题]#,
16,female,31-35,1330499,砂糖橘蝴蝶兰 (无滤镜)花径4cm,"亲生梗,很丰花,开成花树 橘色很正很浓郁 万代兰基因让它持花很长久 元旦开的第一朵,现在整3个月依然一朵没谢 不主动剪梗的话应该还可以开很久 值得拥有 #砂糖橘蝴蝶兰[话题]##小橘花蝴蝶兰[话题]# #橙色系蝴蝶兰[话题]# #橘色系蝴蝶兰[话题]#",./images/mnt/ali-sh-1/usr/lihaitao/process_0106/image/part_79/793926/3558257.jpg|./images/mnt/ali-sh-1/usr/lihaitao/process_0106/image/part_79/793926/3558258.jpg|./images/mnt/ali-sh-1/usr/lihaitao/process_0106/image/part_79/793926/3558259.jpg|./images/mnt/ali-sh-1/usr/lihaitao/process_0106/image/part_79/793926/3558260.jpg|./images/mnt/ali-sh-1/usr/lihaitao/process_0106/image/part_79/793926/3558261.jpg|./images/mnt/ali-sh-1/usr/lihaitao/process_0106/image/part_79/793926/3558262.jpg|./images/mnt/ali-sh-1/usr/lihaitao/process_0106/image/part_79/793926/3558263.jpg|./images/mnt/ali-sh-1/usr/lihaitao/process_0106/image/part_79/793926/3558264.jpg
16,female,31-35,1654666,芭蕉花的吃法,在云南各个集市 都有卖芭蕉花 芭蕉花的吃法你知道几种呢。 #云南美食[话题]# #赶集[话题]# #芭蕉花[话题]#,./images/mnt/ali-sh-1/usr/lihaitao/process_0106/image/part_95/950484/4287353.jpg
16,female,31-35,1477031,nan,"三个儿子打架,我要怎么去“端水”?﻿#三胎家庭[话题]#﻿ ﻿#男宿舍日常[话题]#﻿ ﻿#父母必看系列[话题]#﻿ ﻿#孩子教育[话题]#﻿",
16,female,31-35,1268351,植物分享8,天竺葵 经典品种英雄 我不适合品种控买回家完全靠缘分 但是这个真的非常勤花 一年四季哦#天竺葵[话题]#,./images/mnt/ali-sh-1/usr/lihaitao/process_0106/image/part_79/795704/3568281.jpg|./images/mnt/ali-sh-1/usr/lihaitao/process_0106/image/part_79/795704/3568282.jpg|./images/mnt/ali-sh-1/usr/lihaitao/process_0106/image/part_79/795704/3568283.jpg|./images/mnt/ali-sh-1/usr/lihaitao/process_0106/image/part_79/795704/3568284.jpg|./images/mnt/ali-sh-1/usr/lihaitao/process_0106/image/part_79/795704/3568285.jpg|./images/mnt/ali-sh-1/usr/lihaitao/process_0106/image/part_79/795704/3568286.jpg
16,female,31-35,866974,天竺葵,"天竺葵安妮贝贝 #世界上最厉害的人[话题]#,说起床就起床,说睡觉就睡觉,说做事就做事,说玩就玩,说收心就收心,说不爱就不爱。",./images/mnt/ali-sh-1/usr/lihaitao/process_0106/image/part_87/871022/3922348.jpg|./images/mnt/ali-sh-1/usr/lihaitao/process_0106/image/part_87/871022/3922349.jpg
16,female,31-35,977994,一动不动的几朵小花,"贝贝安妮丝,黄金翡翠",
16,female,31-35,1497497,僵苗的,"好几棵僵苗了。 5-7苏珊佩恩,这小花量太磕碜人了。 8-9钻石婚初花,上色了。 10-11贝贝安妮丝单花不大,翻开也好看。 12索琪,花球不大好打开,性价比高。 13五彩纸屑,初花,花瓣小,打不开。 14米娜瀑布,虽然是细长的花瓣,花量和颜色很有存在感。 15大山宫,颜色深得像烫手,花量少不够热烈,花瓣小不够水灵。 这破玩意太难养了#天竺葵[话题]#",
16,female,31-35,1667463,贝贝安妮斯|Pelargonium Hortorum Bailey,"Pelargonium Hortorum Bailey - 牻牛儿苗科天竺葵属多年生植物。 - ⛰️Origin:天竺葵家族原产于非洲。花期为春夏季。 - 🪴Shape:直立型茎干,虽为草本,但茎干会随着年份的增长逐渐木质化,叶片带有较强的芳香气味,可用作提取芳香药剂。叶色为黄绿色,略有褶皱,开花为带有点状飞溅的红粉色小花。 - 💚Tips:天竺葵这个大家族一直是众多爱好花卉的植友们绕不开的品类,因其优异的开花性而闻名。独特的气味也让它跻身于各类大牌香氛产品的主要成分前列。SAM以前总觉得该品类植物花色过于艳丽,叶片平平无奇而忽视他们,直到后来接触到几种超美的天竺葵品种才有了改观,贝贝安妮斯就是SAM最近被种草,分享给大家。第一次见到贝贝安尼斯时,甚至觉得它在自发光,像小太阳一样,一圈一圈的光晕,阳光洒落在它身上,被镀上金身,黄绿色的叶片会有一种微微的荧光感。花色也很特别,在红粉色的花瓣上会有点状飞溅,像锦化的叶片一样,不管是观叶观花,都拥有超高的观赏性。在天竺葵养护方面,如果想要保持它艳丽的色泽和更好的复花性,提供充足的光照当然不能少,如若光线不足,叶片也会略显暗淡哦。 - 👨🏻‍🌾Caring: 1、光照:喜光线充足,冬春季直射光最佳,也能耐半阴,夏季高温注意遮阴养护。 2、水肥:见干见湿浇水,土面干及时浇透水,生长期薄肥勤施。 3、温度:喜温暖环境,稍耐寒,建议室内环境安全越冬。 - SAM植物研究所,关注我,为生活“家”点心意。 🚫图文原创,使用请注明出处,侵权必究。 - #新年的第一篇小红书[话题]#|#锦化植物[话题]# |#我爱绿植[话题]# |#春天[话题]# …",./images/mnt/ali-sh-1/usr/lihaitao/process_0106/image/part_105/1053393/4732660.jpg|./images/mnt/ali-sh-1/usr/lihaitao/process_0106/image/part_105/1053393/4732661.jpg|./images/mnt/ali-sh-1/usr/lihaitao/process_0106/image/part_105/1053393/4732662.jpg|./images/mnt/ali-sh-1/usr/lihaitao/process_0106/image/part_105/1053393/4732663.jpg|./images/mnt/ali-sh-1/usr/lihaitao/process_0106/image/part_105/1053393/4732664.jpg
45,female,23-25,1710340,雪莉玫托特包真的绝版了!,吗?? 今年才看到这一款 一眼戳中 立马种草了 收收收 蹲一个好价[哭惹R][哭惹R] #迪士尼[话题]# #迪士尼周边[话题]# #上海迪士尼乐园代购[话题]# #雪莉玫托特包[话题]# #雪莉玫[话题]#,./images/mnt/ali-sh-1/usr/lihaitao/process_0106/image/part_71/712545/3173574.jpg
45,female,23-25,1091185,❅゚. * ∙ 冬日來信 ᛭ . 📧❄️,#熊的珍宝珠[话题]# #配饰分享[话题]#,./images/mnt/ali-sh-1/usr/lihaitao/process_0106/image/part_59/594301/2609835.jpg|./images/mnt/ali-sh-1/usr/lihaitao/process_0106/image/part_59/594301/2609836.jpg|./images/mnt/ali-sh-1/usr/lihaitao/process_0106/image/part_59/594301/2609837.jpg|./images/mnt/ali-sh-1/usr/lihaitao/process_0106/image/part_59/594301/2609838.jpg|./images/mnt/ali-sh-1/usr/lihaitao/process_0106/image/part_59/594301/2609839.jpg|./images/mnt/ali-sh-1/usr/lihaitao/process_0106/image/part_59/594301/2609840.jpg|./images/mnt/ali-sh-1/usr/lihaitao/process_0106/image/part_59/594301/2609841.jpg|./images/mnt/ali-sh-1/usr/lihaitao/process_0106/image/part_59/594301/2609842.jpg
45,female,23-25,994023,为什么🇯🇵日男的校服普遍是西式,"想穿得校供感一点又不想穿太正式的西式制服,找冬季水手服的叠穿又全都是女生的[哭惹R]实在找不到只能从jk穿搭里获取一点灵感然后自己搭[凋谢R][凋谢R]我也想要校供感我也想要冬天美美叠穿我也要穿水手服(尖叫)!!!#水手服[话题]# #日制校供[话题]# #校供感[话题]# #jk制服[话题]# #dk制服[话题]# #叠穿[话题]# #冬季穿搭[话题]#",./images/mnt/ali-sh-1/usr/lihaitao/process_0106/image/part_105/1056633/4746492.jpg
45,female,23-25,1721732,误食了碱水挂件怎么办,"天 不是标题党 在面包节误食了碱水面包挂件。。。怪我太愚蠢...天呐我以为是面包 我吃完了都没发现是挂件[抓狂R][抓狂R][抓狂R][抓狂R][抓狂R] 只是觉得比较难嚼 表面有点苦有点涩,但当时好饿,就吃了。。天呐[生气R][生气R][生气R][生气R][生气R] 直到后来再次路过这个摊位的时候 听到店员在喊“满30送碱水挂件”..................天呐[哭惹R][哭惹R][抓狂R][抓狂R] 没催吐 15点左右吃的[哭惹R][哭惹R]#碱水面包[话题]# #碱水[话题]# #碱水挂件[话题]# #碱水面包[话题]# #面包[话题]# #挂件[话题]#",
45,female,23-25,1230782,北美➗最后3️⃣白草莓美乐蒂胸针 🥖,最后3️⃣个了 之前买了十多个都木有了😊 #北美购物[话题]# #北美闲置[话题]# #美乐蒂[话题]# #白草莓美乐蒂[话题]# #三丽鸥美乐蒂[话题]# #三丽鸥美乐蒂白草莓系列[话题]# #mymelody[话题]#,
45,female,23-25,1215852,初中数学需要的8种数学思想,#不懂就问有问必答[话题]#,./images/mnt/ali-sh-1/usr/lihaitao/process_0106/image/part_63/634599/2793928.jpg|./images/mnt/ali-sh-1/usr/lihaitao/process_0106/image/part_63/634599/2793929.jpg|./images/mnt/ali-sh-1/usr/lihaitao/process_0106/image/part_63/634599/2793930.jpg|./images/mnt/ali-sh-1/usr/lihaitao/process_0106/image/part_63/634599/2793931.jpg|./images/mnt/ali-sh-1/usr/lihaitao/process_0106/image/part_63/634599/2793932.jpg|./images/mnt/ali-sh-1/usr/lihaitao/process_0106/image/part_63/634599/2793933.jpg|./images/mnt/ali-sh-1/usr/lihaitao/process_0106/image/part_63/634599/2793934.jpg
45,female,23-25,987885,小学五年级—位置学霸笔记,"#小学老师[话题]# #图形的运动二[话题]# #小学[话题]# #家长收藏孩子受益[话题]# #小学数学思维训练[话题]# #小学数学[话题]# #小学五年级数学题[话题]# #小学数学老师备课[话题]# 1.横排叫做行,竖排叫做列。 2.确定第几列一般是从左往右数,确定第几行一般是从前往后数。 2.用有顺序的两个数表示出一个确定的位置就是数对,确定一个物体的位置需要两个数据。 3.用数对表示位置时,先表示第几列,再表示第几行,不要把列和行弄颠倒。 4.写数对时,用括号把列数和行数括起来,并在列数和行数之间写个逗号把它们隔开,写作:(列,行)。 5.数对的读法:(2,3)可以直接读(2,3),也可以读作数对(2,3)。 6.一组数对只能表示一个位置。 7.表示同一列物体位置的数对,它们的第一个数相同;表示同一行物体位置的数对,它们的第二个数相同。 巧记位置 表示位置有绝招 一组数据把它标 竖线为列横为行 列先行后不可调 一列一行一括号 逗号分隔标明了 在方格纸上,物体向左或向右平移,行数不变,列数等于减去或加上平移的格数; 物体向上或向下平移,列数不变,行数等于加上或减去平移的格数。 切记 1、数对:由两个数组成,中间用逗号隔开,用括号括起来。括号里面的数由左至右分别为列数和行数,即“先列后行”。 2、作用:一组数对确定唯一一个点的位置,经度和纬度就是这个原理。 例:在方格图(平面直角坐标系)中用数对(3,5)表示(第三列,第五行)。 3、在平面直角坐标系中X轴上的坐标表示列,y轴上的坐标表示行。 如:数对(3,2)表示第三列,第二行。 4、数对(X,5)的行号不变,表示一条…",./images/mnt/ali-sh-1/usr/lihaitao/process_0106/image/part_108/1089342/4887007.jpg|./images/mnt/ali-sh-1/usr/lihaitao/process_0106/image/part_108/1089342/4887008.jpg|./images/mnt/ali-sh-1/usr/lihaitao/process_0106/image/part_108/1089342/4887009.jpg|./images/mnt/ali-sh-1/usr/lihaitao/process_0106/image/part_108/1089342/4887010.jpg|./images/mnt/ali-sh-1/usr/lihaitao/process_0106/image/part_108/1089342/4887011.jpg|./images/mnt/ali-sh-1/usr/lihaitao/process_0106/image/part_108/1089342/4887012.jpg
45,female,23-25,1032839,五年级上册数学单元测试-第二单元 位置,五年级上册数学单元测试-[绿色心形R][绿色心形R][绿色心形R][绿色心形R] 第二单元 位置(培优卷) 人教版(含答案)[樱花R][樱花R][樱花R][学生党R][学生党R][学生党R][学生党R][学生党R] #单元测试[话题]# #试卷[话题]# #练习题[话题]# #易错题[话题]# #一点碎碎念[话题]# #保持更新[话题]# #五年级数学易错题[话题]# 第二单元位置 #单元测试[话题]# #五年级数学[话题]# #五年级上册数学[话题]# [蹲后续H][气球R][气球R][气球R][气球R][气球R],./images/mnt/ali-sh-1/usr/lihaitao/process_0106/image/part_100/1005319/4524729.jpg|./images/mnt/ali-sh-1/usr/lihaitao/process_0106/image/part_100/1005319/4524730.jpg|./images/mnt/ali-sh-1/usr/lihaitao/process_0106/image/part_100/1005319/4524731.jpg|./images/mnt/ali-sh-1/usr/lihaitao/process_0106/image/part_100/1005319/4524732.jpg|./images/mnt/ali-sh-1/usr/lihaitao/process_0106/image/part_100/1005319/4524733.jpg|./images/mnt/ali-sh-1/usr/lihaitao/process_0106/image/part_100/1005319/4524734.jpg|./images/mnt/ali-sh-1/usr/lihaitao/process_0106/image/part_100/1005319/4524735.jpg|./images/mnt/ali-sh-1/usr/lihaitao/process_0106/image/part_100/1005319/4524736.jpg
45,female,23-25,1063129,《寄明月》的歌词真的好牛,最近也是爱上了《永夜星河》 成功地被竹林四侠跳寄明月给洗脑了 想着搜搜歌词来学着唱 天呐 这个词真的好牛 光看词就很有画面感 以前只知道它和二次元很适配#寄明月[话题]#,./images/mnt/ali-sh-1/usr/lihaitao/process_0106/image/part_109/1090971/4893905.jpg
45,female,23-25,1147647,自己的项链就自己戴吧~,套装里的项链绕两圈戴在公仔脖子上正好噢~[偷笑R]#美乐蒂[话题]# #三丽鸥[话题]# #三丽鸥草莓蛋糕系列[话题]# #三丽鸥美乐蒂[话题]# #草莓美乐蒂[话题]#,./images/mnt/ali-sh-1/usr/lihaitao/process_0106/image/part_86/866416/3896965.jpg|./images/mnt/ali-sh-1/usr/lihaitao/process_0106/image/part_86/866416/3896966.jpg
45,female,23-25,1606918,三丽鸥有点恶心了 5月预售就这些,火了之后就把预售关了 目录里面一个毛绒挂件都没有 都是些周边“小垃圾” 想想之前发个效果图预售就有我们帮她兜底 半年前就预售 现在火了搞饥饿营销了 搞实体店日本国内官网同步了 就把我们t了😀 真行啊三丽鸥 #三丽鸥sanrio[话题]# #三丽鸥[话题]# #美乐蒂[话题]#,./images/mnt/ali-sh-1/usr/lihaitao/process_0106/image/part_93/937150/4219512.jpg|./images/mnt/ali-sh-1/usr/lihaitao/process_0106/image/part_93/937150/4219513.jpg|./images/mnt/ali-sh-1/usr/lihaitao/process_0106/image/part_93/937150/4219514.jpg
45,female,23-25,1941530,哄好了。见面果然是解决异地恋矛盾的大杀器,"昨天晚上到的。 今天下午回的。 不生气了,和好了。 . 再不敢犯了。 哄小孩真费钱呀。",./images/mnt/ali-sh-1/usr/lihaitao/process_0106/image/part_109/1094450/4908201.jpg
45,female,23-25,1480670,可爱jiojio,#三丽鸥sanrio[话题]# #美乐蒂[话题]# #Melody[话题]# #幸福日常[话题]# #粉色[话题]# #粉粉嫩嫩[话题]# #少女心[话题]##来自星星的艺术家[话题]# #宿舍[话题]#,
45,female,23-25,1259278,听到爱派这个称呼依旧很别扭,"几个月过去了,还是听不惯😓 不过也不会去反驳别人,都是个人的自由,好在现在谈论到这个东西的次数很少 值得庆幸的是后面脱离这个环境后,就再也不会有人这么说了[举手R]避免相遇也是一种好方法 ———————————————— 已经隐藏过好几次降低流量,依旧有很多评论。已经说了这是我的理解和想法,不会去管别人怎么说,我尊重别人的叫法,当然别人的话也不会改变我 plq有些人和评论涉及人身攻击和冲突,很吵闹,真的很不礼貌。为什么要对别人的帖子恶评?你不喜欢就可以划走,而不是非得进来拉踩一下 也有很多正常讨论和温柔的人,欢迎这些人评论[玫瑰R]",./images/mnt/ali-sh-1/usr/lihaitao/process_0106/image/part_87/870135/3917432.jpg
45,female,23-25,1090806,如果我还是大学生梗豆新品我就会留下,"但我不是了哈哈哈哈 打算退噜 凑单下来387不带内搭,后续想购买的话可以参考一下",
45,female,23-25,1439587,nan,高铁上化妆品全带了 粉底液没带[石化R][失望R],
45,female,23-25,1342554,该说不说这段舞跳得确实好看啊~,#舞蹈[话题]# #跳舞[话题]# #舞蹈视频[话题]# #中国舞[话题]# #古典舞[话题]# #民族舞[话题]#,
45,female,23-25,881400,nan,"你们学校的朱家小馆也是这样吗?我感觉每一种都是甜甜的麻酱味,只是放的配料不一样,感觉好腻[黑薯问号R] #好吃的面食[话题]# #吃面就来这家[话题]# ??#喃痴[话题]#",./images/mnt/ali-sh-1/usr/lihaitao/process_0106/image/part_80/802972/3609994.jpg
45,female,23-25,953880,我将把你列为新的梦情!,美死了#美到我的心巴[话题]# #伟大无需多言[话题]# #一眼就会心动[话题]# #校供[话题]#,./images/mnt/ali-sh-1/usr/lihaitao/process_0106/image/part_77/776181/3478323.jpg
45,female,23-25,998822,挑了2⃣️月|终于挑到自己和男友都喜欢的款式,"市面上的对戒款式大多千篇一律,也难怪很多姐妹看对戒看出选择恐惧症了[笑哭R] 其实对戒并不是非要两个款式差不多一个造型,款式一定要有创造力✊这对公主和骑士对戒就是男女款都好看的款式,男戒镶嵌祖母绿钻,女戒镶嵌公主方钻💎 这对真金真钻加磨砂设计质感拉满了!!! #对戒[话题]# #戒指[话题]# #首饰[话题]# #情侣对戒[话题]# #对戒定制[话题]# #对戒推荐[话题]# #婚戒[话题]# #高级珠宝[话题]# #晒晒手上戴什么[话题]# #我的结婚对戒[话题]#",./images/mnt/ali-sh-1/usr/lihaitao/process_0106/image/part_105/1053040/4731287.jpg|./images/mnt/ali-sh-1/usr/lihaitao/process_0106/image/part_105/1053040/4731288.jpg|./images/mnt/ali-sh-1/usr/lihaitao/process_0106/image/part_105/1053040/4731289.jpg|./images/mnt/ali-sh-1/usr/lihaitao/process_0106/image/part_105/1053040/4731290.jpg|./images/mnt/ali-sh-1/usr/lihaitao/process_0106/image/part_105/1053040/4731291.jpg|./images/mnt/ali-sh-1/usr/lihaitao/process_0106/image/part_105/1053040/4731292.jpg|./images/mnt/ali-sh-1/usr/lihaitao/process_0106/image/part_105/1053040/4731293.jpg|./images/mnt/ali-sh-1/usr/lihaitao/process_0106/image/part_105/1053040/4731294.jpg
208,,,1136697,nan,#痘坑[话题]# #痘坑修复[话题]# #痘坑痘印[话题]#,
208,,,956324,"填痘坑后的50天,我敢直视阳光☀️",正午阳光下和室内自然光线下 一切的付出都很值得#痘坑[话题]# #痘坑痘印[话题]# #痘坑修复[话题]# #痘坑疤痕[话题]#,
208,,,1186720,高空阳光下的痘坑脸实拍,越来越敢直视阳光了 飞机上洒下来的一片温暖 如今我也接得住了👏 痘坑宝宝加油 万万没想到 我也有今天#痘坑[话题]##痘坑痘印[话题]##痘坑疤痕[话题]#,
208,,,806018,一周一次. 自己居家💦光的操作流程!,#皮肤管理[话题]# #护肤[话题]##女性成长[话题]# #水光肌[话题]# ##淡斑[话题]# #惠州[话题]# #惠阳淡水[话题]# #熬夜必备[话题]# #一个人的工作室[话题]#,
208,,,1659199,要早知道这个方法!治痘坑路上也不会走弯路,"今天这个痘坑这个的话,然后我们家所有的坑是做一次大概是可以长出三成的肉,基本上是3~4次可以平,但如果说坑的时间比较久,长了十几二十年,可能次数会有一两次的一个偏差,然后这个做空的相较我们之前的那种做空有一个很大的优点是它不尴尬,你知道吗?之前做坑真的脸又红又肿,然后那个痂皮特别严重,有很多人他需要工作,他是没有办fa正常社交的,但现在这种痘坑的方式,它是用细胞可以再生,激活细胞,让你长出新的肉,仅仅只是每个坑有一个极小的痂皮,所以它的过程是非常的舒适的,不尴尬,如果你们如果时间不允许,你们就选择这种相对就是很简单,然后。过程舒适,没有特别长尴尬期的这种方式做,而且重点是包平。 #当然要记录啊[话题]# #祛痘坑[话题]# #女性创业[话题]# #周末去哪儿[话题]# #惠阳皮肤管理[话题]# #祛痘痘[话题]# #惠阳祛痘坑[话题]# #女性成长[话题]# #深圳祛痘坑[话题]# #",
208,,,963865,你还不知道吗? “祛痘印神器”—骨🪡小绿膜,咱家骨🪡小绿膜‮分成‬价绍​‎͏ 是来‮德自‬国罕见淡水‮微的‬🪡海绵 通过‮搓揉‬按压手法‮入进‬皮肤‮质角‬层 打‮皮通‬肤吸‮通收‬道 专门针对肤色暗沉、痘痘痘印、毛孔粗大、闭口‮刺粉‬等皮肤问题 做1次皮肤立竿‮影见‬的亮肤. 滑溜. 细腻 无创水光效果gai善以下 ✅闭口粉刺!痘痘 痘印 ✅肤色提亮.肤色暗沉 ✅毛孔粗大!皮肤衰老 #记录吧就现在[话题]# #祛痘印[话题]# #祛痘印痘坑[话题]# #毛孔粗大[话题]##惠阳皮肤管理[话题]# #女性创业[话题]# #如何拯救痘痘肌[话题]# #惠阳问题性皮肤管理[话题]##女性成长[话题]# #惠州祛痘[话题]#,
208,,,848524,不知道点阵和TCA危害的姐妹们看过来❗️❗️,痘痘也是分等级: 痘痘一级:只需要祛痘 痘痘二级:要祛痘+祛印 痘痘三级:要祛痘+祛印+去坑 痘痘四级:要祛痘+祛印+去坑+祛瘢痕 提醒你及早祛痘 用最少的费用找专业的祛痘机构解决当前的皮肤问题 #惠阳祛痘坑[话题]# #当然要记录啊[话题]##惠州祛痘[话题]# #女性创业[话题]# #惠阳问题性皮肤管理[话题]# #痘痘肌[话题]##点阵激光祛痘坑[话题]# #怎样祛痘坑[话题]# #TCA[话题]# #女性成长[话题]#,
208,,,1269581,惠阳祛痘|🪡清一次多少💰才合理?,一家开在写字楼里的专门祛痘店 价格不是判定技术的本身价格 价格是严格考虑后制定的. 量肤定制. 一人一方. 分区护理. #周末去哪儿[话题]# #女性创业[话题]# #惠阳皮肤管理[话题]# #如何拯救痘痘肌[话题]# #惠阳祛痘[话题]##惠阳针清[话题]##手工针清[话题]##地毯式针清[话题]# #皮肤管理[话题]# #闭口粉刺[话题]#,./images/mnt/ali-sh-1/usr/lihaitao/process_0106/image/part_92/924455/4163537.jpg
208,,,1548162,黄金微针做几次才有效果?!,"👉如果说是为了改善皮肤出油,紧致皮肤,改善细纹,提亮肤色,一般1到2次就能看到效果 👉如果是比较明显的毛孔粗大,痘印,可能就需要治疗5次到6次 👉最难处理的就是严重凹陷的痘坑,这个次数要多一些,具体要根据实际的情况,来判断,很严重的痘坑呢,我一般建议最好是结合点阵激光,或者一些微量玻尿酸的注射,或者脂肪胶填充,或者环钻技术,联合治疗,从而达到一个比较好的效果,痘坑的治疗是3次一个疗程,一般要两个疗程。 #瞿安康[话题]# #黄金微针第5代[话题]# #做几次有效果[话题]#",
208,,,1972093,无语了!到底是谁说它不能治痘坑...,"😅到底是谁在乱说黄金微针不能治痘坑啊! ✅大家都知道黄微是结合射频和微针释放能量,刺激胶原新生,达到紧致嫩肤抗衰的作用。 👍🏻作为六边形战士的它,可以改善痘痘/痘印/痘坑/毛孔/细纹/控油等问题。 ❗️它的非绝缘微z释放的能量高,能够达到微剥脱的效果,对浅痘坑(如滚轮/厢车型)改善也很大,叠加三次效果更好! 👉🏻只是冰锥型痘坑效果微乎,需要上到up点阵来改善, ✅局灶性光热作用,激光在皮肤上平均打出细微的小孔,刺激胶原和修复,作用深度在4mm,冰锥样深层痘坑简直瑞斯拜! 💯靠谱仪器+操作手法依旧是关键,有其他想要了解的可以问 #皮肤[话题]# #黄金微针射频[话题]# #痘坑[话题]# #痘痘[话题]# #医美[话题]# #变美[话题]# #毛孔粗大[话题]#",./images/mnt/ali-sh-1/usr/lihaitao/process_0106/image/part_102/1020335/4593780.jpg
208,,,941919,黑色素克星❗️纯净光美白淡斑❗️真的好猛❗️,"脸上各种斑点、色沉、小印子❗️还容易反反复复😢很闹心是不是❗️而且用护肤品改善起来还相当吃力❗️想淡化斑点印子,让脸上的皮肤快速的白净起来❗️卡预算又没有精力和时间去院子里面做光电项目的❗️这个DLUS半导体纯净光美容仪,可以安排起来❗️太牛了❗️ #美容仪[话题]##DLUS[话题]##DLUS纯净光[话题]##淡斑[话题]##家用美容仪[话题]##美容仪测评[话题]##美容仪推荐[话题]##美白仪[话题]#",
208,,,1002875,千万不要为了祛痘打黄金微针!,"因为黄金微针根本就不是用来去痘坑的...🙃但u1s1,做了三次黄金微针后,虽然痘坑真的平了不少,之前的月球表面也都平整多了,但是打完第三针后过了不到一周,就开始长囊肿😭之前也有听说过类似的打了两次之后,毛孔变大,痘坑变大成了疤痕,直接毁脸... 说白了,总结下来经验: ✅不要盲目听从大白的所谓什么多疗程,有些👨‍⚕️第一次打就900发起步,能量已经很高了,第二次第三次还哐哐往上加😅 ✅正常经过黄金微针治疗后,引发的无菌性炎症主要会在手术后的一周内集中显现。每次治疗后的针孔,在大约12小时内就能自然愈合。至于面部潮红的情况,预计会在治疗后的一周内逐渐消退。如果出现其他副作用,最长也应在两周内得到显著的恢复或消失,实在没减轻的,要及时去医院 ✅想要去痘坑的宝子可以试试艾维岚,童颜打痘坑,一般一次就能看到效果,身边的同事刚月初打过一次,下月打算打第二次 ✅黄金微针效果因人而异,满脸痘痘粉刺、皮肤有严重炎症的就建议不要做了,个人建议是先去刷酸吧,就先别碰要破皮的项目了... ❗️❗️❗️打针要擦亮眼睛,一定要找技术、💊物、审美均在线的👨‍⚕️,之前整理过各大城市的白名单,有需要的宝子留下城市,把名单发给你们,看到就回! #黄金微针射频[话题]# #黄金微针术后[话题]# #黄金微针功效[话题]# #毛孔粗大[话题]# #第五代半岛黄金微针[话题]# #黄金微针恢复期[话题]#",
208,,,1215472,"准备第三次黄金微针了,给我坚持的动力","想看看你们做的黄金微针效果,让我坚持下去#护肤分享[话题]# #点阵激光[话题]# #黄金微针射频[话题]# #皮肤护理[话题]#",./images/mnt/ali-sh-1/usr/lihaitao/process_0106/image/part_111/1112331/4982962.jpg
208,,,880760,黄金微针+皮下分离爆痘了😭,#痘坑[话题]# #黄金微针射频[话题]# #皮下分离[话题]# #痘痘[话题]# #痘痘肌[话题]# #痘痘肌肤[话题]#,
208,,,1017448,黄金微针➕点阵激光,#点阵激光[话题]# #黄金微针射频[话题]# #痘坑[话题]#,
208,,,1450998,黄金微针➕点阵激光 第五天恢复情况,"脸上的结痂还没掉,看上去黑黑的 二维码就是一个个小的结痂 红色退下去不少 这两天皮肤有点痒!! #点阵激光[话题]# #黄金微针术后[话题]# #痘坑[话题]#",
208,,,1569246,黄金微针和点阵激光应该如何选择呢,#杭州黄金微针[话题]# #黄金微针射频[话题]# #杭州点阵激光[话题]# #点阵激光[话题]# #黄金微针功效[话题]# #点阵激光祛痘坑[话题]# #痘痘肌肤[话题]# #痘坑痘印[话题]#,
208,,,944759,"黄金微针,我的皮肤小救星!","[哭惹R]脸上的痘坑超级明显,本来就是油皮容易长痘,结果爆痘期来的措不及防...导致后面我的脸上全是坑坑洼洼,一条山路十八湾了。后面用过各种护肤品,也只是把红印和痘痕减轻了,都是痘坑痘印怎么都恢复不过来。直接让我不敢与人直视了! · [皱眉R]后面了解到黄金微针可以刺激肌底胶原蛋白再生,有皮肤再组织修复的功能。决定去试一下。我联系到的是武汉市第三医院的黎媛医生。不管大手术小手术还是找公立大医院做比较靠谱,而且黎医生在网上的口碑也非常不错。 · [赞R]现在已经做了三次了。最近一次用的仪器是五代半岛,没有之前做的那么疼了!(怎么不早点出来,之前真的很痛)但是疼痛也是值得的,是真的很有效果。每一次都能清晰的感受到痘坑的减淡,而且皮肤也变得细腻,出油情况也很少发生,现在化妆基本都不卡粉!,直接改变了我的肤质~ · [放大镜R]黎医生之前根据我的情况是安排了三次微针为一个疗程,但是看到效果后我还是打算再多做一两次。是真的很值得,也很幸运了解到了黄金微针。 #黄金微针射频[话题]# #武汉黄金微针[话题]##武汉热门医生[话题]# #武汉第三医院黎媛[话题]# #变美[话题]# #痘痘[话题]# #痘痕[话题]# #痘印[话题]#",
208,,,880060,"痘坑修复,黄金微针➕点阵,疼,但真的值!","我一直想修复面部的痘坑,咨询了好多家机构,面诊了好多医生。 最终选定靠谱的大白确定了方案:三次点阵(剥脱)➕2次黄金微针(五代),历时一年半。 终于,看到了不错的反馈。 中间无数次想放弃,觉得没效果,大白一直安抚我的情绪,鼓励我做下去,说中途放弃最可惜! 还好我坚持下来了。 疼是真的疼,但效果我是满意的! #痘坑修复[话题]# #痘印痘坑[话题]# #皮肤粗糙[话题]# #黄金微针射频[话题]# #剥脱点阵[话题]# #昆明[话题]# #昆明卓星[话题]# #毛孔粗大[话题]# #皮肤管理[话题]# #保养[话题]#",
208,,,1111598,痘坑不严重 除了点阵可以考虑黄金微针?,#黄金微针射频[话题]# #八大处激光[话题]# #八大处祁珺[话题]# #点阵激光[话题]# #点阵激光祛痘坑[话题]# #痘坑[话题]# #痘印[话题]# #黄金微针功效[话题]#,
502,female,23-25,1498565,有点不想谈了...我不知道该怎么说,"在这聊天图片前, 我们最近都挺忙的,然后他说他课好多好累,刚好我说想出去附近吃好吃的,他就说那一起出去放松一下,晚上在外面睡吧,好久没色色了啥的,正好释放一下压力。可是我听了感觉心里有些不舒服,难道要做那些事来释放压力吗? 但是我还是答应他了。 吃完饭分开之后,他又给我发信息(图一),说累考试复习不过来,我就来了一嘴不出去玩了,他就不爽了说我出尔反尔...后面我跟他实话实说,他回复也挺敷衍的...难道出去过夜一定要做那个吗...我不知道为啥,我真有点不想...而且大姨妈也是快要来了...好累啊... 其实我感觉我跟他一些想法有些不合适...但是有时候也是避免吵架,他也说懒得跟我吵(在一次九月份大矛盾之后,我们就很少吵,有时候是以开玩笑的形式来结束话题) 可是感觉分开又会舍不得...好烦啊... 谁能给我出出意见 #恋爱指导[话题]# 后面三张是我刚才跟他讲的,我觉得他不尊重我,他一开始都不理解我说的,很无语,后面他说是他的问题...就没下文了...我不知道该怎么说了",./images/mnt/ali-sh-1/usr/lihaitao/process_0106/image/part_79/797776/3580552.jpg|./images/mnt/ali-sh-1/usr/lihaitao/process_0106/image/part_79/797776/3580553.jpg|./images/mnt/ali-sh-1/usr/lihaitao/process_0106/image/part_79/797776/3580554.jpg|./images/mnt/ali-sh-1/usr/lihaitao/process_0106/image/part_79/797776/3580555.jpg|./images/mnt/ali-sh-1/usr/lihaitao/process_0106/image/part_79/797776/3580556.jpg
502,female,23-25,1119477,素颜素颜,#漫画[话题]#,
502,female,23-25,1569874,"猜猜哪一张读研前哪一张读研后,两张差20斤",#研究生日常[话题]# #天真蓝[话题]# #海马体[话题]# #证件照[话题]#,
502,female,23-25,1617018,"不带标题,看看有多少认得出是谁",None,
502,female,23-25,1609504,nan,关晓彤有一张照片特别美特别韩系是坐在椅子上类似于室外咖啡馆的照片 谁有[哭惹R][哭惹R][哭惹R]特别惊艳,
502,female,23-25,1454350,说一句我是Neva Hu死忠粉不过分吧?!,"质量、版型、风格、价格全都在我的舒适区内[笑哭R] 当脑子里有“买衣服”这个想法,第一时间就是打开淘宝搜neva新品,只要能把自己塞进去的款,统统都拿下[派对R]好爽!!!!!! 太喜欢了!只是推荐给身边朋友们远远不够!要推荐给所有能看见的小红书姐妹[飞吻R] #NEVAHU[话题]# #NEVAHU穿搭[话题]# @NEVA HU #穿搭[话题]# #极简穿搭[话题]# #极简美学[话题]#",
502,female,23-25,893819,真实购买|🍑女装版型很好的店铺,"本人,174cm,52 ~57kg,体重随季节变化。 常年回购的店铺[赞R] 这个是按喜爱度排名的,主打版型很好。 质量有的可以能对得起价格,这个并不绝对。[赞R] 不过单从版型来看对得起价格的🍑店铺。 1️⃣SUNONEONE 她们家裤子版型绝了,合适🍐身材。 特别修饰腿型。 2️⃣NEVA HU 她们家打底和皮衣版型绝了。很有设计感。 3️⃣Liilou 她们家质量也很稳定,版型也真的棒。 对身材包容性强,怀宝宝🍼7个月的时候,可以穿她们家的L号。 4️⃣左佳琪 她们家得挑,比较合适一身入。就是根据她们家的图,上半身下半身内搭都买。 单独买一件,觉得不是特别百搭。 5️⃣区区欧阳 她们家总有明星单品,买销量最好的,一定没错。 #有质感的女装店铺[话题]# #分享店铺[话题]# #私藏店铺[话题]# #宝藏店铺[话题]#",
502,female,23-25,1477940,NEVA HU|这期真的好好看!,9.5 20:00🆕 #漂亮衣服都在这里[话题]# #晒晒我的购物车[话题]# #穿搭合集[话题]# #私藏店铺[话题]# #时髦单品[话题]# #穿搭[话题]# #秋季穿搭[话题]#,
502,female,23-25,1972429,🛒电商打工人购物57.0|拒绝❌无效购物,三月购物总结。 绿色无广自用~ [清单R]NEVA HU方领短袖 [清单R]3ce 芋泥盘 [清单R]维密内衣 [清单R]元气达人泡脚包 [清单R]苏宁易购电动红酒开瓶器 姐妹们理性种草 快乐购物[玫瑰R] #我的好物清单[话题]# #日用品分享[话题]# #爱用物分享[话题]# #福子的狂买日记[话题]# #购物车分享[话题]# #购物分享[话题]# #养生日常[话题]# #眼影[话题]# #宝宝辅食[话题]# #每日穿搭[话题]#,
502,female,23-25,1058736,购物分享|她热 neva hu 瑞秋裙对比,"之前看竹子视频就种草的瑞秋裙,刚好neva hu也出了类似款,在她家买到的裙子版型质量都不错,这次就都拍了。 到手首先调色上我更喜欢她热的颜色,印象中也更接近瑞秋那条,neva感觉是深灰色,比较保守。 面料上,neva比她热厚一点,垂坠感更好。具体面料成分放在图6。 版型上,自我感觉neva是直身修身,她热是掐腰修身,或许正是因为版型想要呈现的效果不同,所以选择了不同材质的面料。 图4两条叠在一起能看到版型长度对比,neva快到我膝盖,她热在大腿下部。 综合下来,neva是一条比普通西装裙要有趣一点的西装裙,如果想穿瑞秋裙这个款式,但不希望太过修身,建议买neva;如果想更接近瑞秋裙,上身想要更性感俏皮一点的效果,建议买她热。 最终决定选她热,但xs码对现在的我来说有点太紧了,准备重新拍s码。 #瑞秋裙[话题]# #瑞秋穿搭[话题]# #她热[话题]# #nevahu[话题]# #NEVAHU[话题]# #购物分享[话题]# #购物开箱[话题]#",./images/mnt/ali-sh-1/usr/lihaitao/process_0106/image/part_91/913531/4115111.jpg|./images/mnt/ali-sh-1/usr/lihaitao/process_0106/image/part_91/913531/4115112.jpg|./images/mnt/ali-sh-1/usr/lihaitao/process_0106/image/part_91/913531/4115113.jpg|./images/mnt/ali-sh-1/usr/lihaitao/process_0106/image/part_91/913531/4115114.jpg|./images/mnt/ali-sh-1/usr/lihaitao/process_0106/image/part_91/913531/4115115.jpg|./images/mnt/ali-sh-1/usr/lihaitao/process_0106/image/part_91/913531/4115116.jpg
502,female,23-25,1132156,没想到现在200+还能在网红店买到大衣,第一次买胡艺杋的衣服 确实给了我很大的惊喜 主打欧美简约风 版型深得我心 搞得好像接了他家广子哈哈哈哈#高个子穿搭[话题]# #大衣穿搭[话题]# #网红女装测评[话题]# #显瘦穿搭[话题]#,
502,female,23-25,1381307,有人对neva hu这家内搭感兴趣吗?,"感觉搜内搭还蛮多推荐这家的,先买了几件准备试试,感兴趣的人多的话周末拍个测评? 超普通身材,160,56kg,有小肚子hhhh #服饰穿搭[话题]#",
502,female,23-25,1327938,nan,"这么一看,他俩全套装备都换掉了,最后退出的是蓝色箱子?",
502,female,23-25,1093208,用了几十瓶洗发水后决定回购的,"油头 细软塌 这9瓶,你们随便用,有一瓶不好用来找我算账,狠狠骂死我!!!!",
502,female,23-25,973045,俩主理人大打出手的原因是?,Milkshot最近准备出一款藏青色拉链卫衣 需要在两款刺绣图案之间2️⃣选1️⃣ 头大 真快吵起来了 有热心肠的朋友快来帮我们选一选哪款刺绣更好看 我们再抽一位朋友送一件我们长袖T作为我们的一点小心意❤️ ps: 预告一下这款【藏青拉链卫衣】冬天来了 内里做了加绒 还配套一条【直筒卫裤 】套装的搭配很casual~ 近期会上架 可以期待一下咯😆 #Milkshot[话题]# #卫衣套装[话题]# #我的运动日常[话题]# #城市里最后的牛仔[话题]# #绝对色感[话题]# #newvintage[话题]# #enfp[话题]# #松弛感[话题]# #刺绣图案2选1[PK]#,./images/mnt/ali-sh-1/usr/lihaitao/process_0106/image/part_71/717311/3194914.jpg|./images/mnt/ali-sh-1/usr/lihaitao/process_0106/image/part_71/717311/3194915.jpg
502,female,23-25,1072588,我在家唯一的使用大权......,"就是我可以同时开四瓶洗发水来回换着用!也可以同时开四管牙膏,父母不会管我,还会问我哪个好用哈哈哈哈 #洗发水[话题]##日常好物[话题]##日常生活[话题]##牙膏[话题]##从头爱自己[话题]#",./images/mnt/ali-sh-1/usr/lihaitao/process_0106/image/part_82/823380/3705690.jpg
502,female,23-25,1266155,30+有点小钱的女生双11必买小众贵价洗发水,资生堂家的美发线💇🏻‍♀️ 我从大学开始就用到现在 包括很多美发沙龙的护理用的也是用的资生堂生机洗发水 国际顶尖个护美妆集团研发加持 它的实力我就从来没怀疑过 年纪上来后越来越重视头皮的养护 最近痴迷于这瓶生机洗发水 用护肤的里面来做护发 真是有点东西 头发被越养越好!! - 其实像出油、毛躁干枯容易断裂 这些问题跟我们的头皮健康是息息相关的 随着工作压力的增大 我也发现近两年头发越来越容易出油 还经常一洗掉一大把 看起来也没有那么有光泽了 这款主打中西合璧吸引住了我 护肤级别的头皮养护+养发配方📝 从头皮开始解决头发问题 还有水杨酸、烟酰胺等明星控油抗氧成分 深层清洁头皮、调节头皮环境的水油平衡 再运用了资生堂的发丝净创技术 通过应用离子导入技术 能够很好的把让头发变粗糙的元凶Ca2+去除 还能防止它再次吸附 内护外域的双重保护修护科技 调理健康的头皮环境 一头秀发真是手拿把掐🤏了!! - 挤出来是透明啫喱质地 徒手就能揉搓出丰富的泡泡 味道非常清新淡雅 前调是清爽的甜橙和苹果香 紧接着就是茉莉和柠檬草的清新淡雅 后调是温暖的麝香🪵 让人很放松 每次洗头发就像自己在家做了个高级沙龙护理 一整天的疲惫感都洗掉了 吹干后感觉人都轻了 感觉整个头皮都呼吸 非常蓬松轻盈 看起来发量都多了 不仅蓬松 顺滑感也是没得说 用了大半瓶 肉眼可见头发越来越顺滑有光泽 发缝都没有那么明显了 我妈妈都夸最近头发护理得很不错 果然咱们亚洲人还是得选择 专门为亚洲人研发的洗发水!! 双十一的必囤清单➕1~ 有点小钱的姐妹拿下它! - #资生堂[话题]# #资生堂生机洗发水[话题]# #洗发水[话题]#…,./images/mnt/ali-sh-1/usr/lihaitao/process_0106/image/part_88/880558/3972687.jpg|./images/mnt/ali-sh-1/usr/lihaitao/process_0106/image/part_88/880558/3972688.jpg|./images/mnt/ali-sh-1/usr/lihaitao/process_0106/image/part_88/880558/3972689.jpg|./images/mnt/ali-sh-1/usr/lihaitao/process_0106/image/part_88/880558/3972690.jpg|./images/mnt/ali-sh-1/usr/lihaitao/process_0106/image/part_88/880558/3972691.jpg|./images/mnt/ali-sh-1/usr/lihaitao/process_0106/image/part_88/880558/3972692.jpg|./images/mnt/ali-sh-1/usr/lihaitao/process_0106/image/part_88/880558/3972693.jpg
502,female,23-25,1929116,无限回购!4瓶让发根素颜站立的贵价洗发水,"其实之前就说过: 养好头发才是一眼氛围感美女的关键 这些年各种大牌小众洗发水试了不少 不得不说,有些确实贵有贵的道理 分享四瓶我很爱的洗发水 能同时搞定头顶蓬松和发丝顺滑 用过真的再也不想换!! List: 资生堂生机洗发水 卡诗黑钻洗发水 欧莱雅pro瞬顺洗发水 馥绿德雅小白珠洗发水 #头发护理分享[话题]# #洗发水[话题]# #好用洗发水[话题]# #贵价洗发水[话题]# #洗护推荐[话题]# #护发养发[话题]# #氛围感美女[话题]# #资生堂生机洗发水[话题]# #卡诗黑钻洗发水[话题]# #欧莱雅pro瞬顺洗发水[话题]# #馥绿德雅小白珠洗发水[话题]#",./images/mnt/ali-sh-1/usr/lihaitao/process_0106/image/part_96/960070/4328820.jpg|./images/mnt/ali-sh-1/usr/lihaitao/process_0106/image/part_96/960070/4328821.jpg|./images/mnt/ali-sh-1/usr/lihaitao/process_0106/image/part_96/960070/4328822.jpg|./images/mnt/ali-sh-1/usr/lihaitao/process_0106/image/part_96/960070/4328823.jpg
502,female,23-25,852943,中性细软发质 求洗发水推荐啊!!!,"刷到很多都是在讲一些去屑止痒防脱啊,跟风买的洗发水也是越洗越油,中性发质真的太难了... #洗发水[话题]# #洗发水推荐[话题]# #好用洗发水[话题]# #洗发水分享[话题]# #中性发质[话题]# #细软塌[话题]#",./images/mnt/ali-sh-1/usr/lihaitao/process_0106/image/part_75/754335/3380812.jpg
502,female,23-25,1315509,我把头发养的特别好,#spes多肽控油瓶[话题]# #洗发水推荐[话题]##spes[话题]# #spes洗发水[话题]# #伊索洗发水[话题]# #offrelax洗发水[话题]# #davines大卫尼斯[话题]# #noah洗发水[话题]# #myorganics洗发水[话题]# #护发心得分享[话题]#,./images/mnt/ali-sh-1/usr/lihaitao/process_0106/image/part_98/981318/4420192.jpg|./images/mnt/ali-sh-1/usr/lihaitao/process_0106/image/part_98/981318/4420193.jpg|./images/mnt/ali-sh-1/usr/lihaitao/process_0106/image/part_98/981318/4420194.jpg|./images/mnt/ali-sh-1/usr/lihaitao/process_0106/image/part_98/981318/4420195.jpg|./images/mnt/ali-sh-1/usr/lihaitao/process_0106/image/part_98/981318/4420196.jpg|./images/mnt/ali-sh-1/usr/lihaitao/process_0106/image/part_98/981318/4420197.jpg|./images/mnt/ali-sh-1/usr/lihaitao/process_0106/image/part_98/981318/4420198.jpg
523,female,19-22,1606041,避雷Oppo中华广场店,"17号上午去参加会员日,因为没体验到服务所以在大众点评写✍🏻了这条评价,并给了3星⭐中肯评价。点知商家就破防咯。在后台申诉我。并给出图五同图六所谓嘅证据。商家连我几时去体验活动都唔知就话我系18号参加活动,认真搞笑。当时门店一台FindX8样机都没,有的系一加手机。一加手机有个型号和FindX8好相似。商家在挣大眼睛讲盲话。有时间搞背后申诉逼人改评价,不如用呢啲时间培训下啲员工服务态度同质量啦,入到去一问三不知。卖乜鬼手机📱?卖厕所纸好过啦。@OPPO",./images/mnt/ali-sh-1/usr/lihaitao/process_0106/image/part_105/1055560/4741845.jpg|./images/mnt/ali-sh-1/usr/lihaitao/process_0106/image/part_105/1055560/4741846.jpg|./images/mnt/ali-sh-1/usr/lihaitao/process_0106/image/part_105/1055560/4741847.jpg|./images/mnt/ali-sh-1/usr/lihaitao/process_0106/image/part_105/1055560/4741848.jpg|./images/mnt/ali-sh-1/usr/lihaitao/process_0106/image/part_105/1055560/4741849.jpg|./images/mnt/ali-sh-1/usr/lihaitao/process_0106/image/part_105/1055560/4741850.jpg
523,female,19-22,1005627,nan,"避雷Oppo中华广场店后续,就因为商家的申诉被驳回。结果Oppo客服就日日打电话嚟骚扰我。食饭又打、中午训觉时间又打。真系有病兼有毒。[生气R]",./images/mnt/ali-sh-1/usr/lihaitao/process_0106/image/part_103/1031363/4640307.jpg|./images/mnt/ali-sh-1/usr/lihaitao/process_0106/image/part_103/1031363/4640308.jpg
523,female,19-22,1090205,已经被大老板打包带走了,"来个大老板们,把这张打包带走[暗中观察R][暗中观察R]估计是遭跑单了,原价2160的,现在2000带走[笑哭R][笑哭R] 一共是80个玩偶",
523,female,19-22,1383205,简笔画,#画画分享[话题]#,./images/mnt/ali-sh-1/usr/lihaitao/process_0106/image/part_102/1025652/4616176.jpg|./images/mnt/ali-sh-1/usr/lihaitao/process_0106/image/part_102/1025652/4616177.jpg|./images/mnt/ali-sh-1/usr/lihaitao/process_0106/image/part_102/1025652/4616178.jpg|./images/mnt/ali-sh-1/usr/lihaitao/process_0106/image/part_102/1025652/4616179.jpg
523,female,19-22,1098180,nan,我脸上的雅诗兰黛 嘴上的TF 手上的苹果 身上的大地香水 是我每天累的像狗一样赚来的 你一句“我爱你” 你算个Der啊 #文案[话题]# #热门[话题]# #抽象[话题]#,./images/mnt/ali-sh-1/usr/lihaitao/process_0106/image/part_108/1082081/4857129.jpg
523,female,19-22,892871,"等我结婚,也要这样发婚礼邀请🤩🤩",婚礼邀请这样发真的太特别啦~ 好看不俗气!!️ #婚礼邀请[话题]# #备婚攻略[话题]# #婚礼请柬[话题]# #婚礼文案[话题]# #婚礼朋友圈文案[话题]# #婚礼[话题]# #我的走心婚礼[话题]#,
523,female,19-22,882880,"订单➖1,下一波继续~","奶油圣诞老人,干了一单又一单...#笔记灵感[话题]# #忙忙碌碌一天又一天[话题]# #钩针[话题]# #手工钩织[话题]# #主打一个用心[话题]# #忙忙碌碌的日子[话题]# #钩针小物[话题]# #忙碌并快乐着[话题]# #实物更好看[话题]# #钩针[话题]#",
523,female,19-22,1633522,圣诞小可爱 挂件 图解,"总会有人爱你[飞吻R],在特殊的日子给你准备小惊喜[烟花R][烟花R][烟花R][烟花R]#圣诞老人[话题]# #圣诞节给自己的仪式感[话题]# [买爆R][买爆R][买爆R]#可爱挂件[话题]# #钩针挂件[话题]# ##钩针玩偶[话题]#",./images/mnt/ali-sh-1/usr/lihaitao/process_0106/image/part_75/759242/3402657.jpg|./images/mnt/ali-sh-1/usr/lihaitao/process_0106/image/part_75/759242/3402658.jpg
523,female,19-22,916456,摆家里不注意看👀真的很像是真的,手工艺术品#纯手工钩织[话题]# #生活美学[话题]# #实物比照片好看[话题]#,./images/mnt/ali-sh-1/usr/lihaitao/process_0106/image/part_91/919513/4141653.jpg|./images/mnt/ali-sh-1/usr/lihaitao/process_0106/image/part_91/919513/4141654.jpg|./images/mnt/ali-sh-1/usr/lihaitao/process_0106/image/part_91/919513/4141655.jpg|./images/mnt/ali-sh-1/usr/lihaitao/process_0106/image/part_91/919513/4141656.jpg|./images/mnt/ali-sh-1/usr/lihaitao/process_0106/image/part_91/919513/4141657.jpg|./images/mnt/ali-sh-1/usr/lihaitao/process_0106/image/part_91/919513/4141658.jpg|./images/mnt/ali-sh-1/usr/lihaitao/process_0106/image/part_91/919513/4141659.jpg|./images/mnt/ali-sh-1/usr/lihaitao/process_0106/image/part_91/919513/4141660.jpg
523,female,19-22,1133496,半夜陪同学去医院并帮付钱可同学少付给我,"半夜陪大学同学去医院,因为我们毕业后已经不住在一起了,她说去医院想要有人陪我就打车过去了,去了她也没钱付,帮她付了,但第二天给少了我0.06怎么办,给她付了一千多,可今天把后面小数点后抹零。不是钱的问题,但感觉很膈应是我的问题吗?要和她说嘛?",
523,female,19-22,1406988,小号手捧花 附图解|挑战100个钩织(17),"大号做完做小号,也是非常好看的嘞 可搭配颜色非常多,饱和度低的颜色搭配起来贼好看 一起做起来吧[派对R][派对R] 主体: R1: 6X R2: 6V R3: 6 (X, V) R4: 6 (2X, V) R5: 6 (3X, V) R6: 2X,V, 5(4X,V), 2X R7:远离身体的外半针钩 36X R8 ~ R12: 36X R13: 6 (4X, A) R14: 6 (3X, A) R15:12A,塞棉花 R16: 6A R17: 6 (3F) R18 ~R20: 18X 花边: R1:在R7的另外半针36X R2:外半针3F,内半针3F,循环 花朵: 6ch,倒2钩X,V,3W 叶子: 环起3X,sl,3(3ch,在倒2钩X,T下个sl) 蝴蝶结绑带:55ch(长度可自行调整) #迷你花束[话题]# #钩针花束[话题]# #浪漫小花束[话题]# #一束不凋零的花[话题]#",
523,female,19-22,1193423,"爸爸姓温,妈妈姓温,娃该叫啥?",#在线取名字[话题]# #起名字[话题]# #求起名[话题]# #孩子取名[话题]# #姓氏取名[话题]#,
523,female,19-22,1459252,小羊,库存#钩针玩偶[话题]# #小羊[话题]# #我的手工日常[话题]#,
523,female,19-22,1260338,看到这一幕 真的是心痛!,我也经历过那个时候 只有经历过的人才知道那个滋味儿 姐妹 加油 熬过了这个阶段就好了[拥抱R][拥抱R][拥抱R],
523,female,19-22,1532374,新茶冰箱贴到店!,"高,实在是高,太太太太高雅了 #霸王茶姬高区九龙汇店[话题]# #山东大学威海校区[话题]# #哈尔滨工业大学威海[话题]#",./images/mnt/ali-sh-1/usr/lihaitao/process_0106/image/part_112/1120317/5016572.jpg|./images/mnt/ali-sh-1/usr/lihaitao/process_0106/image/part_112/1120317/5016573.jpg|./images/mnt/ali-sh-1/usr/lihaitao/process_0106/image/part_112/1120317/5016574.jpg|./images/mnt/ali-sh-1/usr/lihaitao/process_0106/image/part_112/1120317/5016575.jpg|./images/mnt/ali-sh-1/usr/lihaitao/process_0106/image/part_112/1120317/5016576.jpg|./images/mnt/ali-sh-1/usr/lihaitao/process_0106/image/part_112/1120317/5016577.jpg|./images/mnt/ali-sh-1/usr/lihaitao/process_0106/image/part_112/1120317/5016578.jpg
523,female,19-22,1064205,姬姐鲨疯了!油画新皮肤!是金色麦田啊☀🌾,"姬姐的创意没有瓶颈期吗???😅 新品杯子、杯袋的油画风格好好看 一整个“麦田里的守望者”🌾 味道方面!喜欢荞麦茶的有福了 每一口都带着秋冬里的暖意 初是浓浓麦香,回味带谷物米香🍚 🖼还有金色麦浪款冰箱贴、明信片周边! 📝快提前抄作业!领限量周边 ⏰上线时间:11月29日起 1⃣单杯:神秘新品大杯得明信片 2⃣双杯:神秘新品双大杯得冰箱贴盲袋 幸好重庆马上就要有啦! 已经迫不及待想喝上一口了...🥹 #重庆同城[话题]# #重庆拍照[话题]# #周末去哪儿[话题]##不辜负每个周末[话题]# #蒲公英优质笔记激励计划2.0[话题]# #霸王茶姬神秘新品[话题]# #霸王茶姬新品[话题]##CHAGEETOGETHER[话题]##霸王茶姬重庆[话题]#",./images/mnt/ali-sh-1/usr/lihaitao/process_0106/image/part_61/611298/2688518.jpg|./images/mnt/ali-sh-1/usr/lihaitao/process_0106/image/part_61/611298/2688519.jpg|./images/mnt/ali-sh-1/usr/lihaitao/process_0106/image/part_61/611298/2688520.jpg|./images/mnt/ali-sh-1/usr/lihaitao/process_0106/image/part_61/611298/2688521.jpg|./images/mnt/ali-sh-1/usr/lihaitao/process_0106/image/part_61/611298/2688522.jpg|./images/mnt/ali-sh-1/usr/lihaitao/process_0106/image/part_61/611298/2688523.jpg|./images/mnt/ali-sh-1/usr/lihaitao/process_0106/image/part_61/611298/2688524.jpg|./images/mnt/ali-sh-1/usr/lihaitao/process_0106/image/part_61/611298/2688525.jpg
523,female,19-22,1928742,笑喷!婚姻给男人带来了什么?老公们的衣柜,"在家庭的衣橱世界里,存在着一种奇妙的对比。老婆的衣柜往往是色彩斑斓、井井有条,各种款式的衣物琳琅满目。然而,当视线转向老公的衣柜,那可能是另一番“惨象”。这种差别令人忍俊不禁,也让我们好奇,这背后究竟隐藏着什么。#婚姻[话题]# #老公[话题]# #搞笑[话题]# #搞笑的日常[话题]# #老公的衣柜[话题]#",./images/mnt/ali-sh-1/usr/lihaitao/process_0106/image/part_95/952536/4296371.jpg|./images/mnt/ali-sh-1/usr/lihaitao/process_0106/image/part_95/952536/4296372.jpg|./images/mnt/ali-sh-1/usr/lihaitao/process_0106/image/part_95/952536/4296373.jpg|./images/mnt/ali-sh-1/usr/lihaitao/process_0106/image/part_95/952536/4296374.jpg|./images/mnt/ali-sh-1/usr/lihaitao/process_0106/image/part_95/952536/4296375.jpg|./images/mnt/ali-sh-1/usr/lihaitao/process_0106/image/part_95/952536/4296376.jpg|./images/mnt/ali-sh-1/usr/lihaitao/process_0106/image/part_95/952536/4296377.jpg|./images/mnt/ali-sh-1/usr/lihaitao/process_0106/image/part_95/952536/4296378.jpg
523,female,19-22,1020659,晴山栖谷好喝!,#晴山栖谷[话题]# #霸王茶姬新品[话题]# #霸王茶姬晴山栖谷[话题]# 好喝好喝,./images/mnt/ali-sh-1/usr/lihaitao/process_0106/image/part_73/734185/3290381.jpg
523,female,19-22,1400302,不好意思🌾姬姐又要上新了🙋🏻‍♀️,"风吹田野谷物香 热茶冬日暖洋洋 🌾神秘新品,11月29日即将见面~ 👀茶友们大家能猜出新品的茶底吗? 🔍线索提示:谷物香 暖洋洋 ﻿#霸王茶姬神秘新品[话题]#﻿ ﻿#霸王茶姬北京[话题]#﻿ ﻿#霸王茶姬新品[话题]#﻿ ﻿#CHAGEETOGETHER[话题]#﻿ ﻿#以东方茶会世界友[话题]#﻿ ﻿#Havea谷Day[话题]#﻿",./images/mnt/ali-sh-1/usr/lihaitao/process_0106/image/part_96/965007/4350290.jpg
523,female,19-22,882122,出闲置花束包装材料,None,
576,female,19-22,1429209,只有广东小孩才懂省实的含金量🥹,"百年校庆拖着家属回高中,见到了很多以前的同学,母校也大翻新了,希望大家都越来越好! 今天、明天我都以省实为荣[烟花R] #高中[话题]# #省实百年校庆[话题]# #高中的朋友会是一辈子朋友[话题]#",./images/mnt/ali-sh-1/usr/lihaitao/process_0106/image/part_111/1111296/4978954.jpg|./images/mnt/ali-sh-1/usr/lihaitao/process_0106/image/part_111/1111296/4978955.jpg|./images/mnt/ali-sh-1/usr/lihaitao/process_0106/image/part_111/1111296/4978956.jpg|./images/mnt/ali-sh-1/usr/lihaitao/process_0106/image/part_111/1111296/4978957.jpg|./images/mnt/ali-sh-1/usr/lihaitao/process_0106/image/part_111/1111296/4978958.jpg|./images/mnt/ali-sh-1/usr/lihaitao/process_0106/image/part_111/1111296/4978959.jpg|./images/mnt/ali-sh-1/usr/lihaitao/process_0106/image/part_111/1111296/4978960.jpg|./images/mnt/ali-sh-1/usr/lihaitao/process_0106/image/part_111/1111296/4978961.jpg
576,female,19-22,852554,到底有没有适合胖子穿的蛋糕裙啊,看别人穿春田的蛋糕裙都那么显瘦 为什么买回来是这样[哭惹R][哭惹R][哭惹R]#蛋糕裙[话题]# #胖子穿搭[话题]# #145斤穿搭[话题]#,
576,female,19-22,841539,去吧丢丢,#无畏契约[话题]#,
576,female,19-22,1684180,不是我说有些睿智无敌了,之前只是单纯看卡卡觉得她长得很可爱 关注但是也没怎么帮她说过话 有些蠢猪的无敌发帖整得人逆反了 整天鸡毛蒜皮的小事拿出来抠字眼黑人家 这是生活过得有多不幸啊 #sk卡卡[话题]#,./images/mnt/ali-sh-1/usr/lihaitao/process_0106/image/part_55/556541/2414580.jpg
576,female,19-22,1040821,主祭者通了现在才是大全皮!!,#永劫无间[话题]#,
576,female,19-22,1022025,有没有情侣车,平时都是我跟男朋友一起打 有没有情侣一起嘟 每天晚上都会打 我段位黄金3 我对象陪我打的小号 他的实力超凡神话 最近有在变成黄金本地人 能一起打的有么#无畏契约[话题]#,./images/mnt/ali-sh-1/usr/lihaitao/process_0106/image/part_111/1116068/4999224.jpg
576,female,19-22,1942819,求老师画画,有没有白菜老师约qq人!!!#约稿[话题]# #画画接稿[话题]# #双人互动[话题]#,./images/mnt/ali-sh-1/usr/lihaitao/process_0106/image/part_58/587741/2580019.jpg
576,female,19-22,1604498,海贼女孩仰天狂笑!!,太棒了太棒了 没有翻车!完美复刻的草帽蛋糕[派对R][派对R] #海贼王[话题]# #像路飞一样永远保持热爱[话题]# #花桥生日蛋糕[话题]#,
576,female,19-22,1203531,钓系拉扯文案,#无风格小众文案[话题]# #自由随性的小众文案[话题]# #撩人情话[话题]# #情话[话题]# #文案[话题]# #分享文案[话题]# #爱情使人盲目[话题]# #爱是长觉亏欠[话题]# #我的日常[话题]# #日常生活碎片[话题]#,./images/mnt/ali-sh-1/usr/lihaitao/process_0106/image/part_60/602782/2648773.jpg|./images/mnt/ali-sh-1/usr/lihaitao/process_0106/image/part_60/602782/2648774.jpg
576,female,19-22,1291131,"学了三年建模,已老实。。。。",#zbrush雕刻[话题]# + #blender[话题]#,
576,female,19-22,1575208,【永劫无间国际服】捏脸终于不用愁啦,"打永劫一年多,实在是太需要漂亮的捏脸了[哭惹R]奈何国服的码一律不通用[失望R]好多亲友和我都有一样的问题[失望R][失望R][失望R] 于是!我决定做这个搬运小站🫶🏻,让大家打架之余也要美美的[派对R][派对R][派对R] 👉🏻无偿! 👉🏻不会二改!搬运改动了哪里会说明! 👉🏻提前问过授权了发作品都会@原创老师! 👉🏻染发和穿搭也会发,毕竟是永劫暖暖[自拍R][自拍R][自拍R] 问问小宝们想要谁的脸呀➕我哟持续获取最新捏脸 #永劫无间[话题]# #永劫无间欧服[话题]# #永劫无间美服[话题]# #永劫无间亚服[话题]# #永劫无间捏脸[话题]# #永劫无间国际服捏脸[话题]#",./images/mnt/ali-sh-1/usr/lihaitao/process_0106/image/part_74/745008/3339864.jpg
576,female,19-22,1698895,爹:今天这杆咋这么重呢?,"宝宝:爹,放心,我用右腮加持呢 #可爱萌娃[话题]# #萌娃[话题]# #不厚道的笑了[话题]# #爷们儿要战斗[话题]# #治愈[话题]# #画美好[话题]# #人类幼崽可以多可爱[话题]# #爸爸带娃[话题]# 素材来源:@可爱的可呀 [抱拳R][抱拳R][抱拳R][玫瑰R][玫瑰R][玫瑰R]",./images/mnt/ali-sh-1/usr/lihaitao/process_0106/image/part_103/1039447/4674493.jpg|./images/mnt/ali-sh-1/usr/lihaitao/process_0106/image/part_103/1039447/4674494.jpg|./images/mnt/ali-sh-1/usr/lihaitao/process_0106/image/part_103/1039447/4674495.jpg
576,female,19-22,1539487,广州海贼王快闪代🐶,#海贼王[话题]# #正佳广场[话题]#,
576,female,19-22,1399099,胡桃原始皮,#永劫无间[话题]# #胡桃[话题]#,
576,female,19-22,1231424,你有什么咪😺,离离原上咪[赞R] 一岁一喵咪[蹲后续H] 野火哈基米[色色R] 春风吹又咪[抠鼻R] #镜头下的猫猫[话题]# #小红书宠物cruash[话题]# #人类啊爱我吧[话题]# #宠爱有家守护我[话题]# #流浪猫[话题]# #胖猫[话题]# #橘猫[话题]# #校园猫[话题]# #宠物[话题]#,
576,female,19-22,1431151,路飞是世界上最难画的生物。,画不出来路飞那味儿......差些分毫就会变成痴傻的孩子 #路飞[话题]# #索隆[话题]##乔巴[话题]# #山治[话题]# #乌索普[话题]# #娜美[话题]# #妮可罗宾[话题]# #弗兰奇[话题]# #布鲁克[话题]#,
576,female,19-22,1484831,抓到一个不爱睡觉的小屁孩~,#甜妹统冶世界[话题]# #朦胧感滤镜[话题]# #假装自己是个甜妹[话题]# #谁用谁好看的滤镜[话题]# #我也想当甜妹啦[话题]# #浅浅的露个脸叭[话题]# #甜妹拍照[话题]# #那就可爱一下吧[话题]#,
576,female,19-22,1497051,一张,#解锁新妆容[话题]# #日常妆容打卡[话题]# #妆前妆后反差[话题]# #亚裔辣妹妆[话题]# #妆容分享[话题]# #撸个妆[话题]# #轻烟熏妆容[话题]# #今日妆容[话题]# #这也太好看了吧[话题]# #bbw女孩[话题]#,
576,female,19-22,1520042,永劫无间猛妹(bushi),"#打游戏[话题]# #永劫无间[话题]# #永劫无间找队友[话题]# ̄(◉‿◉)/ ̄玛格蛋,我三排3800菜🐶,给你5块钱和我玩玩啊",./images/mnt/ali-sh-1/usr/lihaitao/process_0106/image/part_86/868872/3910403.jpg
576,female,19-22,1297019,"动漫角色3D﻿建模,猜猜他是谁!","这算是我自己的一个角色练习,也是第一次做男性角色,这是很久以前的一个动漫角色,可能做得不太像[看R] ﻿#3D建模[话题]#﻿ ﻿#角色建模[话题]#﻿ ﻿#游戏建模[话题]#﻿ ﻿#建模[话题]#﻿ ﻿#二次元[话题]#﻿#人物建模[话题]#",./images/mnt/ali-sh-1/usr/lihaitao/process_0106/image/part_60/607788/2672166.jpg|./images/mnt/ali-sh-1/usr/lihaitao/process_0106/image/part_60/607788/2672167.jpg|./images/mnt/ali-sh-1/usr/lihaitao/process_0106/image/part_60/607788/2672168.jpg
1054,female,unknown,1110774,养狗千万要坚持前期的笼养,"再再后续:兄弟姐妹们,我悟了!目前P总已经一周多没有乱尿乱拉了。 那就是:【及时!及时】一定及时奖励和惩罚,尤其是狗狗做对了,准备好零食,一定要【轻声】好言好语表扬,不要太大声吓到狗狗了。 而且又大了一个月了,应该是能更好憋屎憋尿了。 —————————————————— 再后续:马de,刚发完后续,他就尿在地毯上了.........看来真的是憋不住尿,西八 —————————————————— 后续:宝子们!我知道我的问题在哪里了,之前他从笼子里出来直接就在旁边的狗厕所尿尿了,我只在最开始两次奖励了他,后面就没奖励也没表扬了,所以一离远了狗厕所,在其他房间他就不知道在哪上厕所了。看了评论后,我每天都要蹲点他上厕所,只要在狗厕所拉屎拉尿了,我就立马准备好零食去奖励他,然后疯狂表扬:真棒,good boy!然后昨天!我们在沙发上玩,自己就跳下去跑回厕所尿尿、拉屎了!两次!!!! —————————————————— 哎,只要离开了笼子+厕所,一忍不住就会立马就地拉屎拉尿,看着的时候还能及时制止,今天一个不留神,就尿在客厅的自己的沙发上了,昨晚也是。刚回来的两周都坚持的很好笼养,出来玩了也有意识回去上厕所、自己回笼玩耍。这几天冷了,买了个小沙发给他,除了晚上几乎都在客厅灯小沙发上,哎,还是笼养让他再多熟悉厕所吧,也或许是四个多月大还憋不住尿......#养狗经验分享[话题]# #新手养狗[话题]# #雪纳瑞[话题]# #雪纳瑞幼犬[话题]# #烦心事[话题]# #养狗日常[话题]#",./images/mnt/ali-sh-1/usr/lihaitao/process_0106/image/part_76/766278/3434470.jpg|./images/mnt/ali-sh-1/usr/lihaitao/process_0106/image/part_76/766278/3434471.jpg|./images/mnt/ali-sh-1/usr/lihaitao/process_0106/image/part_76/766278/3434472.jpg|./images/mnt/ali-sh-1/usr/lihaitao/process_0106/image/part_76/766278/3434473.jpg|./images/mnt/ali-sh-1/usr/lihaitao/process_0106/image/part_76/766278/3434474.jpg|./images/mnt/ali-sh-1/usr/lihaitao/process_0106/image/part_76/766278/3434475.jpg|./images/mnt/ali-sh-1/usr/lihaitao/process_0106/image/part_76/766278/3434476.jpg|./images/mnt/ali-sh-1/usr/lihaitao/process_0106/image/part_76/766278/3434477.jpg
1054,female,unknown,1501818,谁能告诉我这是为什么 我疯了!,最近每天都是只要把窝放笼子里 一分钟不到必尿 为什么啊 在自己窝里拉屎拉尿 我不理解 而且是突然这样 之前都知道去厕所 很听话 换了好几个窝 都是一样尿 谁来告诉我这是为什么 我疯了啊啊啊啊啊啊!,
1054,female,unknown,858520,他可能实在憋不住了吧,今天忘遛狗了..一抬头发现他尿了[哭惹R][哭惹R]#家有金毛[话题]# #金毛日常[话题]# #金毛[话题]# #遛狗[话题]#,./images/mnt/ali-sh-1/usr/lihaitao/process_0106/image/part_68/684326/3044363.jpg|./images/mnt/ali-sh-1/usr/lihaitao/process_0106/image/part_68/684326/3044364.jpg
1054,female,unknown,1711147,终于发现它乱拉尿的原因!!!,"总结一下: 连续5天,小六在笼子里不用厕所,只在垫子上拉尿! 只要我去上班,它会一直叫,睡5分钟,叫两个小时! 小六接回来已经半个多月了,它只有前面三天嚎叫,之后已经不怎么叫了,结果,伴随着乱拉尿,它又开始嚎叫! 我每天晚上回来第一件事就是给它洗澡(脚上都是💩 还躺在💩上面[惊恐R]),清洗一遍笼子!换新垫子! 终于在第五天,也就是昨天早上,总结了大家的建议我做了个决定 1、把厕所和垫子的位置互换 2、垫子的高度增加,换了相对矮一点的厕所(之前的厕所比较高,它都在上面打滚睡觉) 3、把笼子放在卧室和客厅中间,让他的视线能看到客厅和卧室,在我活动的区域,没有视线死角。如果我走了,它也能知道家里没人 昨天早上我走了之后,只叫了10几分钟,就开始睡觉,前后加起来也就叫了三四次,总时长1个小时左右。而且拉尿也只在厕所里,到了今天早上(第六天)也没再乱拉尿过!! 总结下来,因为我上班出门,它的焦虑又出来了,一直站起来爬笼子叫!并且一直蹦着叫! 因为笼子位置的原因,他看不到客厅的情况,门外也一直有声音,以为我一直在家,它就一直蹦着叫,也不去厕所上拉尿,只在垫子的位置拉尿,并且也不离开那个地方。 现在做了调整,再坚持观察几天,希望它能慢慢的长大#如何教会狗狗上厕所[话题]# #狗狗定点大小便[话题]# #新手铲屎官[话题]# #可卡布犬[话题]#",./images/mnt/ali-sh-1/usr/lihaitao/process_0106/image/part_109/1098332/4924528.jpg|./images/mnt/ali-sh-1/usr/lihaitao/process_0106/image/part_109/1098332/4924529.jpg|./images/mnt/ali-sh-1/usr/lihaitao/process_0106/image/part_109/1098332/4924530.jpg
1054,female,unknown,1352872,狗狗一直憋着不尿怎么办,明明已经开始憋不住漏尿了 就是倔 憋了三个小时了就不在狗厕所尿 一定要到外面尿 太犟了 每次都只在客厅拉#如何教会狗狗上厕所[话题]# #狗狗定点大小便[话题]# #狗狗生病[话题]# #小狗日常[话题]#,./images/mnt/ali-sh-1/usr/lihaitao/process_0106/image/part_108/1088089/4881853.jpg|./images/mnt/ali-sh-1/usr/lihaitao/process_0106/image/part_108/1088089/4881854.jpg|./images/mnt/ali-sh-1/usr/lihaitao/process_0106/image/part_108/1088089/4881855.jpg|./images/mnt/ali-sh-1/usr/lihaitao/process_0106/image/part_108/1088089/4881856.jpg|./images/mnt/ali-sh-1/usr/lihaitao/process_0106/image/part_108/1088089/4881857.jpg|./images/mnt/ali-sh-1/usr/lihaitao/process_0106/image/part_108/1088089/4881858.jpg|./images/mnt/ali-sh-1/usr/lihaitao/process_0106/image/part_108/1088089/4881859.jpg
1054,female,unknown,777435,狗憋不住尿是什么问题,"1、发育不完善 如果是年龄较小的狗狗,由于排尿中枢发育不完善,就有可能会出现憋不住尿的情况。不过这种情况一般随着狗狗年龄的增长,憋尿时间也会得到进一步延长,所以主人不用太过担心。 2、喝太多水 如果狗狗近期喝了太多的水,或者吃了含水量较多的食物 ,狗狗的膀胱就会时刻饱满充盈着尿液,从而法控制尿液。这种情况也是正常的,只要狗狗正常吃喝,精神状态好,就不用太过紧张。 3、受到惊吓 有一些胆子比较小的狗狗,在受到惊吓之后也会出现憋不住尿或者漏尿的情况。这种情况属于机体正常的生理反馈,一般在狗狗惊吓过后就可以自行恢复,不需要特殊的处理,但主人平时也要尽量避免这种情况发生。 4、年龄大 随着狗狗的年龄不断增长,狗狗的神经系统的反应能力也会降低,这时狗狗对于自己尿液的控制能力也会下降,所以就会出现憋不住尿的情况。这种情况几乎没有很好的解决办法,可以尝试性进行针灸或激光理疗,但效果难以保证。 5、患有泌尿系统疾病 如果狗狗除了出现憋不住尿的问题之外,还伴有尿频、尿痛、尿淋漓等症状,那就很可能是患有泌尿系统疾病,比如尿道炎、膀胱炎、尿结石等等。由于结石和炎症长时间刺激泌尿系统相关区域的粘膜,进而导致狗狗无法长时间憋尿,出现尿频的情况。这种问题十分严重,建议主人一旦发现就及时带狗狗到宠物医院治疗。 #新手养狗[话题]# #养狗经验分享[话题]# #养狗攻略[话题]#",
1054,female,unknown,1209427,说真的我想弃养❗,"以前在床上拉屎,至少3次,有一次被我揍到起飞,那之后就再也没拉过。 乖了很长很长时间,这两天突然在床上尿尿,昨天的床单还没干,连底下的床褥都还没洗,今天又一次尿床上。 如今才知道,拉屎比拉尿强!! 我真的好无语,打都不长记性吗? 我感觉我要丧失理智了,好想直接弃养,真的!! 每天工作累半死,花很多时间在它身上,对它那么好,明明是会定点上厕所的,为什么为什么为什么?? 打不会真的很无语... 打它感觉它好可怜,用爱去感化它?? 不,它太蠢了,太蠢了太蠢了,它要是能被感化它怎么可能拉床上!! 跟它好好说其实它根本听不懂啊,你以为它能听懂,其实它屁都没懂,它要是懂的怎么可能会在连着两天拉床上?? 我错了,狗不是人,我太把它当人了!! 已经散养一段时间,MD,直接上笼子,开始关半个月!! #比熊[话题]# #宠物[话题]# #乱拉乱尿[话题]##狗[话题]#",
1054,female,unknown,1204427,养狗的奔溃瞬间,"玩的好好的,突然好像憋不住尿,来不及去尿垫直接尿了 虽然不知道该不该责怪她,但是这个点! 真的疲惫住 啥话也不想说了,默默收拾...... [可怜R][可怜R] #比熊[话题]# #宠物[话题]# #养狗[话题]# #养狗得奔溃瞬间[话题]#",./images/mnt/ali-sh-1/usr/lihaitao/process_0106/image/part_83/831068/3739577.jpg|./images/mnt/ali-sh-1/usr/lihaitao/process_0106/image/part_83/831068/3739578.jpg|./images/mnt/ali-sh-1/usr/lihaitao/process_0106/image/part_83/831068/3739579.jpg
1054,female,unknown,1652548,以前明明知道在尿垫上上厕所的!!,"以前都会在尿垫上上厕所,最近几天要么尿在尿垫边上,要么随便乱尿乱拉,还走着尿着 以前在外边租房子,现在回家了爸妈都不让养,我还保证它会上狗厕所,结果回来在我家每个卧室的地毯上都尿,地上乱拉,要一直擦地真的很心累,还怕我爸妈受不了不让我养[捂脸R]打也没用骂也没用#狗狗定点大小便[话题]#",
1054,female,unknown,1337112,你们的小狗一天拉几次,小小一个身体 为什么能拉那么多 图2是两天的屎#马尔泰[话题]#,
1054,female,unknown,1612634,冰雪魔法:户外儿童游乐区的冬季主题乐园,"🎨 设计主题: 冰雪奇缘:我们将以冰雪为主题,创造一个让孩子们仿佛置身于童话故事中的游乐环境。 🏰 主要元素: 冰雪城堡:设计一个以冰雪为灵感的大型城堡,使用白色和透明的材料来模拟冰和雪的质感。 滑梯:从城堡的高处设计一个滑梯,可以是螺旋形或直线形,让孩子们体验滑行的乐趣。 攀爬墙:设置一个攀爬墙,模拟冰壁攀爬的挑战,锻炼孩子们的勇气和协调能力。 雪人区:在游乐区的一个角落设置一个雪人制作区,配备小铲子和桶,让孩子们自由发挥创意。 冰雕工作坊:设立一个小型工作坊,让孩子们在成人的指导下尝试制作简单的冰雕。 🌈 安全考量: 确保所有游乐设施的材料都是无毒、环保,并且适合在寒冷环境中使用。 地面使用防滑材料,以减少孩子们在冰雪上滑倒的风险。 定期检查游乐设施的稳固性,确保在冬季的恶劣天气下也能安全使用。 🛠️ 装饰细节: 灯光:使用LED灯模拟冰的光泽,晚上可以营造出梦幻般的冰雪世界。 墙面装饰:在城堡的墙面上绘制冰雪图案,如雪花、冰晶和北极光,增加冬日的氛围。 座椅和休息区:提供带有软垫的座椅和休息区,让孩子们在玩耍后可以暖和地休息。 🌟 互动空间: 设计一些互动游戏,如寻找隐藏的“冰雪宝藏”或参与“冰雪运动会”,让孩子们在游玩中增强团队合作精神。 #儿童游乐设施 #儿童乐园 #森林冒险 #亲子时光 #周末去哪儿 #装置设计 #设计 #设计灵感 #景观 #景观设计 #幼儿游戏 #无动力游乐设备 #亲子 #网红游乐设备 #搞的就是艺术",./images/mnt/ali-sh-1/usr/lihaitao/process_0106/image/part_105/1050788/4722031.jpg|./images/mnt/ali-sh-1/usr/lihaitao/process_0106/image/part_105/1050788/4722032.jpg|./images/mnt/ali-sh-1/usr/lihaitao/process_0106/image/part_105/1050788/4722033.jpg|./images/mnt/ali-sh-1/usr/lihaitao/process_0106/image/part_105/1050788/4722034.jpg|./images/mnt/ali-sh-1/usr/lihaitao/process_0106/image/part_105/1050788/4722035.jpg|./images/mnt/ali-sh-1/usr/lihaitao/process_0106/image/part_105/1050788/4722036.jpg|./images/mnt/ali-sh-1/usr/lihaitao/process_0106/image/part_105/1050788/4722037.jpg|./images/mnt/ali-sh-1/usr/lihaitao/process_0106/image/part_105/1050788/4722038.jpg
1054,female,unknown,812872,冰雪乐园,#Ai绘画[话题]# # #midjourney[话题]# #雪山[话题]# #游乐园[话题]# #C4D[话题]# #,./images/mnt/ali-sh-1/usr/lihaitao/process_0106/image/part_68/681218/3029991.jpg|./images/mnt/ali-sh-1/usr/lihaitao/process_0106/image/part_68/681218/3029992.jpg|./images/mnt/ali-sh-1/usr/lihaitao/process_0106/image/part_68/681218/3029993.jpg|./images/mnt/ali-sh-1/usr/lihaitao/process_0106/image/part_68/681218/3029994.jpg|./images/mnt/ali-sh-1/usr/lihaitao/process_0106/image/part_68/681218/3029995.jpg|./images/mnt/ali-sh-1/usr/lihaitao/process_0106/image/part_68/681218/3029996.jpg|./images/mnt/ali-sh-1/usr/lihaitao/process_0106/image/part_68/681218/3029997.jpg|./images/mnt/ali-sh-1/usr/lihaitao/process_0106/image/part_68/681218/3029998.jpg
1054,female,unknown,1084349,❄️ 冰雪奇缘城堡 — 冬日童话的游乐王国,"在这个冬日的季节里,我们为您的孩子们打造了一个冰雪城堡游乐设施,一个充满魔法和奇幻的世界。在这里,滑梯变成了冰滑道,迷宫变成了雪迷宫,每一个角落都闪耀着冬日的光芒,让孩子们在玩耍中体验冰雪世界的奇妙。 🌨️ 设计理念: 我们的设计灵感来源于冰雪覆盖的城堡,一个童话般的世界,它不仅能够激发孩子们的想象力,还能让他们在冬日里体验到不一样的乐趣。冰雪奇缘城堡是一个结合了滑梯、迷宫等多种游乐元素的互动空间,旨在为孩子们提供一个既安全又充满探险乐趣的游乐环境。 🎨 色彩搭配: 冰蓝色 —— 代表寒冷与纯净,我们用它来营造一个冰雪世界的氛围,让孩子们仿佛置身于一个真实的冰雪王国。 雪白色 —— 代表冬日的宁静与和平,我们用它作为主要的色彩基调,为孩子们的游玩提供一片清新的背景。 🏰 设计元素: 冰雪滑梯 —— 设计成冰山形状的滑梯,让孩子们在滑下的过程中体验速度与激情,就像在冰原上滑行。 雪迷宫 —— 一个充满挑战的迷宫,设计成雪花的形状,让孩子们在寻找出口的过程中,享受解谜的乐趣。 冰雕装饰 —— 城堡周围布置有精美的冰雕装饰,增添了冰雪世界的美感,同时也成为孩子们拍照的热门背景。 🌟 互动体验: 冰上游戏 —— 除了滑梯和迷宫,我们还设置了冰上游戏区域,如冰壶、冰球等,让孩子们在玩耍中体验冰雪运动的乐趣。 雪地探险 —— 在城堡的周围,我们设计了一系列雪地探险活动,如雪橇滑行、雪地寻宝等,让孩子们在探索中发现冰雪世界的秘密。 ❄️ 我们的目标: 通过冰雪奇缘城堡,我们希望为孩子们提供一个既能玩耍又能学习的环境。在这里,每一次游玩都是一次对冰雪世界的探索,每一次体验都是一次对冬日乐趣的发…",./images/mnt/ali-sh-1/usr/lihaitao/process_0106/image/part_108/1089195/4886355.jpg|./images/mnt/ali-sh-1/usr/lihaitao/process_0106/image/part_108/1089195/4886356.jpg|./images/mnt/ali-sh-1/usr/lihaitao/process_0106/image/part_108/1089195/4886357.jpg|./images/mnt/ali-sh-1/usr/lihaitao/process_0106/image/part_108/1089195/4886358.jpg|./images/mnt/ali-sh-1/usr/lihaitao/process_0106/image/part_108/1089195/4886359.jpg|./images/mnt/ali-sh-1/usr/lihaitao/process_0106/image/part_108/1089195/4886360.jpg|./images/mnt/ali-sh-1/usr/lihaitao/process_0106/image/part_108/1089195/4886361.jpg|./images/mnt/ali-sh-1/usr/lihaitao/process_0106/image/part_108/1089195/4886362.jpg
1054,female,unknown,1094164,哈尔滨冰雪大世界也太好拍啦!!️,"这个冬天一定要来一趟哈尔滨❄你可以享受到浪漫的雪景 刺激的冰雪运动 与动物们亲密接触的乐趣 快带上朋友和家人尽情享受冬日的美妙吧~🥰 - 📷避开人群拍照机位 !!一定要利用好前景,🧊比如冰墙、冰柱、门框遮挡住熙熙攘攘的人群,画面更干净,超出片🔥 1⃣冰雪城堡🏯 进入景区后可以看到冰雪之冠,在主塔旁就是城堡了,把城堡的窗户作为框架,坐在上面不仅可以拍人,还可以拍到雪花摩天轮和城堡,随便拍都好梦幻📸 站在城堡后方拍摄整个建筑,照片也很有视觉冲击 2⃣冰雪之冠🧊 主塔建筑很高,要和主塔合影建议站在远处才能全部拍到,突出主体的同时也能将建筑拍完整 3⃣雪花摩天轮🎡 想要和雪花摩天轮合影就不能离的太近,从奶茶咖啡驿站旁小坡上去,从下往上拍摄,可以拍到巨型摩天轮和人物的合照 - 🎡游玩tips: ❄游玩时间:11:00 - 22:00,如果来看灯光,可以下午2点前到达即可,如果是想体验游玩项目需上午到达(人少不需要排太久) ❄游玩项目:大滑梯和雪花摩天轮现在是现场排队游玩,大约下午4点左右在摩天轮上可以看见灯光、晚霞会同时出现的画面,提前排队把握好时间;哈冰秀时间为25分钟,想去看的可以提前排队观看 ❄冰雪大世界里面温度很低,要注意保暖,暖宝宝、耳罩、手套备起来 #小众旅行地[话题]# #哈尔滨[话题]# #旅游攻略[话题]# #我的随手拍[话题]# #哈尔滨旅行攻略[话题]# #冰雪大世界[话题]# #哈尔滨冰雪大世界[话题]# #哈尔滨冰雪大世界游玩攻略[话题]# #冰雪大世界大滑梯[话题]# #冰雪大世界拍照[话题]# #哈尔滨冰雪大世界摩天轮[话题]# #哈尔滨冰雪大世界冰滑梯[话…",
1054,female,unknown,1943937,"官宣|26届哈尔滨冰雪大世界,比故宫还大❓","据第二十六届哈尔滨冰雪大世界官方消息 2024-2025年冰雪大世界将以“冰雪同梦亚洲同心”为主题, 园区设计和建设将充分融合“亚冬”元素,❗整体面积扩大到100w平方米❗️将是史上规模蕞大的一届😱这是什么概念呢?故宫的面积是72万平方米! 一整个期待住了❄️ 开园:预计12月15号 - 【冰雪大世界】 ❄️雪花摩天轮,标志性景点,乘坐摩天轮欣赏冰城夜景 ❄️超级大滑梯,体验冰上飞行的刺激 ❄️冰上自行车 骑着自行车穿行在晶莹迷人的琉璃世界之中 ❄️急速雪圈 设有单人、亲子、多人等不同类型滑道 ❄️雪地摩托 在雪地里纵横驰骋,感受雪花飞舞 ❄️雪地转转 园内人气王,雪地版旋转木马 - 【哈尔滨景点】 ✅红专早市:凌晨4点半~早上8点半!各种本地小吃,油炸糕,排骨包,蛋堡,烧饼混沌等,建议不要太晚去很多东西会卖完哦 ✅中央大街:必打卡之地,百年面包石,格瓦斯、马迭尔,都是哈尔滨的特色!拍照出片,俄罗斯商品,中央大街邮局,哈工大文化馆,魔法文创等等这都有 ✅索菲亚教堂:标志性建筑,中央大街走过去几分钟 ✅中华巴洛克,各种美食打卡和历史建筑 ✅松花江和防洪纪念塔,傍晚走到江边,等一场日落!特别是看着对面太阳岛还有索道 ✅东北虎林园,近距离投喂东北虎!门票+惊险车130/人!投喂20一块肉!!!早上7点半第一班车 ✅热雪奇迹,目前国内zui大的室内滑雪场🎿单人初学者只要68💰""~如果你是高级选手还有不同等级的滑道选择。超大的雪人单独拍照打卡只要20元! ✅太阳岛,免.费的5A景区,里面各种花草树木+近距离看小鹿小松鼠!小朋友都很喜欢!晚上可以看表演“遇见哈尔滨” ✅731遗址陈列馆:一…",./images/mnt/ali-sh-1/usr/lihaitao/process_0106/image/part_76/766267/3434434.jpg|./images/mnt/ali-sh-1/usr/lihaitao/process_0106/image/part_76/766267/3434435.jpg|./images/mnt/ali-sh-1/usr/lihaitao/process_0106/image/part_76/766267/3434436.jpg|./images/mnt/ali-sh-1/usr/lihaitao/process_0106/image/part_76/766267/3434437.jpg
1054,female,unknown,1938688,"帝都❄️冰雪乐园天花板,全场畅玩太香了❗","一票通玩真的太太太香了,超多动力项目,完全没有二次消费👍👍👍小婉今冬去过三次了,每次只在一部分区域玩的不想走,太大了啊根本玩不完[笑哭R] . 大人也适合[得意R]组团一起去玩的超开心。 . ✔️滑道又高又长,有魔毯。 ✔️香蕉船、雪地转转、雪地摩托、雪地坦克、八爪鱼、滚筒、踏雪寻鱼,太多太多可玩 ✔️蹦床区、足球区,小孩根本不想走 ✔️冰场干净整洁宽敞,超多种单人、双人、多人冰车、冰上自行车,随意发挥。 ✔️无动力,大片树屋、滑梯、等等等等一大片 ✔️陆地动力设施,汽车驾校、沙滩车、挖掘机、旋转木马、投篮游戏、海盗船、射箭,太多太多 ✔️小动物投喂,堪比动物园 . 美滋滋,撒欢去玩吧[赞R] tips: 1有餐食售卖、有室内取暖场地。 2停车免费,门口大片停车场。 3户外长时间较冷,做好保暖。 ———————— 📍位置:绿野仙踪郊野乐园 🅿️停车:免费 🎫门票:65 ———————— . #北京遛娃好去处[话题]# #周末遛娃[话题]# #周末去哪儿[话题]# #浪漫生活的记录者[话题]# #带娃日常[话题]# #滑冰[话题]# #滑雪[话题]# #玩雪[话题]# #北京玩雪[话题]# #北京滑雪[话题]# #冰雪乐园[话题]#",./images/mnt/ali-sh-1/usr/lihaitao/process_0106/image/part_89/899323/4053256.jpg
1054,female,unknown,1329731,"史上蕞大!?100万平的冰雪大世界,狠狠期待了","这个冬天,总要来一趟哈尔滨吧!今年的将打造有史以来规模蕞大的冰雪主题乐园,100万平方米!南方孩子一整个期待住了🤩 来东北玩雪,一次玩遍哈尔滨,雪乡,长白山,一路上都是白色童话。打卡现实版的“狗熊岭”🏡木屋被雪蘑菇包裹着,夜晚灯光亮起简直就是童话世界的样子!还有#长白山雾凇漂流[话题]# 雪岭喂驯鹿,滑雪⛷️,泡雪地温泉♨️...满足你对冬天的所有幻想 —— ❄️冰雪大世界游玩攻略 📆开园时间:12月,元旦去正好 ⏰营业时间:11:00-22:00,下午16:00-16:30亮灯 🎫门票:328/人(地铁2号线可直达) ⛄游玩项目:超级大滑梯、雪花摩天轮🎡雪地转转、滑雪、冰雕、冰上自行车、冰雪秀场 📸拍照打卡机位:主塔、祈年殿、冰雪城堡窗户、雪花摩天轮、冰雪圣诞树🎄 · ☃️冬季游玩必打卡!!️ 🔹冰雪大世界 🔹#圣索菲亚大教堂[话题]# 🔹#亚布力滑雪[话题]# ⛷️ 🔹马拉爬犁·穿越雪域 🔹童话雪乡“狗熊岭”🏡 🔹镜泊湖·观野趣冬捕 🔹雪地摩托飞驰·穿越雪原 🔹仙峰雪岭喂麋鹿🦌 🔹魔界漂流赏“雾凇奇观” 🔹登#长白山天池[话题]# · 🏨#长白山皇冠假日酒店[话题]# →坐落于长白山脚下,周围原始森林环绕,特色山景房,躺在房间就能欣赏到长白山雪景❄️还有小朋友超爱的萌宠乐园 →聚龙泉火山自溢汤泉水,24h供应♨️室内外都有汤池,在雪地边泡温泉边赏雪景,放松身心 →长白山北坡VIP绿色通道,免排队省事省心 . 🚗行程推荐 D1:哈尔滨接机自由行 D2:哈尔滨-亚布力阳光度假滑雪村 D3:亚布力度假村-马拉爬犁-雪地摩托-雪地长龙-雪乡 D4:雪乡-镜泊湖冰瀑-野趣冬捕-露天温…",./images/mnt/ali-sh-1/usr/lihaitao/process_0106/image/part_90/903791/4072499.jpg|./images/mnt/ali-sh-1/usr/lihaitao/process_0106/image/part_90/903791/4072500.jpg|./images/mnt/ali-sh-1/usr/lihaitao/process_0106/image/part_90/903791/4072501.jpg|./images/mnt/ali-sh-1/usr/lihaitao/process_0106/image/part_90/903791/4072502.jpg|./images/mnt/ali-sh-1/usr/lihaitao/process_0106/image/part_90/903791/4072503.jpg|./images/mnt/ali-sh-1/usr/lihaitao/process_0106/image/part_90/903791/4072504.jpg|./images/mnt/ali-sh-1/usr/lihaitao/process_0106/image/part_90/903791/4072505.jpg|./images/mnt/ali-sh-1/usr/lihaitao/process_0106/image/part_90/903791/4072506.jpg
1054,female,unknown,1281380,"是玩雪,顺便也卖艺 🚘",车圈玩雪艺术家申请出战!!️ 看 TA 一下子就开进你的心巴~ -20° 全程 0 接管 穿越 300 公里林海雪原路🌲 -20°低温续航达成率 74% 不打滑、不颠簸、不失稳 🛣️ ...... 还有什么是 TA 玩不 6 的 !?️ 给各位塔迷先拜个早年 年夜饭就别喊亲戚小孩整活了 我给大家来一段「雪」花秀助兴~ #智驾驭冰雪[话题]##阿维塔[话题]##阿维塔11[话题]##一眼心动阿维塔11[话题]##满级智驾11领先[话题]##阿维塔12[话题]##新能源汽车[话题]##华为鸿蒙[话题]##华为[话题]##遥遥领先[话题]##智能智驾[话题]##情感智能悦己而行[话题]##我的车生活[话题]##浪漫生活记录者[话题]##户外运动[话题]##无滑雪不冬天[话题]#,./images/mnt/ali-sh-1/usr/lihaitao/process_0106/image/part_101/1013471/4564646.jpg|./images/mnt/ali-sh-1/usr/lihaitao/process_0106/image/part_101/1013471/4564647.jpg|./images/mnt/ali-sh-1/usr/lihaitao/process_0106/image/part_101/1013471/4564648.jpg|./images/mnt/ali-sh-1/usr/lihaitao/process_0106/image/part_101/1013471/4564649.jpg|./images/mnt/ali-sh-1/usr/lihaitao/process_0106/image/part_101/1013471/4564650.jpg|./images/mnt/ali-sh-1/usr/lihaitao/process_0106/image/part_101/1013471/4564651.jpg|./images/mnt/ali-sh-1/usr/lihaitao/process_0106/image/part_101/1013471/4564652.jpg|./images/mnt/ali-sh-1/usr/lihaitao/process_0106/image/part_101/1013471/4564653.jpg
1054,female,unknown,1381462,我不允许养狗人还不知道它!,omg!最近入手的好物神器一枚! 竟然只需要29 国产货真心爱了! 养狗最初为了不湿嘴一直使用滚珠式水壶 后来感觉对狗狗太过折磨 所以换成了浮力水碗 也就是韩国比较有名的那牌子 用了快一年也非常好用 不怎么湿嘴 但是这个水碗放在围栏里还是比较占地方的 换水拿出拿进还比较麻烦 最近就被我发现了这款水碗 真的很绝 它可以卡在围栏上 节省空间 换水方便 两个部分分别是滚珠水壶和浮力水碗 卡在一起就会自动出水 出到固定位就会停止 喝完了自动再出水 到底是谁想到了这么绝的发明 用起来很卫生很干净 水壶卡在围栏外面 方便换水又节约空间 天呐 真的爱了 试用了一下确实不湿嘴 当然这种产品不会百分百不湿 也要看狗狗的习惯 但是相对普通水碗已经很不错了 保持嘴巴的干燥 才能变白美熊哦 真心的建议为了狗狗好 大家不要再使用水嘴啦! #我家宠物好可爱[话题]# #家有比熊[话题]# #新手养狗[话题]# #宠物围栏[话题]# #狗狗日常[话题]# #小红书养宠手册[话题]# #好物分享[话题]##养狗必备[话题]#,./images/mnt/ali-sh-1/usr/lihaitao/process_0106/image/part_96/962181/4337929.jpg|./images/mnt/ali-sh-1/usr/lihaitao/process_0106/image/part_96/962181/4337930.jpg|./images/mnt/ali-sh-1/usr/lihaitao/process_0106/image/part_96/962181/4337931.jpg|./images/mnt/ali-sh-1/usr/lihaitao/process_0106/image/part_96/962181/4337932.jpg|./images/mnt/ali-sh-1/usr/lihaitao/process_0106/image/part_96/962181/4337933.jpg|./images/mnt/ali-sh-1/usr/lihaitao/process_0106/image/part_96/962181/4337934.jpg|./images/mnt/ali-sh-1/usr/lihaitao/process_0106/image/part_96/962181/4337935.jpg
1054,female,unknown,1078457,到底该用什么水碗喝水,🆘 每次喝完水都要擦嘴巴还要担心氧化的问题 求推荐不会湿嘴毛的水碗❗️ [叹气R] #西高地白梗[话题]# #我家狗真可爱[话题]#,./images/mnt/ali-sh-1/usr/lihaitao/process_0106/image/part_82/821552/3697635.jpg|./images/mnt/ali-sh-1/usr/lihaitao/process_0106/image/part_82/821552/3697636.jpg
1453,female,23-25,1054174,Emoji科普|各色爱心分别代表什么意思#2❓,"不废话版: 💜:平静、高贵、优雅、奢华或神秘的爱情。在社交媒体中,紫心emoji则更多地用于紫心勋章或 #BTS[话题]# 防弹少年团的相关话题中; 🤎:平静的爱,沉稳的喜欢,浪漫等情绪,也可以用它表示心形巧克力。此外,棕色的心还可以代表深色皮肤; 🖤:表达沮丧或悲伤/代表哥特风格和黑暗洛丽塔;无情和缺乏良心,或者代表着充满仇恨和嫉妒的心; 🤍:象征着幸福、纯洁的爱,也可以代表白色情人节。除此之外,白心也有哀悼之意。 -------- PS:情人节....要来了哈 #emoji[话题]# #emoji表情[话题]# #爱心[话题]# #emojiall[话题]# #防弹少年团[话题]# #薯条小助手[话题]# #薯队长[话题]#",./images/mnt/ali-sh-1/usr/lihaitao/process_0106/image/part_85/851331/3829558.jpg|./images/mnt/ali-sh-1/usr/lihaitao/process_0106/image/part_85/851331/3829559.jpg|./images/mnt/ali-sh-1/usr/lihaitao/process_0106/image/part_85/851331/3829560.jpg|./images/mnt/ali-sh-1/usr/lihaitao/process_0106/image/part_85/851331/3829561.jpg|./images/mnt/ali-sh-1/usr/lihaitao/process_0106/image/part_85/851331/3829562.jpg
1453,female,23-25,867161,朋友圈文案🎀甜妹天花板的有趣搞怪句子,"“ 心有猛虎,嗷呜嗷呜。” 🎀 #日常碎片PLOG[话题]# #笔记灵感[话题]# #治愈[话题]# #今日文案[话题]# #朋友圈文案[话题]# #文案[话题]# #文案分享[话题]# #情感文案[话题]# #朋友圈[话题]# #我的朋友圈[话题]# #情感文案[话题]# #朋友圈分享[话题]# #温柔文案[话题]# #文案分享[话题]# #小众高级文案[话题]# #文字素材分享[话题]# #小众文案[话题]# #惊艳到你的句子[话题]# #甜妹[话题]# #甜妹穿搭[话题]# #有趣[话题]# #搞笑幽默[话题]# #沙雕搞笑[话题]# #搞笑[话题]# #素材[话题]# #大学生[话题]# #打工人[话题]# #读书[话题]# @薯队长 @生活薯 @薯条小助手 @薯管家 @人文薯 @知识薯 @薯宝宝",./images/mnt/ali-sh-1/usr/lihaitao/process_0106/image/part_107/1076974/4835769.jpg|./images/mnt/ali-sh-1/usr/lihaitao/process_0106/image/part_107/1076974/4835770.jpg|./images/mnt/ali-sh-1/usr/lihaitao/process_0106/image/part_107/1076974/4835771.jpg|./images/mnt/ali-sh-1/usr/lihaitao/process_0106/image/part_107/1076974/4835772.jpg|./images/mnt/ali-sh-1/usr/lihaitao/process_0106/image/part_107/1076974/4835773.jpg|./images/mnt/ali-sh-1/usr/lihaitao/process_0106/image/part_107/1076974/4835774.jpg|./images/mnt/ali-sh-1/usr/lihaitao/process_0106/image/part_107/1076974/4835775.jpg
1453,female,23-25,1550614,超有梗甜妹自拍文案,恁应该也会为俺啄米吧 你一句好丑 我低下头 碗里的拌饭变汤饭 真是麻雀吃了草莓雀食莓啊 给老年人生回忆攒素材ing 真是方向失南北 美的有点东西 图片仅供参考具体以实物为主 拿什么感动你呢 我只是一个拍照会比耶的笨蛋 天线宝宝都比我会摆pose 会呼吸的女孩真的很加分 为什么我一腔热血还会宫寒 你又不是小麻花整天拧巴什么 今日人设:脾气不太好那女的 微信:一款特别安静的app 少爷 夫人终于肯拍照了 60岁第一次化妆感觉像是回到了18岁 今天先长这样 明天再想想办法 亲亲 我这边建议是开始夸我 注意看 这是一位极品霸道小美女 #自拍文案[话题]# #可爱文案[话题]# #分享文案[话题]# #今日份文案分享[话题]# #文案[话题]# #搞笑文案[话题]# #甜妹文案[话题]#,./images/mnt/ali-sh-1/usr/lihaitao/process_0106/image/part_102/1021738/4599665.jpg
1453,female,23-25,881086,超有梗的搞笑女文案,1、“谢谢你小手机 除了你都没人跟我玩” 2、“手机想拍我 我拦不住啊” 3、“你怎么碎碎的 像片小海苔” 4、“懒人日记:算了懒得写” 5、“微信是一款特别安静的app” 6、“好烦到底要吃多少辣条才能变成辣妹” 7、“今日人设:有气无力懒羊羊” 8、“命只有一条 但要命的事不止一件” 9、“生活试图把我嚼碎结果发现我入口即化” 10、“摆烂归摆烂 到了饭点还是要吃饭” 11、“生活乱套还不去睡觉” 12、“小事化面包 大事化蛋糕” 13、“为情所困不是我奥特曼的作风” 14、“告诉桃花不用开了 老衲我出家了” 15、“可以加个达不溜差吗” 16、“一定要长得好看吗 穿的暖和不行吗” 17、“优越感有链接吗 给一下” 18、“不开心也没关系 反正明天也不会好过” 19、“东边日出西边雨 你爷我是大美女” 20、“我是一个小胖子 没事就摸小肚子” 21、“不太会穿搭 只知道和你搭” 22、“又不是很熟 叫美女就好了” 23、“吃得饱饱饱 烦恼跑跑跑” 24、“蓝莓杨梅小草莓 你今天想我没” 25、“可爱之猫必有可爱之处” 26、“最爱你了 你小子别不知好歹” 27、“想不出文案 暂且称为甜妹的烦恼” 28、“今天的照片适合口味偏甜的朋友” 29、“别骗我我的心是薯片做的” 30、“听说可爱会传染 那你靠近我一点” #搞笑文案[话题]# #朋友圈搞笑文案[话题]# #趣味文案[话题]# #可爱文案[话题]# #分享文案[话题]# #今日份文案分享[话题]# #文案[话题]# #搞笑女文案[话题]# #今日话题[话题]# #搞笑女文案分享[话题]#,./images/mnt/ali-sh-1/usr/lihaitao/process_0106/image/part_81/819214/3687258.jpg|./images/mnt/ali-sh-1/usr/lihaitao/process_0106/image/part_81/819214/3687259.jpg
1453,female,23-25,878415,WeChat文案 | 温柔浪漫的高级文案,"1.“每一刻都像永远.” 2.“在我喜欢的状态里生活.” 3.“恰到好处描述今天.” 4.“记得要奔走在自己的热爱里.” 5.“比我珍贵的是我的爱意.” 6.“在市井中放风,和小情绪握手.” 7.“在感受 在记录在珍惜.” 8.“小写生活大写爱.” 9.“所以什么才是疲惫生活里得解药呢.” 10.“那就用照片,写写日记吧.” 11.“喜欢慢悠悠的日子和真诚的人.” 12.“以如常为喜以如愿为安.” 13.“人生缓缓自有答案.” 14.“能安慰我的不是大道理是小蛋糕.” 15.“慢热喜静,往哪走都是往前走” 16.“在平淡的日子里搜刮,生活藏起来的温柔.” 17.“慌张忙乱,马虎不影响小日子过得有滋有味.” 18.“行己所爱,爱己所行.” 19.“答案在明天,每天的明天.” 20.“等时间嘉许,等春风得意.” 21.“频繁记录吧,生活的本意是开心.” 22.“所有的努力都在慢慢变得清晰.” 23.“愿你执着于理想,纯粹于当下.” 24.“麻木不仁的日子里,记录就是反抗.” 25.“对着黄昏许愿,玫瑰永不凋零.” 26.“与理想平等交易,与喧器保持距离。” 27.“有趣都藏在无聊的日子里.” 28.“热爱是不会过期的.” 29.“我将玫瑰藏于身后,时刻期盼与你赴约.” 30.“日落尤其温柔,人间皆是浪漫.” #小众高级文案[话题]# #温柔小众文案[话题]# #无风格小众文案[话题]# #日常碎片的简短文案[话题]# #今日份文案分享[话题]# #惊艳到你的句子[话题]# #文案[话题]# #今日文案[话题]# #句子[话题]# #令人惊艳的句子[话题]# #新年新look[话题]…",
1453,female,23-25,1012560,赵露思的现代成长线,"露思拍现代戏的成长线也好明显 在《偷偷藏不住》是青春勇敢的桑稚 在《许我耀眼》是不择手段往上的许妍 在《恋人》中是文艺带着漫长成长疼痛的阮妤 相信露思拍戏有着自己的判断。无论是程少商还是苏幕遮都给她带来不同的成长,角色与本人互相成就,她一直在扩大她的舒适圈。 #赵露思[话题]##偷偷藏不住[话题]##桑稚[话题]##许我耀眼[话题]##许妍[话题]##恋人[话题]##阮妤[话题]#",
1453,female,23-25,1323798,十二星座符号,"白羊座 (Aries) ♈ 公羊的头和角,勇气、冲动、活力和自信。 金牛座 (Taurus) ♉ 公牛的头和角,稳定、耐心、实用和追求物质享受。 双子座 (Gemini) ♊ 双胞胎,机智、好奇、交流能力强和多变。 巨蟹座 (Cancer) ♋ 螃蟹的钳子,情感丰富、保护欲强、家庭观念和敏感。 狮子座 (Leo) ♌ 狮子的鬃毛和尾巴,自信、热情、慷慨和领导能力。 处女座 (Virgo) ♍ 少女,细致、实际、谨慎和分析能力强。 天秤座 (Libra) ♎ 天秤,公平、和谐、社交能力和审美观。 天蝎座 (Scorpio) ♏ 蝎子的尾巴,深沉、神秘、决断力和强烈的情感。 射手座 (Sagittarius) ♐ 弓箭,乐观、冒险精神、自由和哲学思考。 摩羯座 (Capricorn) ♑ 山羊的角和鱼尾,务实、纪律、野心和耐力。 水瓶座 (Aquarius) ♒ 水瓶或水波,创新、独立、人道主义和理想主义。 双鱼座 (Pisces) ♓ 两条鱼,敏感、同情心、幻想和精神追求。 #关于十二星座[话题]# #我的星座[话题]# #风象星座[话题]# #星座性格[话题]# #星座[话题]# #星座分析[话题]# #星座情感[话题]# #设计[话题]# #创作[话题]# #星座运势[话题]#",
1453,female,23-25,1066753,"这俩羊腿妃别陶醉了,皇上有些嫌你们","上一秒还在陶醉,下一秒皇上就腻歪了[笑哭R] #如懿传[话题]# #如懿传吐槽[话题]#",
1453,female,23-25,895216,每天学一点|人性的50条铁律✨,#人性的弱点[话题]# #自我提升[话题]# #取悦自己[话题]# #三观超正的句子[话题]# #潜规则[话题]# #人性智慧[话题]# #人性真相[话题]# #人际关系[话题]# #人际交往[话题]# #处事之道[话题]#,./images/mnt/ali-sh-1/usr/lihaitao/process_0106/image/part_70/708656/3155848.jpg|./images/mnt/ali-sh-1/usr/lihaitao/process_0106/image/part_70/708656/3155849.jpg|./images/mnt/ali-sh-1/usr/lihaitao/process_0106/image/part_70/708656/3155850.jpg
1453,female,23-25,984608,女朋友生气的点可以有多低,#分享欲[话题]# #情侣日常[话题]# #恋爱日常[话题]# #情侣[话题]# #情绪价值[话题]# #让男友瞬间上头[话题]# #女生[话题]# #分享欲[话题]# #用小红书记录点滴生活[话题]# #分享片刻[话题]#,./images/mnt/ali-sh-1/usr/lihaitao/process_0106/image/part_98/983275/4428447.jpg|./images/mnt/ali-sh-1/usr/lihaitao/process_0106/image/part_98/983275/4428448.jpg|./images/mnt/ali-sh-1/usr/lihaitao/process_0106/image/part_98/983275/4428449.jpg|./images/mnt/ali-sh-1/usr/lihaitao/process_0106/image/part_98/983275/4428450.jpg|./images/mnt/ali-sh-1/usr/lihaitao/process_0106/image/part_98/983275/4428451.jpg|./images/mnt/ali-sh-1/usr/lihaitao/process_0106/image/part_98/983275/4428452.jpg
1453,female,23-25,1237781,不自爱,"感觉这个可能也是有一些集体和时代的困境在里面。 对于从小到大没被爱过的真的很难自爱,真心建议在25岁之后,在有能力自食其力的时候,狠狠地将自己重养10086遍。 #我的日常[话题]##当代大学生[话题]##热门[话题]##冷知识[话题]##情感[话题]##文字[话题]#",./images/mnt/ali-sh-1/usr/lihaitao/process_0106/image/part_77/770146/3451434.jpg
1453,female,23-25,820230,这是黑化之前的变身咒语嘛?😂😂😂,"看到寒香见行刺这一段,突然梦回小时候看的动画片,反派在快成功前,都要来一段长长的台词😂😂😂 废话太多了,根本干不成大事 #如懿传吐槽[话题]# #拯救剧荒[话题]# #小红书追剧人[话题]# #搞笑[话题]# #如懿传重温[话题]# #追剧打卡[话题]# #追剧日常[话题]# #小红书追剧人[话题]#",
1453,female,23-25,1361550,救命🆘到底是什么字可以把嘴张成这样,看的我非常不适了哈 #如懿传[话题]# #如懿传重温[话题]# #如懿传吐槽[话题]# #如懿传片段[话题]# #大如[话题]# #大如传[话题]# #大如传吐槽[话题]# #影视[话题]# #影视解说[话题]# #宫斗剧[话题]#,
1453,female,23-25,1722597,不懂就问:婉转承恩是神马意思?,"以华妃的泼辣劲儿,不应该很奔放吗? #甄嬛传[话题]# #宫斗剧[话题]#",
1453,female,23-25,1461403,哇靠发现绿泡泡查手机一个骚操作,"如图一把聊天对象设置成不显示该聊天以后,然后再点转发以后就会发现最近转发里没有这个头像了图三,最近转发里不只是转发的,最近聊天的也会出现在上面,如果查手机的时候,对方把最近聊天的对象设置成不显示该聊天你就算想看你最近转发和谁聊天都看不到[失望R]绿泡泡这个功能有点恶心了,如果对方在吧这个人的消息设置成免打扰就更来无影去无踪了[失望R]#多少有点离谱[话题]# #玩机技巧[话题]# #还有人不知道[话题]# #该死的好奇心[话题]#",./images/mnt/ali-sh-1/usr/lihaitao/process_0106/image/part_64/646871/2863196.jpg|./images/mnt/ali-sh-1/usr/lihaitao/process_0106/image/part_64/646871/2863197.jpg
1453,female,23-25,1550646,❄️太好啦!是雪天拍照姿势我们有救啦!,提前存!雪天拍照📷悟明白啦!就用这个滤镜拍好好看! (素材来源@ heybiblee) #雪天也可以这样拍照[话题]# #雪天氛围感拍照[话题]# #雪天氛围就该这样拍照[话题]# #雪天拍照[话题]# #雪天拍照姿势[话题]# #拍照[话题]# #拍照姿势[话题]# #拍照姿势不重样[话题]# #滤镜[话题]# #富士[话题]#,
1453,female,23-25,1944018,在感情里长期占高位的女人恋爱思维有多厉害,"你的情感框架有多完善,决定了你在感情里能处在什么位置。 如果你的内核是一片拉垮的,那你的长期关系非常容易落入下风,如果你的内在框架清晰且有魅力,那感情越往长期走,你的位置就越高。 只追求术,那么在前期用几个小技巧可以轻松拿到高位唬住对方,但后期是经不起冲突锤炼的,一旦在某次矛盾中,你让别人一下子窥到你的底了,发现你的内核是非常虚的,没有力量,没有魅力,没有系统的框架体系,那你们的关系位置就会开始变化了。 因为他发现你并没那么强,前期的高冷是装的,魅力是虚的,这时候就会不断的有试探的心思,想要修改你的标准。 所以,希望你的恋爱谈的游刃有余,要对底层逻辑摸透,不是只学皮毛。 完善框架,精进魅力价值,强大内核,不管在你人生中的哪个领域都是重点#恋爱心理学[话题]# #提升亲密关系[话题]# #情感[话题]# #恋爱观[话题]#",./images/mnt/ali-sh-1/usr/lihaitao/process_0106/image/part_67/679749/3023376.jpg|./images/mnt/ali-sh-1/usr/lihaitao/process_0106/image/part_67/679749/3023377.jpg|./images/mnt/ali-sh-1/usr/lihaitao/process_0106/image/part_67/679749/3023378.jpg|./images/mnt/ali-sh-1/usr/lihaitao/process_0106/image/part_67/679749/3023379.jpg|./images/mnt/ali-sh-1/usr/lihaitao/process_0106/image/part_67/679749/3023380.jpg|./images/mnt/ali-sh-1/usr/lihaitao/process_0106/image/part_67/679749/3023381.jpg|./images/mnt/ali-sh-1/usr/lihaitao/process_0106/image/part_67/679749/3023382.jpg|./images/mnt/ali-sh-1/usr/lihaitao/process_0106/image/part_67/679749/3023383.jpg
1453,female,23-25,1336436,她只有十六岁 因为大如 失去了最好的额娘,大如知不知道她的胡作非为毁了一个家庭 田姥姥有一儿一女 却从未嫌弃过自幼体弱多病的女儿 大如的克扣就是万恶之源 若不是大如 田姥姥不会谋害皇嗣 胡芸角也不会失去额娘 所以这个剧最绝的是:反派都比大如讨喜 胡芸角和田姥姥的遭遇 让人产生了同理心 衬得大如真的很不近人情旦虚伪 田姥姥的人设都比大如强一百倍 #如懿传[话题]# #如懿传吐槽[话题]##大如传[话题]# #大如传吐槽[话题]# #一起追剧[话题]# #我正在追的剧[话题]#,
1453,female,23-25,949491,男生视角告诉你 从陌生人处成女朋友的过程,"男生视角告诉你: 从陌生人处成女朋友 的完整过程 第1个阶段:吸引 爱情的基础就是吸引,而价值产生吸引,你 自己好好回想一下,你一看见她,你就很喜 欢她,她并没有做什么。你为什么喜欢她? 因为她身上有你追求的价值。 如果一个女生很老很丑,很矮,很胖,满脸 麻子,你见到她之后很难下饭。#情感[话题]# #浪漫生话的记录者[话题]# #恋爱指南[话题]# #旅游[话题]# #不懂就问有问必答[话题]# #留学[话题]#",./images/mnt/ali-sh-1/usr/lihaitao/process_0106/image/part_59/597691/2625486.jpg|./images/mnt/ali-sh-1/usr/lihaitao/process_0106/image/part_59/597691/2625487.jpg|./images/mnt/ali-sh-1/usr/lihaitao/process_0106/image/part_59/597691/2625488.jpg|./images/mnt/ali-sh-1/usr/lihaitao/process_0106/image/part_59/597691/2625489.jpg
1453,female,23-25,1501475,脸型风格,姐妹们快来看看你们是什么脸型吖#妆容风格定位[话题]# #方脸适合什么发型[话题]# #脸型[话题]#,
2198,male,19-22,842179,TXT ANGEL单封🇲🇾,rm85一套 不🍞本地邮费 *签售专 #TXT[话题]# #sanctuary[话题]#,./images/mnt/ali-sh-1/usr/lihaitao/process_0106/image/part_57/576308/2527249.jpg
2198,male,19-22,1013047,TXT台历🇲🇾,RM13 each member YJ ❌❌ SB ❌❌ BG ❌❌ TY ❌❌ KAI ❌❌ 本体rm59 ❌✅ unit pc (3pc) rm21 ❌❌ #TXT[话题]# #台历[话题]#,
2198,male,19-22,944372,🇲🇾套出墨普卡,p1 15/4 p2 15/4 p3 10/4 p4 10/4 p5 10/4 (收两套就半包)(西马) 西马8 东马15 #blackpink[话题]# #blackpink小卡[话题]# #jisoo[话题]# #jennie[话题]# #rose朴彩英[话题]# #lisa[话题]#,
2198,male,19-22,982980,🇲🇾MOA 2025 SEASON GREETINGS!,车开好了 等你们上! 有兴趣的人自然知道哪里找我😁 #txt[话题]# #seasongreeting[话题]# #2025seasongreeting[话题]# #崔秀彬[话题]# #崔然竣[话题]# #崔杋圭[话题]# #姜太显[话题]# #休宁凯[话题]# #土巴兔[话题]#,./images/mnt/ali-sh-1/usr/lihaitao/process_0106/image/part_90/901381/4062246.jpg|./images/mnt/ali-sh-1/usr/lihaitao/process_0106/image/part_90/901381/4062247.jpg
2198,male,19-22,1564953,🇲🇾Moa们请看过来🌹✨,Wvs特典只换soobin[皱眉R]优先换卡[吧唧R]都换soobin[萌萌哒R]实在换不到就出[皱眉R]也出旧专小卡 可用旧专soobin的卡来换[喝奶茶R]贝贝们 注意ip哈[皱眉R] #马来西亚moa[话题]# #崔然竣[话题]# #崔秀彬[话题]# #崔杋圭[话题]# #姜太显[话题]# #休宁凯[话题]# #txt[话题]# #tomorrow_by_together[话题]#,
2198,male,19-22,1564669,【出】崔杋圭小卡,"清清非自担卡册,戳脸3需要捆至少一张一起出,单出55。都是自己在线下拆出来的专卡默认微瑕,可私我看对光,邮费zz。#崔杋圭[话题]##戳脸3[话题]# #白日梦3[话题]# #出卡[话题]# #TXT[话题]# #电子专[话题]# #拿花3[话题]#",
2198,male,19-22,824766,出TXT小卡🇲🇾 自帶價,💡P1 自代價 合理的就出 熱卡需捆!!️ 💡P2 & P3 價錢已在圖上 可刀 都不包郵 買多可包 有信譽 #txt[话题]# #txt出卡[话题]# #马来西亚出txt小卡[话题]# #TXT马来西亚[话题]# #马来西亚txt出卡[话题]# #txt出物[话题]#,
2198,male,19-22,956118,🇲🇾TXT冒险王场限卡,可全员出 是现货🫰 🇲🇾 汇款后隔天发货! #txt[话题]# #txt马来西亚[话题]##马来西亚出txt小卡[话题]#,
2198,male,19-22,1732270,🇲🇾白菜价出txt小卡,有小礼物 星点代表有瑕 不包 邮费西马8 东马12 多收可半包 全收包邮 #txt[话题]# #TXT[话题]# #🇲🇾出卡[话题]# #出小卡[话题]# #档[话题]#,
2198,male,19-22,997055,🇲🇾🥬 txt档新专,未拆 包含所有配置 RM 45 /本 (可以选 125/set 有问题pm/评论 #txt[话题]##新专[话题]##专辑[话题]##马来西亚[话题]##崔然竣[话题]##崔秀彬[话题]##崔杋圭[话题]##姜太显[话题]##休宁凯[话题]#,./images/mnt/ali-sh-1/usr/lihaitao/process_0106/image/part_75/758299/3398518.jpg
2198,male,19-22,1129370,🇲🇾换/出/收TXT Sanctuary小卡,换出收TXT小卡和明信片 详情看图4图5 #txt[话题]# #马来西亚出卡[话题]# #马来西亚出txt小卡[话题]# #崔秀彬[话题]# #崔然竣[话题]# #崔杋圭[话题]# #姜太显[话题]# #休宁凯[话题]#,./images/mnt/ali-sh-1/usr/lihaitao/process_0106/image/part_81/810368/3648531.jpg
2198,male,19-22,1944587,出一只原皮杋嘻,【全新】 出txt官娃挂件 杋嘻 崔杋圭挂件 原皮 最后一只 价格225半包 拍下后一律不退不换 tag:txt官娃txt快闪 角巴免 崔然竣娃娃 TXT官娃 tx娃 黄春挂件娃娃 hwang choon 快闪卡 崔秀彬崔然竣 崔机圭 崔秀彬 休宁凯 姜太显 TXT快闪 TXT包挂 tomorrowxtogether TXT确定要拍请私信看状态#txt[话题]# #txt快闪[话题]# #txt崔杋圭[话题]#,./images/mnt/ali-sh-1/usr/lihaitao/process_0106/image/part_103/1030238/4635394.jpg
2198,male,19-22,1132726,🇲🇾🥬txt单封,30/1可选成员 #txt[话题]# #崔秀彬[话题]# #崔然竣[话题]# #崔杋圭[话题]# #姜太显[话题]# #休宁凯[话题]# #专辑[话题]# #kpop[话题]# txt档新专 sanctuary,./images/mnt/ali-sh-1/usr/lihaitao/process_0106/image/part_66/663296/2947493.jpg
2198,male,19-22,1628136,【SOLD❌】➗🇲🇾 TXT档PB版未拆专,"➗🇲🇾 TXT档PB版未拆专 🧡 RM28ea随机 ,RM80一套3本(版本不重复) 🧡 未拆全配置,包含专辑小卡 🧡 ETA 四月尾-五月初 🧡 exc local postage #TXT[话题]# #tomorrow_x_together[话题]# #档[话题]# #崔然竣[话题]# #崔秀彬[话题]# #崔杋圭[话题]# #姜太显[话题]# #休宁凯[话题]# #马来西亚[话题]# #kpop[话题]# #专辑[话题]#",./images/mnt/ali-sh-1/usr/lihaitao/process_0106/image/part_111/1113470/4987855.jpg
2198,male,19-22,1406897,🇲🇾RM130 Txt mini7未拆(一套),"Txt mini7未拆(一套)RM130 本人是代切哦!! 运输需要2-4个星期!! 有提供购买记录,可放心购买!! 包了ems,只需付本地邮哦 #未拆专辑[话题]# #txt[话题]# #TXT[话题]#",./images/mnt/ali-sh-1/usr/lihaitao/process_0106/image/part_59/593766/2607468.jpg
2198,male,19-22,1121416,🇲🇾出TXT已拆专+pob,专辑+pob RM18而已哦 ☄️都是soobin ❌❌不包邮 📢📢📢专辑没有小卡 感兴趣的请私 #txt[话题]# #出专[话题]# #我的追星日常[话题]# #崔秀彬[话题]#,./images/mnt/ali-sh-1/usr/lihaitao/process_0106/image/part_78/787892/3530611.jpg
2198,male,19-22,1399676,🇲🇾🇲🇾TXT官娃玛琅一起拼吗?(注意价钱变,玛琅choi line —— rm108 taehyun&kai —— rm105 官娃价钱不定 around rm175/1 有意者私[吧唧R][吧唧R] *从zg平台下单 *确认拼成后才下单 如无拼成会通知 *未包国际邮&本地邮 #拼车[话题]# #拼车[话题]# #txt[话题]# #马来西亚[话题]# #玛琅[话题]# #娃[话题]#,./images/mnt/ali-sh-1/usr/lihaitao/process_0106/image/part_66/667878/2968993.jpg|./images/mnt/ali-sh-1/usr/lihaitao/process_0106/image/part_66/667878/2968994.jpg|./images/mnt/ali-sh-1/usr/lihaitao/process_0106/image/part_66/667878/2968995.jpg
2198,male,19-22,1122558,🇲🇾出崔勇萌👀無️,现货 今天出明天发货💫 #txt[话题]# #崔秀彬[话题]# #txt崔秀彬[话题]# #马来西亚[话题]# #TXT[话题]#,./images/mnt/ali-sh-1/usr/lihaitao/process_0106/image/part_95/955696/4309780.jpg
2198,male,19-22,1605813,🇲🇾收pulbbatu崔勇汪官娃,佛系收一只勇萌!现货/转单 原价优先 不h收 txt 2 官娃 ppulbatu 挂件 #TXT马来西亚[话题]#,./images/mnt/ali-sh-1/usr/lihaitao/process_0106/image/part_56/569481/2491576.jpg
2205,,,1378788,➗娃衣福袋28,20cm棉花娃娃娃衣 55包出#棉花娃娃[话题]# #福袋[话题]# #棉花娃娃娃衣[话题]# #娃衣福袋[话题]# #20cm棉花娃娃娃衣[话题]# #棉花娃娃娃衣安利[话题]#,./images/mnt/ali-sh-1/usr/lihaitao/process_0106/image/part_96/969802/4370710.jpg
2205,,,1068087,听说小红书出娃衣福袋很快!?️,想出一波娃衣福袋有姐妹要吗🙋🏻‍♀️#听说小红书出闲置很快[话题]##棉花娃娃[话题]# #棉花娃娃娃衣[话题]# #棉花娃娃娃衣安利[话题]# #娃衣福袋[话题]#,
2205,,,1050366,無️➗长毛吉伊,150🍞 有牌未修剪过~希望找个好人家[哭惹R] #chiikawa[话题]# #吉伊[话题]#,
2205,,,880140,让我涨涨见识啦!,请交出你的 挺贵 但看不出价值的 毛绒玩偶 #来来来我们一起来讨论[话题]# #大家畅所欲言[话题]# #毛绒玩具[话题]#,./images/mnt/ali-sh-1/usr/lihaitao/process_0106/image/part_68/682183/3034454.jpg
2205,,,1550992,不懂就问,不懂就问 这个属于什么卡位嘟 溜达随手买了一张出来跟封面一样的 #吉伊卡哇[话题]# 二编 感谢小宝们的普及~如果需要可出 主页有所有详细价格 喜欢的可以直接私我~[喝奶茶R],./images/mnt/ali-sh-1/usr/lihaitao/process_0106/image/part_74/740363/3318988.jpg
2205,,,1695654,急出急出,"🔪出一只新年小八,脸很甜的一只,快新年了适合带出去拍照。全新仅拆确认,后面一直有袋站柜,有吊牌无原袋,拍下发细节视频 210🍞",./images/mnt/ali-sh-1/usr/lihaitao/process_0106/image/part_96/966062/4354698.jpg|./images/mnt/ali-sh-1/usr/lihaitao/process_0106/image/part_96/966062/4354699.jpg
2205,,,1678437,娃衣太多啦 准备5折出福袋有人蹲吗?,大多都是全新的 或者仅试穿 要是穿着次数多了会狠狠刀 刚刚算了一下应该达不到2-3折那么恐怖的地步 还是写五折吧#棉花娃娃娃衣[话题]# #棉花娃娃[话题]# #20cm棉花娃娃娃衣[话题]#,
2205,,,1561848,半退ckw坑➗,"除了小熊以外都有原袋有吊 南瓜兔为初贩,有图在p2 盘出,只寄一个地址 走平台不包手续费 ip在日本所以可国际可岛内 不包邮不包税 二编:追加一只今年的万圣小八在p3,脸很甜 p4价格已出 #chiikawa[话题]#",./images/mnt/ali-sh-1/usr/lihaitao/process_0106/image/part_82/825675/3715863.jpg|./images/mnt/ali-sh-1/usr/lihaitao/process_0106/image/part_82/825675/3715864.jpg|./images/mnt/ali-sh-1/usr/lihaitao/process_0106/image/part_82/825675/3715865.jpg|./images/mnt/ali-sh-1/usr/lihaitao/process_0106/image/part_82/825675/3715866.jpg
2205,,,1529570,175长毛(有捆致歉),这个盘基本小八具体看图和置顶🔝 全部可拆 不💼 多带优先#chiikawa[话题]# #回血[话题]# #小八[话题]# #急出[话题]# #乌萨奇[话题]# #南瓜兔[话题]#,./images/mnt/ali-sh-1/usr/lihaitao/process_0106/image/part_82/825041/3712912.jpg
2205,,,1439794,永远不分开(՞_ ̫ _՞)ᐝ,#chiikawa[话题]# #吉伊[话题]# #chiikawa独角仙[话题]#,./images/mnt/ali-sh-1/usr/lihaitao/process_0106/image/part_59/592173/2600185.jpg
2205,,,1379891,95🍞,不是小八麻麻 来个爱它的麻麻接小八回家吧,./images/mnt/ali-sh-1/usr/lihaitao/process_0106/image/part_85/853846/3840410.jpg|./images/mnt/ali-sh-1/usr/lihaitao/process_0106/image/part_85/853846/3840411.jpg
2205,,,1640667,無➗吉伊初贩揣手吉伊小盘,"不是好价 总价488都不🍞, 都有牌,不知道是不是原袋。拍下给发状态。 翻车鱼吉伊 中华吉伊 观光吉伊 二代魔法少女吉伊 初贩揣手自嘲熊吉伊 #chiikawa[话题]# #吉伊[话题]# #魔法少女吉伊二代[话题]# #初贩自嘲熊揣手吉伊[话题]# #观光吉伊[话题]# #翻车鱼吉伊[话题]# #中华吉伊[话题]#",
2205,,,957905,➗全新未拆翻车鱼吉伊挂件🐟,"chiikawa水族馆翻车鱼吉伊 日本京都买的,人肉带回 100r包邮#chiikawa[话题]# #chiikawa吉伊[话题]# #吉伊[话题]# #chiikawa水族馆[话题]# #chiikawa挂件[话题]##出物[话题]##挂件[话题]#",
2205,,,868199,记录帖-翻车鱼吉伊挂件,收价:和鱿鱼吉伊一起210 #chiikawa[话题]# #chiikawa吉伊[话题]# #吉伊卡哇[话题]#,
2205,,,1147544,翻车鱼吉伊,全新未拆 8️⃣8️⃣包u~🐟直拍 #chiikawa[话题]# #chiikawa吉伊[话题]#,
2205,,,909228,翻车鱼会有咪咪吃妈 管饱!,发晚啦不好意思宝宝们终于上啦 希望没有错过 快来找雪咪玩!#chiikawa[话题]# #吉伊[话题]# #小八[话题]# #乌萨奇[话题]# #chiikawa翻车鱼[话题]#,
2205,,,1401702,【➗】听说西红柿÷得快......,大人们请用......咝⭐就好(打招呼用完了) 翻车鱼吉伊無啦 #chiikawa[话题]# #chiikawa水族馆[话题]# #翻车鱼乌萨奇[话题]# #翻车鱼小八[话题]# #海豚乌萨奇[话题]# #鲨鱼小八[话题]# #餐厅乌萨奇[话题]# #餐厅吉伊[话题]# #柠檬小八[话题]#,./images/mnt/ali-sh-1/usr/lihaitao/process_0106/image/part_104/1043765/4692476.jpg
2205,,,1029639,让我吃一只国现翻车鱼吉伊吧,"特别🌿这只,有国现能出我嘛😭 #吉伊卡哇[话题]# #吉伊[话题]##chiikawa[话题]#",./images/mnt/ali-sh-1/usr/lihaitao/process_0106/image/part_96/968738/4366092.jpg
2205,,,1231464,➗翻车鱼吉伊,头上有点东西 可以拍给你看 介意的别来 80包已自刀 吊牌全新 没有拿去外面玩 #翻车鱼吉伊[话题]##吉伊[话题]##出物回血[话题]#,./images/mnt/ali-sh-1/usr/lihaitao/process_0106/image/part_92/928700/4182235.jpg
4552,female,23-25,983274,说实话,"说实话这个姐妹说的蛮中肯的,但是我感觉他们艺人应该没有那么大的自由度,应该是zb试水,放一些出去试试水#十个勤天[话题]# #种地吧[话题]# #十个勤天第三季[话题]# #十个勤天第三季原班人马[话题]#",./images/mnt/ali-sh-1/usr/lihaitao/process_0106/image/part_58/586810/2576023.jpg
4552,female,23-25,1548856,四川观察|文旅宣传人我还是选成和花女士,我真的承认很多候选人真的很棒! 但是在这样的选择上我还是无条件地选择成和花女士[偷笑R][偷笑R][偷笑R][偷笑R][偷笑R][偷笑R][偷笑R] 如果当选了会有颁奖典礼吗? 会把成和花女士请来现场吗[偷笑R][偷笑R][偷笑R] #大熊猫和花[话题]# #四川观察[话题]# #四川文旅[话题]#,
4552,female,23-25,1635622,怎么没有人做一款素人做老师的综艺,#做老师就如同当爱豆[话题]# #教师[话题]# #老师[话题]# #班主任[话题]# #综艺[话题]#,
4552,female,23-25,878711,10几块和小红书学的中古挂画,"⚠️背板如果直接买原木板,上墙会比较麻烦。简单的办法5块钱买一副画,然后直接刷黑。这样有挂画孔和工具。轻松上墙#装修日记[话题]# #中古风[话题]# #笔记灵感[话题]# #挂画[话题]# #装饰画[话题]# #diy[话题]# #拯救大白墙计划[话题]# #中古画[话题]# #中古[话题]#",./images/mnt/ali-sh-1/usr/lihaitao/process_0106/image/part_61/612909/2696077.jpg
4552,female,23-25,1677160,翻译翻译,"意思是,如果自己有经济条件的话,就不需要对方承担赡养自己的父母;如果自己没有经济条件,就需要对方帮助赡养,是吧??#再见爱人[话题]# #再见爱人4[话题]# #麦琳[话题]# #李行亮[话题]# #麦琳李行亮[话题]#",
4552,female,23-25,1947088,小话唠乔伊闻着青团睡觉觉,可能味道比较让熊安心[萌萌哒R] 2024/11/7-11/8 #大熊猫乔伊[话题]#,./images/mnt/ali-sh-1/usr/lihaitao/process_0106/image/part_63/632977/2786826.jpg|./images/mnt/ali-sh-1/usr/lihaitao/process_0106/image/part_63/632977/2786827.jpg|./images/mnt/ali-sh-1/usr/lihaitao/process_0106/image/part_63/632977/2786828.jpg|./images/mnt/ali-sh-1/usr/lihaitao/process_0106/image/part_63/632977/2786829.jpg|./images/mnt/ali-sh-1/usr/lihaitao/process_0106/image/part_63/632977/2786830.jpg|./images/mnt/ali-sh-1/usr/lihaitao/process_0106/image/part_63/632977/2786831.jpg|./images/mnt/ali-sh-1/usr/lihaitao/process_0106/image/part_63/632977/2786832.jpg|./images/mnt/ali-sh-1/usr/lihaitao/process_0106/image/part_63/632977/2786833.jpg
4552,female,23-25,1278002,Replicate a Alvar Aalto Cabinet,#家居[话题]# #小红书居住趋势[话题]# #家的新陈设[话题]# #我与装修和解了[话题]# #好好生活大赛[话题]# #年度关键帧[话题]# #diy家具[话题]# #AlvarAalto[话题]# #家居美学[话题]# @家居薯 @装修薯,./images/mnt/ali-sh-1/usr/lihaitao/process_0106/image/part_89/897092/4043136.jpg
4552,female,23-25,1080913,我的开放式厨房2.0,"搬进新家快两年了,各个地方都逐渐完善起来。厨房是大家平日里问的最多的地方,今天就再来写一写。 . 橱柜的柜门用的是多层实木贴皮,台面是白色石英石。大部分柜子里都用到了拉篮和抽屉,增加了拿取的便捷。 常被问起的金色墙面,是在木板基底上,贴的不锈钢板,看起来有点黄铜的效果,和把手呼应。 由于上一套房子用了吊柜后,体验感不佳(常常忘记放了什么进去,直到搬家...),所以这次就只做了置物架。 根据我和先生的身高,台面高度做了90cm,用起来还是比较舒服的。 . 由于是开放式厨房,不可以通燃气,所以我们选用的是电磁灶。方太这款电磁灶的功率还是不错的,能够满足我们的日常需求。用了两年,越来越得心应手。所以最近添置净水器时,也优先考虑了方太。 . 我们选的是方太母婴级净水机HR7 PRO。它最打动我的一点是采用了方太自主研发的「NSP选择性过滤技术」,滤除重金属的同时,还能够保留有益矿物质,滤出的是健康的矿物好水。 除了可以出常温水,还有不同的温度可以选择,有4档便捷调温和14档变温,非常方便泡茶、冲奶等等。对了,它直达龙头端的UV除菌功能,可以保障入口最后一厘米的饮水安全,也能够放心饮用。水龙头上带有各种温度的显示,伴随语音,使用起来方便又安全。除此之外,滤芯换起来也很简单,一转一拉便可以完成。 . 有了净水机后,厨房的中岛也更像个小吧台。宝宝非常喜欢坐在这里,喝起水来都更惬意。这个小人儿可真会享受啊!我们呢,也更加爱上开放式厨房带来的更多可能性。🤗 . #开放式厨房[话题]# #厨房[话题]# #装修灵感[话题]# #净水器[话题]# #净水机[话题]# #方太母婴级净水机[话题]# #…",./images/mnt/ali-sh-1/usr/lihaitao/process_0106/image/part_109/1091417/4895671.jpg|./images/mnt/ali-sh-1/usr/lihaitao/process_0106/image/part_109/1091417/4895672.jpg|./images/mnt/ali-sh-1/usr/lihaitao/process_0106/image/part_109/1091417/4895673.jpg|./images/mnt/ali-sh-1/usr/lihaitao/process_0106/image/part_109/1091417/4895674.jpg|./images/mnt/ali-sh-1/usr/lihaitao/process_0106/image/part_109/1091417/4895675.jpg|./images/mnt/ali-sh-1/usr/lihaitao/process_0106/image/part_109/1091417/4895676.jpg|./images/mnt/ali-sh-1/usr/lihaitao/process_0106/image/part_109/1091417/4895677.jpg|./images/mnt/ali-sh-1/usr/lihaitao/process_0106/image/part_109/1091417/4895678.jpg
4552,female,23-25,882827,李行亮明明是最维护她面子的人,女儿成绩的事儿、画家、还有刚开始婚姻体检的措辞......亮子还是太体面了#再见爱人4[话题]# #麦琳李行亮[话题]#,./images/mnt/ali-sh-1/usr/lihaitao/process_0106/image/part_95/959858/4327828.jpg
4552,female,23-25,1271049,三个人四个宿舍群,#办公室[话题]# #theoffice[话题]# #TheOffice[话题]# #Theoffice[话题]# #theOffice[话题]# #theoffice办公室[话题]# #美剧theoffice[话题]# #theoffice[话题]# #英美剧分享[话题]#,
4552,female,23-25,1426231,猫冬生活美食酸菜馅大肉包子安排,"东北农村猫冬生活,晚上7点睡觉早上6点起床,一天两顿饭紧忙乎,老爷们想吃包子了,酸菜肉馅安排,生活是晨起暮落日子是柴米油盐,平凡的日子精神的过!#记录真实生活[话题]# #农村生活[话题]# #人间烟火[话题]# #酸菜包子[话题]# #农村美食[话题]# #乡村味道[话题]#",
4552,female,23-25,1200837,小小挂树贤!!,#大熊猫贤贤崽[话题]#,./images/mnt/ali-sh-1/usr/lihaitao/process_0106/image/part_112/1122176/5024375.jpg|./images/mnt/ali-sh-1/usr/lihaitao/process_0106/image/part_112/1122176/5024376.jpg|./images/mnt/ali-sh-1/usr/lihaitao/process_0106/image/part_112/1122176/5024377.jpg|./images/mnt/ali-sh-1/usr/lihaitao/process_0106/image/part_112/1122176/5024378.jpg|./images/mnt/ali-sh-1/usr/lihaitao/process_0106/image/part_112/1122176/5024379.jpg|./images/mnt/ali-sh-1/usr/lihaitao/process_0106/image/part_112/1122176/5024380.jpg|./images/mnt/ali-sh-1/usr/lihaitao/process_0106/image/part_112/1122176/5024381.jpg|./images/mnt/ali-sh-1/usr/lihaitao/process_0106/image/part_112/1122176/5024382.jpg
4552,female,23-25,1056607,复古绿碎花小黑猫🐈‍⬛还有点艺术的味道~,#低头捡个秋[话题]# #个性手机壳推荐[话题]# #菲林手机壳[话题]# #iphone手机壳[话题]# #高级感手机壳[话题]# #手机壳[话题]# #安卓菲林壳[话题]# #猫咪手机壳[话题]# #复古[话题]# #积极入冬的家居仪式感[话题]#,./images/mnt/ali-sh-1/usr/lihaitao/process_0106/image/part_103/1030270/4635532.jpg|./images/mnt/ali-sh-1/usr/lihaitao/process_0106/image/part_103/1030270/4635533.jpg|./images/mnt/ali-sh-1/usr/lihaitao/process_0106/image/part_103/1030270/4635534.jpg|./images/mnt/ali-sh-1/usr/lihaitao/process_0106/image/part_103/1030270/4635535.jpg
4552,female,23-25,1039889,我不会再共情任何灾难性新闻事件,"因为我是高敏感人群,无法再去承接太多负能量部分。所以会采取直接隔离手段,避免这些对日常生活造成影响。情绪状态不好的时候,我甚至会拒绝朋友和我倒苦水,避开太过伤身神的小说电影,不让自己被这些事件再去分摊精力和干扰。看见就是看见了,对他人好一点和尽自己力改变世界就行,但绝对不会再去设身处地去代入。感同身受是非常耗神的动作,只有真的经历过的人才能懂我在说什么。要活在自己的生活里,而非代入他人的困境中。 重点是不共情,不代表你不去有所作为。所以不用太多困扰,真正的勇敢和道德不在于你多么去心疼他人,而是去实践行动。只是不做过多的情感逗留,去改造争取就好了。让事件与讯息,像水一样过去就行。 真正的勇敢与道德,不是你去代他人的痛苦有多深刻,而是怎么去通过实践行动去改变这个世界。前者这样子反而会加剧粘稠与混沌,除了艺术创造之外,""过脑不过心""是最正确,和减免伤害和保全自我的方式。 #公益实修[话题]# #修行[话题]# #感悟人生[话题]#",
4552,female,23-25,1715299,"内娱综艺暂别,谁回来了?",我就问 凡是内娱综艺 暂别 到底有谁回来了? #十个勤天[话题]# #十个勤天做大做强[话题]# #种地吧第三季[话题]# #种地吧第三季原班人马[话题]# #内娱[话题]# #蒋敦豪[话题]#,./images/mnt/ali-sh-1/usr/lihaitao/process_0106/image/part_75/751518/3368420.jpg
4552,female,23-25,966637,我看到的声生不息先导片,"声生不息先导片保持了一贯的高水准 这一季的立意更为广泛 貌似也在为粤语歌寻找新的出路 这种类似纪录片的形式专业而深刻 好多宝贵的影像资料和音乐人相继出现为港乐背书 尤其是胡伟立大师的出现! 其实在先导片出来后我更想看到舞台用表演穿插纪录片讲述的形式,而非纯舞台表演。 希望当年制造辉煌时代的那些文人面孔多出来普及中华文化和中华音乐 这样粤语歌曲才更具文化魅力,那些老一辈的才子佳人们身上闪耀着如今快餐文化网红们望尘莫及的绝代风采,令人钦佩和感动。 港乐的蓬勃有赖于所有词曲音乐人们对华语音乐和华语文字深刻的文化底蕴,如今市场的变化是对他们才华的消磨!肤浅当道,才华反而无处展示,叹息又无能为力。 我们应该慢下来,静下来,多给这些才子们更多的空间、更多的尊重和支持!(但真的很难,市场已经这样了) #声生不息[话题]# #声生不息港乐季2[话题]# #声生不息大湾区季[话题]# #声生不息先导片[话题]#",
4552,female,23-25,1416251,Dwight家族的硬核葬礼(确保你死透版,丝滑 笑的我肚子痛 Oscar做错了什么哈哈哈要经历这些 #theoffice[话题]# #办公室[话题]# #美剧theoffice[话题]# #美剧办公室[话题]# #DwightShrute[话题]# #葬礼[话题]# #硬核[话题]# #丝滑小连招[话题]# 视频来源于网络,
4552,female,23-25,1467029,有人投🥭的春晚了吗?,🥭的春晚有人投吗? 1.3放假能投这个吗?#芒果TV[话题]# #湖南卫视春节联欢晚会[话题]# #芒果TV实习[话题]# #实习生[话题]# #芒果tv内推[话题]# #2024湖南卫视芒果TV春节联欢晚会[话题]# #芒果TV春节联欢晚会[话题]# #芒果TV实习[话题]#,./images/mnt/ali-sh-1/usr/lihaitao/process_0106/image/part_90/903567/4071553.jpg
4552,female,23-25,1731066,"鑫鑫仔失误场面,一定要看到最后",#大熊猫鑫鑫仔[话题]# 呜呜呜~,
5095,female,23-25,921562,小巷人家第二部!!,"我期待小巷人家能拍第二部,理由如下: 1.想看栋哲和筱婷的婚礼 2.想看鹏飞带媳妇见家长,带他爸妈住新房,开公司当大老板 3.想看阿公阿婆悔不当初 4.想看李佳一家跟图南阿公阿婆同台表演 5.想看打小报告举报林工的小人被揭穿 #小巷人家[话题]##范丞丞小巷人家[话题]# #电视剧小巷人家[话题]# #小巷子里的旧时光[话题]# #庄筱婷林栋哲[话题]# #小巷人家第二部[话题]# #栋哲筱婷婚礼[话题]#",
5095,female,23-25,985983,超好吃小火锅合集!!,"有平价好吃的小火锅推荐吗,求求求[色色R]#没有什么是一顿火锅解决不了[话题]# #火锅[话题]# #美食日记[话题]# #追剧必备[话题]# #好吃到爆[话题]# #自热火锅[话题]# #自热火锅推荐[话题]# #速食推荐[话题]#",./images/mnt/ali-sh-1/usr/lihaitao/process_0106/image/part_57/575316/2522516.jpg|./images/mnt/ali-sh-1/usr/lihaitao/process_0106/image/part_57/575316/2522517.jpg
5095,female,23-25,1371834,推荐点好吃的自热小火锅吧!!,除了莫小仙(吃腻了)和田小花(不好吃) #自热小火锅[话题]# #自热火锅[话题]#,./images/mnt/ali-sh-1/usr/lihaitao/process_0106/image/part_96/960633/4331339.jpg
5095,female,23-25,881898,"想告诉全世界,这玩意儿真的太太太好吃了!","#把秋天留在厨房里[话题]# 豆花牛肉这么做绝了!两碗米饭都不够吃,牛肉又麻又辣超级入味,豆花很软嫩,巨巨巨下饭! 食材准备: 牛肉 豆花 豆芽 金针菇 葱 蒜 干辣椒 火锅底料 🥩做法: 1️⃣牛肉切片,加一勺生抽、一勺盐巴、三勺淀粉抓匀腌制20分钟,最后可以倒入一勺食用油 2️⃣锅中烧油,油热下蒜、豆瓣酱炒出红油,倒入干辣椒段和花椒炒香,再倒入火锅底料,再倒入适量清水煮开,放入一勺盐巴一勺生抽调味 3️⃣下入配菜烫熟捞出放入碗底,再下入豆花煮3分钟捞出,再下入牛肉烫熟后盛入碗中,撒上蒜末和辣椒段泼上热油,最后撒上葱花即可#豆花[话题]# #牛肉[话题]# #小红书爆款美食[话题]# #周末家常菜[话题]# #谁不爱这一口[话题]# #喜欢吃的在家试着做吧[话题]# #简单美食[话题]#",
5095,female,23-25,1674648,nan,"到底该怎么回复她才好!!!!我真的无语了,这是个什么理由直接给我气笑了#工作吐槽[话题]#",
5095,female,23-25,1713540,放眼整个自热火锅界...都是炸裂般的存在!!,"不愧是超大锅!!比我家脸盆还大[捂脸R][捂脸R] 海底捞自热火锅新品麻辣嫩牛超大锅! 真的打遍无敌手!! —— 坠直观的感受就是!!量大!!料多!! 里面的食材料包都是双份的😳!!足足有十包料!! 嫩牛肉、粉条、各种各样的蔬菜煮出来满满一大锅!! 不夸张!三个人都能吃饱饱的!!!!! 里面的牛肉🥩又嫩又大块,麻麻辣辣的嘎嘎入味!! 粉条是那种湿粉!吸饱汤汁嗦起来超级过瘾!! 藕片、竹笋、土豆脆脆的!!也都吼吼吃!! 我还特意加了贡菜!一整个tree上加tree[色色R][色色R]!! —— 关键疯狂加量的同时还不加价!!!!! 之前435g常规款都29.9r了,这次加量840g才49.9r!! 而且凭借学生证还能专享优惠价37.9r!! (学生证直接甩给客服就行[得意R][得意R][得意R]) 咱就是说!!真的太宠我们大学生了哈哈哈! 姐妹们这波羊毛千万别错过!!都去薅起来!! #自热火锅[话题]# #速食推荐[话题]# #免煮速食[话题]# #学生优惠[话题]# #海底捞自热火锅[话题]# #麻辣嫩牛超大锅[话题]# #海底捞超大自热火锅[话题]# #一个人的火锅自由[话题]##宅家美食日记[话题]# #夜宵吃什么[话题]#",./images/mnt/ali-sh-1/usr/lihaitao/process_0106/image/part_77/772104/3460016.jpg|./images/mnt/ali-sh-1/usr/lihaitao/process_0106/image/part_77/772104/3460017.jpg|./images/mnt/ali-sh-1/usr/lihaitao/process_0106/image/part_77/772104/3460018.jpg|./images/mnt/ali-sh-1/usr/lihaitao/process_0106/image/part_77/772104/3460019.jpg|./images/mnt/ali-sh-1/usr/lihaitao/process_0106/image/part_77/772104/3460020.jpg|./images/mnt/ali-sh-1/usr/lihaitao/process_0106/image/part_77/772104/3460021.jpg|./images/mnt/ali-sh-1/usr/lihaitao/process_0106/image/part_77/772104/3460022.jpg|./images/mnt/ali-sh-1/usr/lihaitao/process_0106/image/part_77/772104/3460023.jpg
5095,female,23-25,1127840,莫小仙避雷,"好难吃别买!昨天吃了莫小仙血旺粉丝的也好难吃没有味道 菜也邦邦硬,不入味 今天特意泡久了一点 结果还是没味道,咬不动,难吃#莫小仙自热火锅[话题]#",./images/mnt/ali-sh-1/usr/lihaitao/process_0106/image/part_80/807953/3637736.jpg
5095,female,23-25,1469174,这节目片头是不是有暗示!,"结合爆料也说三对儿最后离了俩,李行亮麦琳放开手,留几手葛夕错过,杨子黄圣依双向奔赴,这三个镜头紧挨着。#再见爱人4[话题]# #麦琳[话题]# #李行亮[话题]# #葛夕刘爽[话题]# #杨子黄圣依[话题]# #麦琳李行亮[话题]# #再见爱人[话题]#",
5095,female,23-25,1500545,为何会两败俱伤,"只是让人唏嘘,从年少夫妻走到相看两厌。 两个人可能都爱对方,只是不够爱,不够让他们想要去互相了解对方,就像伊能静说的,你爱我,却不看我灵魂的出口,哎还是挺难受的。 #再见爱人4[话题]# #伊能静[话题]# #李行亮麦琳[话题]# #浪花waves排行榜[话题]# #浪花waves高校排行[话题]# #图文伙伴计划[话题]# #遗憾才是常态[话题]# #李行亮[话题]#",
5095,female,23-25,1585377,"我宣布,这是最好吃的自热小火锅","好久好久没更新啦,因为最近每天都要吐,哭了无数场😭虽然不应该吃垃圾食品,但是这个自热小火锅真的好好吃!!!#自热火锅[话题]#",./images/mnt/ali-sh-1/usr/lihaitao/process_0106/image/part_91/912318/4110060.jpg
5095,female,23-25,1726213,"一口下去,简直就是我的解馋神助攻👍赞赞赞","👩‍👩‍👧‍👧姐妹淘,聚在一起的甜蜜时光,麻辣豆干是聊天必备!每日现做,无科技,纯正鲜辣,让下午茶不再单调。软韧口感,挑逗味蕾,姐妹们的欢笑里都藏着它的香! latenight追剧,麻辣豆干成瘾预警!新鲜制作,辣而不燥,每一口都是对剧情的最佳诠释。健康享美味,深夜放肆小吃,就该这么过瘾!#麻辣冷吃[话题]# #妈呀太好吃了[话题]# #小吃培训[话题]# #追剧必备小零食[话题]# #超级下饭的家常菜[话题]# #好吃不贵经济实惠[话题]# #麻辣豆干[话题]# ##零食推荐[话题]# #辣条[话题]# #追剧小零食[话题]# #零食[话题]# #豆腐干[话题]#",./images/mnt/ali-sh-1/usr/lihaitao/process_0106/image/part_89/894572/4032372.jpg|./images/mnt/ali-sh-1/usr/lihaitao/process_0106/image/part_89/894572/4032373.jpg|./images/mnt/ali-sh-1/usr/lihaitao/process_0106/image/part_89/894572/4032374.jpg|./images/mnt/ali-sh-1/usr/lihaitao/process_0106/image/part_89/894572/4032375.jpg
5095,female,23-25,1703011,"来了来了,悄悄话。","唉,说实话这悄悄话,我总觉得这6个人里面至少得有一半人都不真诚...... 好多人都不好好答题 我也是姑且一看吧 就是有一种,既然看这个节目,就想把他所有的官方播出的正片和加更都看了 好像这样才更有底气跟别人聊天[失望R][失望R][失望R] #再见爱人4[话题]# #推荐一个最近在看的综艺[话题]# #好看的综艺[话题]# #再见爱人悄悄话[话题]#",
5095,female,23-25,1724982,nan,芭提雅步行街带走妹子需要多少 #不懂就问有问必答[话题]# #万能的小红书[话题]#,
5095,female,23-25,1669239,nan,芭提雅哪里有卖72小时阻断艾滋病毒药物 #不懂就问有问必答[话题]# #万能的小红书[话题]#,./images/mnt/ali-sh-1/usr/lihaitao/process_0106/image/part_63/639195/2817374.jpg
5095,female,23-25,983130,乌鲁木齐❗️ 新疆的小火锅食材究竟有多离谱,入冬了吃个火锅吧@吃货薯#冬日与美食撞个满怀[话题]# #乌鲁木齐探店[话题]# #就叫小火锅[话题]# #乌鲁木齐美食[话题]# #乌鲁木齐[话题]# #乌鲁木齐吃喝玩乐[话题]# #小火锅[话题]# #火锅[话题]# #旋转小火锅[话题]# #宝藏小店[话题]#,
5095,female,23-25,1067938,"海底捞超超超大自热火锅,学生党快来薅羊毛","巨大无比,没两三个人吃不完!#麻辣嫩牛超大锅[话题]# #海底捞自热火锅[话题]# #海底捞超大自热火锅[话题]# #学生优惠[话题]##零食分享[话题]#",
5095,female,23-25,1469694,一些活人感很强的商家哈哈哈哈哈,#莫名其妙击中笑点[话题]# #搞笑段子[话题]# #有点离谱但又合理[话题]# #人类迷惑发言[话题]# #外卖商家回复[话题]# #评论[话题]##搞笑[话题]##哈哈哈哈[话题]#,./images/mnt/ali-sh-1/usr/lihaitao/process_0106/image/part_64/645282/2853951.jpg|./images/mnt/ali-sh-1/usr/lihaitao/process_0106/image/part_64/645282/2853952.jpg|./images/mnt/ali-sh-1/usr/lihaitao/process_0106/image/part_64/645282/2853953.jpg|./images/mnt/ali-sh-1/usr/lihaitao/process_0106/image/part_64/645282/2853954.jpg|./images/mnt/ali-sh-1/usr/lihaitao/process_0106/image/part_64/645282/2853955.jpg|./images/mnt/ali-sh-1/usr/lihaitao/process_0106/image/part_64/645282/2853956.jpg|./images/mnt/ali-sh-1/usr/lihaitao/process_0106/image/part_64/645282/2853957.jpg|./images/mnt/ali-sh-1/usr/lihaitao/process_0106/image/part_64/645282/2853958.jpg
5095,female,23-25,1010259,"黄圣依问的真是刀刀见血,麦琳都开始挠头了","问到孩子上学问题, 麦琳说,选择离家近的。 因为我们买房子的时候,就考虑到了。 黄圣依追问:是因为房子买了所以去那上学,还是因为学校,才买的那里的房子。 麦琳挠头,说是肯定是因为学校。 但是,又强调,学校不是重点,就是一般般的学校。 葛夕以为,你为了学校买房子,那么学校肯定是重点学校啊。 麦琳说,哦,你们这么划分的啊? 但是,从麦琳否定的力度来说,学校肯定不是重点,只是一般学校。 当时这套房子购买的时候,也是比较急的,估计没有考虑那么多。 #再见爱人[话题]##麦琳[话题]##黄圣依[话题]##李行亮[话题]##杨子[话题]##综艺[话题]##综艺推荐[话题]# #综艺节目[话题]# #下饭综艺推荐[话题]#",
5132,female,19-22,1246674,早期鱼头星星,#虞书欣[话题]##公主[话题]#,
5132,female,19-22,1548988,为什么说我好嫁风啊,这么说对于本身就喜欢温柔穿搭风格的女生好不尊重啊......难道穿走温婉风格就不能是因为自己喜欢取悦自己吗[哭惹R] #温柔穿搭[话题]# #显身材穿搭[话题]# #少女感穿搭[话题]# #穿搭[话题]# #秋季穿搭[话题]# #snidel[话题]# #plmmbase[话题]# #龙心romance[话题]# #jill大姐姐[话题]#,
5132,female,19-22,1242233,幼儿园你们能不能管下家长的死活啊,"今天回家看见孩子衣服一整个崩溃,说是上画画课老师没给穿罩衣给弄上的,刚好到她罩衣不够了 后续老师也诚心道歉了,想着老师也挺不容易就算了,但是我这洗了好多遍都洗不掉,这今天刚穿上的新袄,也真是挺苦恼的[叹气R] #幼儿园[话题]# #美术课[话题]# #成年人的崩溃[话题]# #宝妈[话题]# #记录[话题]##怎么办[话题]# #绘画日常[话题]#",./images/mnt/ali-sh-1/usr/lihaitao/process_0106/image/part_92/929689/4186472.jpg
5132,female,19-22,1942731,小狗咋天天都在哭呢,#比熊[话题]# #我家宠物好可爱[话题]# #小狗[话题]#,./images/mnt/ali-sh-1/usr/lihaitao/process_0106/image/part_105/1055144/4740041.jpg
5132,female,19-22,1117894,我不是故意给它训哭的😭,我不是故意给它训哭的😭#萌宠日常记录[话题]# #狗子挨训[话题]# #小狗真的能听懂好坏话[话题]#,./images/mnt/ali-sh-1/usr/lihaitao/process_0106/image/part_110/1101859/4939238.jpg
5132,female,19-22,1161941,"半年没有收入了,想把孩子卖掉","#我的养宠日常[话题]# #再苦不能苦孩子[话题]# #狗狗要是能骂人一定得脏[话题]# #没有买卖就没有伤害[话题]# #家有萌宠[话题]# 毛孩开销太大,一个月理发洗澡也要180,还要买衣服,买维生素鲨鱼软骨等。在家里一点贡献不做,本来想买来配小狗,但是没钱给他买女朋友。带出去相亲好几次,说他眼睛搞笑,丑乖丑乖之类,给伤到自尊了。每天回来什么都不做,偶尔就路过镜子自己偷瞄一下又失落的低下了头。买了件衣服给他,被说成是女娃儿衣服,孩子说什么都不穿了,觉得自己的狗生很失败",./images/mnt/ali-sh-1/usr/lihaitao/process_0106/image/part_74/746415/3346134.jpg|./images/mnt/ali-sh-1/usr/lihaitao/process_0106/image/part_74/746415/3346135.jpg
5132,female,19-22,996326,难道只有我一个人觉得,"难道只有我一个人觉得榴娘演技很好吗? 设阵取子期妖丹那段,眼中带泪,表情中既有回忆中怀念和姐姐一同度过的时光的笑,也有要杀了子期的狠!台词也很好,尤其是那句小子期~有病娇让人毛骨悚然的感觉#谁懂啊家人们啊啊啊[话题]# #永夜星河[话题]# #榴娘[话题]#",
5132,female,19-22,974203,路边的小狗狗可以买吗 感觉真的好可怜,十一月底还是挺冷的 狗狗们都很小在笼子发抖 吃的都被打翻了 又不想助长这种老板 又觉得小狗狗好可怜 有几只真的很可爱 又怕路边的是星期狗 感觉就是空有一颗菩萨心 真的好无奈#狗狗日常[话题]# #温州买狗[话题]#,./images/mnt/ali-sh-1/usr/lihaitao/process_0106/image/part_89/892028/4021419.jpg|./images/mnt/ali-sh-1/usr/lihaitao/process_0106/image/part_89/892028/4021420.jpg|./images/mnt/ali-sh-1/usr/lihaitao/process_0106/image/part_89/892028/4021421.jpg|./images/mnt/ali-sh-1/usr/lihaitao/process_0106/image/part_89/892028/4021422.jpg|./images/mnt/ali-sh-1/usr/lihaitao/process_0106/image/part_89/892028/4021423.jpg|./images/mnt/ali-sh-1/usr/lihaitao/process_0106/image/part_89/892028/4021424.jpg|./images/mnt/ali-sh-1/usr/lihaitao/process_0106/image/part_89/892028/4021425.jpg
5132,female,19-22,1169303,nan,"楚楚不也是人与妖的孩子,为什么不是半妖#永夜星河[话题]#",
5132,female,19-22,1622374,还剩这么多 怎么办 在线等 挺急的,"自己喝了一大碗,喝饱了,剩下好浪费[哭惹R]#记录摆摊生活[话题]# #黑芝麻糊[话题]#",
5132,female,19-22,827613,杂技小狗,"哈哈哈哈哈哈简直要笑死了~第一次穿四条腿的衣服,穿上以后不会走路了😂 #我家宠物好可爱[话题]# #宠物[话题]# #小狗[话题]# #搞笑日常[话题]# #宠物的迷惑行为[话题]# #宠物迷惑行为大赏[话题]# #搞笑[话题]# #狗狗日记[话题]# #博美[话题]# #俊介[话题]# #小体博美[话题]# @宠物薯 @萌宠幼儿园",./images/mnt/ali-sh-1/usr/lihaitao/process_0106/image/part_57/571006/2500659.jpg|./images/mnt/ali-sh-1/usr/lihaitao/process_0106/image/part_57/571006/2500660.jpg|./images/mnt/ali-sh-1/usr/lihaitao/process_0106/image/part_57/571006/2500661.jpg|./images/mnt/ali-sh-1/usr/lihaitao/process_0106/image/part_57/571006/2500662.jpg|./images/mnt/ali-sh-1/usr/lihaitao/process_0106/image/part_57/571006/2500663.jpg|./images/mnt/ali-sh-1/usr/lihaitao/process_0106/image/part_57/571006/2500664.jpg|./images/mnt/ali-sh-1/usr/lihaitao/process_0106/image/part_57/571006/2500665.jpg
5132,female,19-22,960565,nan,太让人心疼了 她真的好可爱乖宝宝一样 给他买小宝宝穿的衣服竟然穿上刚刚好#拉布拉多成长日记[话题]# #拉布拉多日常[话题]# #宝宝穿搭[话题]#,./images/mnt/ali-sh-1/usr/lihaitao/process_0106/image/part_55/554415/2401990.jpg|./images/mnt/ali-sh-1/usr/lihaitao/process_0106/image/part_55/554415/2401991.jpg
5132,female,19-22,1385860,第一次穿衣服的娃,"我们并不提倡穿衣服,但每次看到比熊宝宝第一次穿上衣服后的举动,还是会忍不住笑出声!#家有比熊[话题]# #飞鱼比熊[话题]# #萌娃穿搭[话题]# #比熊[话题]# #比熊犬舍[话题]#",./images/mnt/ali-sh-1/usr/lihaitao/process_0106/image/part_83/835863/3760900.jpg|./images/mnt/ali-sh-1/usr/lihaitao/process_0106/image/part_83/835863/3760901.jpg|./images/mnt/ali-sh-1/usr/lihaitao/process_0106/image/part_83/835863/3760902.jpg|./images/mnt/ali-sh-1/usr/lihaitao/process_0106/image/part_83/835863/3760903.jpg
5132,female,19-22,863948,我~的~屁~ 婴儿爬爬衣也适合小狗穿,"授业身上长了一小块藓,给它剃一下结果剃多了。最近又冷,怕孩子感冒,没办法从母婴店给它买了个婴儿爬爬衣穿",./images/mnt/ali-sh-1/usr/lihaitao/process_0106/image/part_103/1032751/4646247.jpg|./images/mnt/ali-sh-1/usr/lihaitao/process_0106/image/part_103/1032751/4646248.jpg|./images/mnt/ali-sh-1/usr/lihaitao/process_0106/image/part_103/1032751/4646249.jpg
5132,female,19-22,785948,别买狗衣服啦去买童装吧各位😍,"去了大型童装批发店选的马甲,才19!还有很多花色和码数可以选,感觉比网上的狗衣服还好看而且划算多了,以后的狗衣服都被童装承包了✌️ #狗狗衣服[话题]# #童装[话题]#",./images/mnt/ali-sh-1/usr/lihaitao/process_0106/image/part_71/713401/3177329.jpg|./images/mnt/ali-sh-1/usr/lihaitao/process_0106/image/part_71/713401/3177330.jpg|./images/mnt/ali-sh-1/usr/lihaitao/process_0106/image/part_71/713401/3177331.jpg|./images/mnt/ali-sh-1/usr/lihaitao/process_0106/image/part_71/713401/3177332.jpg
5132,female,19-22,1677588,自己婴儿时期的旧衣服给狗子穿正合身,"带花烘回外婆家过节,她原本穿的小衣服很快就被滚得脏兮兮,只能换下来洗。 花烘穿惯了衣服,不穿衣服就冷得发抖。但大理这几天一直阴雨连绵,换下来的旧衣服一时半会儿晾不干,外婆家这边又没有宠物店可以买新衣服...... 于是就把二十六年前我穿的旧衣服翻了出来,没想到她穿上以后正合适! 巧合的是翻旧照片发现唯一一张留下来的,我穿着这件衣服的照片,还正好是跟当年那只帮我爹追到我妈的蝴蝶犬的合影哎! #狗狗新衣服[话题]# #狗狗穿搭[话题]# #永远的家人[话题]# #家有毛小孩[话题]# #是宠物是家人[话题]# #发一张我家的汪汪照[话题]# #我的狗狗是家人[话题]# #狗狗[话题]# #泰迪[话题]# #蝴蝶犬[话题]#",./images/mnt/ali-sh-1/usr/lihaitao/process_0106/image/part_93/939912/4234075.jpg|./images/mnt/ali-sh-1/usr/lihaitao/process_0106/image/part_93/939912/4234076.jpg
5132,female,19-22,1458656,穿上衣服就不会走路的狗狗太可爱了吧!,"狗狗:妈妈酱,衣服卡我咯吱窝了~ #狗狗[话题]# #搞笑[话题]# #可爱[话题]#",
5132,female,19-22,1234671,不小心给宝衣服买小了,图1沉默的背影 图2皮笑肉不笑 图3穿内衣不情愿的睡了 #我家狗真可爱[话题]# #宝宝衣服[话题]# #比熊[话题]# #狗狗日记[话题]#,
5132,female,19-22,1558775,秋冬出门暖暖必备🧶婴儿棉布鲁托背心,"冬日将至,宠物保暖工作刻不容缓[派对R] ☺️咕噜穿上了小背心 ee们家里的小爪友们都添衣了吗🐶 #带宠物去户外[话题]# #宠物衣服秋冬[话题]# #猫咪衣服[话题]# #狗狗衣服[话题]# #美卡衣服[话题]# #马尔济斯衣服[话题]# #比熊衣服秋冬[话题]#",./images/mnt/ali-sh-1/usr/lihaitao/process_0106/image/part_98/980852/4418384.jpg|./images/mnt/ali-sh-1/usr/lihaitao/process_0106/image/part_98/980852/4418385.jpg|./images/mnt/ali-sh-1/usr/lihaitao/process_0106/image/part_98/980852/4418386.jpg|./images/mnt/ali-sh-1/usr/lihaitao/process_0106/image/part_98/980852/4418387.jpg
5162,female,16-18,1025808,你看我 多么渺小一个我,#王源客厅狂欢[话题]# #王源澳门演唱会[话题]# #王源值得[话题]# #王源[话题]#,
5162,female,16-18,1243128,"你看我,多么渺小一个我",#王源[话题]# #王源演唱会[话题]# #王源澳门[话题]# #看一场演唱会[话题]#,./images/mnt/ali-sh-1/usr/lihaitao/process_0106/image/part_68/685943/3051700.jpg|./images/mnt/ali-sh-1/usr/lihaitao/process_0106/image/part_68/685943/3051701.jpg|./images/mnt/ali-sh-1/usr/lihaitao/process_0106/image/part_68/685943/3051702.jpg|./images/mnt/ali-sh-1/usr/lihaitao/process_0106/image/part_68/685943/3051703.jpg|./images/mnt/ali-sh-1/usr/lihaitao/process_0106/image/part_68/685943/3051704.jpg|./images/mnt/ali-sh-1/usr/lihaitao/process_0106/image/part_68/685943/3051705.jpg|./images/mnt/ali-sh-1/usr/lihaitao/process_0106/image/part_68/685943/3051706.jpg|./images/mnt/ali-sh-1/usr/lihaitao/process_0106/image/part_68/685943/3051707.jpg
5162,female,16-18,1427674,nan,看台都想跳下去抢王总的糖果🍬,
5162,female,16-18,1083371,电影【孤星计划】片长105分钟,#孤星计划[话题]# #王源[话题]# #张雪迎[话题]#,
5162,female,16-18,1477373,nan,南宁 音乐节 志愿者 检票 260一天 结束就给,./images/mnt/ali-sh-1/usr/lihaitao/process_0106/image/part_80/801460/3601286.jpg
5162,female,16-18,1263593,官周包换圆尼尼,"全新客厅狂欢官周包能不能换到20cm有骨圆尼尼或者大趴趴莱阳或者旧版盲盒莱阳,换三个其中之一[暗中观察R]可以补差[doge] #圆尼尼和樱尼尼[话题]# #圆尼尼[话题]# #莱阳[话题]# #王源[话题]# #roy6[话题]# #客厅狂欢帆布包[话题]#",./images/mnt/ali-sh-1/usr/lihaitao/process_0106/image/part_58/584515/2565561.jpg
5162,female,16-18,1380864,王源的女孩看过来完整版,过去快两周了 我怎么还在左看右看[哇R]@王源的创想原野 #王源[话题]# #王源演唱会[话题]# #王源客厅狂欢[话题]# #王源对面的女孩看过来[话题]# #王源澳门演唱会[话题]# #王源澳门收官[话题]#,
5162,female,16-18,1629614,"出帆布包(第一批 吊牌在,包装都在墙上...","小包被我改造了,背过好几次,大包背过一次,不介意的可以全出#帆布包[话题]#",
5162,female,16-18,1666980,孤星计划预售已开启,冲啊xty们#现已开启预售[话题]# #即将上市敬请期待[话题]# #让我们共同期待[话题]# #看电影[话题]# #宝藏电影[话题]# #孤星计划[话题]# #王源[话题]# #孤星计划李一民[话题]#,
5162,female,16-18,831332,广西南宁可以争气点吗,#5114[话题]#,./images/mnt/ali-sh-1/usr/lihaitao/process_0106/image/part_95/950616/4288041.jpg|./images/mnt/ali-sh-1/usr/lihaitao/process_0106/image/part_95/950616/4288042.jpg
5162,female,16-18,1675356,《孤星计划》预售已开启,#电影孤星计划[话题]# 身份迷局版预告 暗有内奸·明有劲敌·危机重重 🔥护送之路满是荆棘🔥 - - 12月7日👊绝密撤离 - - #孤星计划[话题]# #孤星计划李一民[话题]# #王源[话题]#,
5162,female,16-18,1485997,用人民币看王源客厅狂欢!,机票比门票贵哈哈哈哈哈 12场到9场 明年争取全勤!!!! #王源[话题]# #王源客厅狂欢[话题]# #王源演唱会[话题]# #王源客厅狂欢巡演[话题]# #客厅狂欢[话题]# #王源值得[话题]# #王源二巡[话题]# #追星[话题]# #追星日常[话题]# #追星做过的那些事[话题]#,./images/mnt/ali-sh-1/usr/lihaitao/process_0106/image/part_68/689364/3067278.jpg|./images/mnt/ali-sh-1/usr/lihaitao/process_0106/image/part_68/689364/3067279.jpg|./images/mnt/ali-sh-1/usr/lihaitao/process_0106/image/part_68/689364/3067280.jpg|./images/mnt/ali-sh-1/usr/lihaitao/process_0106/image/part_68/689364/3067281.jpg|./images/mnt/ali-sh-1/usr/lihaitao/process_0106/image/part_68/689364/3067282.jpg|./images/mnt/ali-sh-1/usr/lihaitao/process_0106/image/part_68/689364/3067283.jpg|./images/mnt/ali-sh-1/usr/lihaitao/process_0106/image/part_68/689364/3067284.jpg|./images/mnt/ali-sh-1/usr/lihaitao/process_0106/image/part_68/689364/3067285.jpg
5162,female,16-18,1388032,太喜欢广西人了,"想认识几个广西的朋友,提前了解攻略#交个朋友[话题]# #广西[话题]# #广西南宁[话题]#",./images/mnt/ali-sh-1/usr/lihaitao/process_0106/image/part_86/861099/3873440.jpg
5162,female,16-18,1335389,孤星计划,"在淘票票上买,算成绩吗?! 还是只有猫眼算成绩!!! #王源孤星计划[话题]# #孤星计划李一民[话题]# #孤星计划大卖[话题]# #电影推荐[话题]# #电影推荐[话题]#",./images/mnt/ali-sh-1/usr/lihaitao/process_0106/image/part_60/606822/2667523.jpg
5162,female,16-18,1648295,🇲🇴澳门全勤|客厅收官,狂欢至此 暂时告别 我们很快再见🛋️ #王源演唱会[话题]# #王源客厅狂欢[话题]#,./images/mnt/ali-sh-1/usr/lihaitao/process_0106/image/part_62/624553/2749292.jpg
5162,female,16-18,1434452,开始了!富士拍立得!去捡!,"啊啊啊,终于拿下啦!超级开心!➕20改地址➗,要的宝子速~#拍立得技巧[话题]# #富士拍立得[话题]# #摄影小白必看[话题]# #摄影技巧[话题]# #创意摄影[话题]#",
5162,female,16-18,1231911,速度姐妹们!双12预热可以开始捡了!,"还是双12给力,过几天预计还有一波,还可以抄作业,有没有要的姐妹,自留一个,其他➕10改地址➗ #拍立得技巧[话题]# #富士拍立得[话题]# #摄影小白必看[话题]# #摄影技巧[话题]# #创意摄影[话题]#",./images/mnt/ali-sh-1/usr/lihaitao/process_0106/image/part_76/766941/3437420.jpg
5162,female,16-18,1061514,被指的痘痘闭口消失了~,消失消失快消失要被烦死了 二编 别评论了友友们笔记被优化了 #不同位置长痘[话题]# #就这样护肤呗[话题]# #偷偷变美惊艳所有人[话题]# #痘痘远离我[话题]# #皮肤[话题]# #好皮肤养成记[话题]# #皮肤护理[话题]# #护肤推荐[话题]# #痘痘肌阵线联盟[话题]# #如何拯救痘痘肌[话题]##毛孔[话题]##毛孔粗大[话题]#,./images/mnt/ali-sh-1/usr/lihaitao/process_0106/image/part_99/990855/4460461.jpg
5162,female,16-18,1586020,"秋冬大容量包包合集,主打实用百搭!",#包包推荐[话题]# #大容量包包[话题]# #百搭包包[话题]# #秋冬包包[话题]# #托特包[话题]# #保龄球包[话题]# #秋冬大容量包包[话题]# #通勤包包[话题]#,
5162,female,16-18,1069812,167 108|秋冬主打一个不臃肿且好看实穿!,#保暖时髦两不误[话题]# #秋冬氛围感穿搭[话题]# #实用穿搭[话题]# #慵懒感穿搭[话题]# #元气穿搭[话题]# #学生党[话题]# #降温穿搭[话题]# #情侣装[话题]# #秋冬穿搭[话题]#,
5282,female,23-25,1727469,"冬日的浪漫惊喜,谁还没收到车厘子花束",武汉全城送#车厘子花束[话题]# #每日水果[话题]# #节日送礼[话题]# #浪漫惊喜[话题]# #花束[话题]# #生日花束[话题]# #今日限定浪漫[话题]# #一束花的浪漫[话题]# #送朋友[话题]# #每周一花[话题]#,./images/mnt/ali-sh-1/usr/lihaitao/process_0106/image/part_100/1002605/4511182.jpg|./images/mnt/ali-sh-1/usr/lihaitao/process_0106/image/part_100/1002605/4511183.jpg|./images/mnt/ali-sh-1/usr/lihaitao/process_0106/image/part_100/1002605/4511184.jpg|./images/mnt/ali-sh-1/usr/lihaitao/process_0106/image/part_100/1002605/4511185.jpg|./images/mnt/ali-sh-1/usr/lihaitao/process_0106/image/part_100/1002605/4511186.jpg|./images/mnt/ali-sh-1/usr/lihaitao/process_0106/image/part_100/1002605/4511187.jpg|./images/mnt/ali-sh-1/usr/lihaitao/process_0106/image/part_100/1002605/4511188.jpg
5282,female,23-25,1411077,苹果杰克|想做花艺介的“晓华”,#苹果杰克[话题]# #遵义花店[话题]# #好看的花一定要分享给你[话题]#,./images/mnt/ali-sh-1/usr/lihaitao/process_0106/image/part_78/781700/3503247.jpg|./images/mnt/ali-sh-1/usr/lihaitao/process_0106/image/part_78/781700/3503248.jpg
5282,female,23-25,879145,nan,#最美的花送给最美的人[话题]# #生活需要仪式感生日花束[话题]#,./images/mnt/ali-sh-1/usr/lihaitao/process_0106/image/part_111/1112725/4984685.jpg|./images/mnt/ali-sh-1/usr/lihaitao/process_0106/image/part_111/1112725/4984686.jpg|./images/mnt/ali-sh-1/usr/lihaitao/process_0106/image/part_111/1112725/4984687.jpg|./images/mnt/ali-sh-1/usr/lihaitao/process_0106/image/part_111/1112725/4984688.jpg
5282,female,23-25,1095875,nan,#草莓花束[话题]# #小香风花束[话题]#,./images/mnt/ali-sh-1/usr/lihaitao/process_0106/image/part_77/778966/3490709.jpg|./images/mnt/ali-sh-1/usr/lihaitao/process_0106/image/part_77/778966/3490710.jpg|./images/mnt/ali-sh-1/usr/lihaitao/process_0106/image/part_77/778966/3490711.jpg|./images/mnt/ali-sh-1/usr/lihaitao/process_0106/image/part_77/778966/3490712.jpg
5282,female,23-25,775717,入冬四件套,“热乎乎的烤红薯 糖炒山楂 板栗 奶茶” 搓搓小手要过冬啦🧣#浪漫惊喜[话题]# #秋冬四件套[话题]##宜宾花店[话题]#,./images/mnt/ali-sh-1/usr/lihaitao/process_0106/image/part_64/643373/2842391.jpg
5282,female,23-25,1636121,冬天当然要吃甜甜的草莓啦🍓,#宜宾花店[话题]# #草莓花束[话题]# #秋冬季节花束[话题]# #创意花束[话题]# #万物皆可包花束[话题]# #草莓[话题]#,./images/mnt/ali-sh-1/usr/lihaitao/process_0106/image/part_79/794873/3563523.jpg|./images/mnt/ali-sh-1/usr/lihaitao/process_0106/image/part_79/794873/3563524.jpg|./images/mnt/ali-sh-1/usr/lihaitao/process_0106/image/part_79/794873/3563525.jpg
5282,female,23-25,1649628,nan,None,./images/mnt/ali-sh-1/usr/lihaitao/process_0106/image/part_110/1109188/4970266.jpg
5282,female,23-25,1454074,nan,None,./images/mnt/ali-sh-1/usr/lihaitao/process_0106/image/part_63/635535/2798198.jpg|./images/mnt/ali-sh-1/usr/lihaitao/process_0106/image/part_63/635535/2798199.jpg
5282,female,23-25,1403698,窝趣 ! 这条文案绝了吖 !,du du du𓂃🛵𓏽𓏽𓏽 ᐝ 向12月出发 🧧ᝢ 不发脾气只發財 🥳 ◦ ⚬ ° #朋友圈分享[话题]# #生活需要分享欲[话题]# #朋友圈文案[话题]# #我的日常[话题]# #日常文案[话题]# #搞笑的日常[话题]# #日常记录[话题]#,
5282,female,23-25,1181024,“懒得解释 你看到我哪一面 你就配哪一面”,“我已经没有兴趣给别人留下好印象 所见即是我 好与坏 我都不会反驳 也懒得解释 我有很多面 你看到我哪一面 你就配哪一面 至于你怎么看我 无关紧要也无所谓” #文案分享[话题]# #情感文案[话题]# #今日文案[话题]# #分享文案[话题]# #朋友圈文案[话题]# #日常文案[话题]# #小众文案[话题]# #情绪文案[话题]#,
5282,female,23-25,879821,"2024圣诞蛋糕,浪漫到,宝宝也要",#圣诞的打开方式[话题]# #不一样的圣诞[话题]# #广州蛋糕定制[话题]# #深圳蛋糕定制[话题]# #佛山蛋糕定制[话题]# #珠海蛋糕[话题]# #杭州蛋糕[话题]# #郑州蛋糕[话题]#,./images/mnt/ali-sh-1/usr/lihaitao/process_0106/image/part_55/558666/2427156.jpg|./images/mnt/ali-sh-1/usr/lihaitao/process_0106/image/part_55/558666/2427157.jpg|./images/mnt/ali-sh-1/usr/lihaitao/process_0106/image/part_55/558666/2427158.jpg|./images/mnt/ali-sh-1/usr/lihaitao/process_0106/image/part_55/558666/2427159.jpg|./images/mnt/ali-sh-1/usr/lihaitao/process_0106/image/part_55/558666/2427160.jpg|./images/mnt/ali-sh-1/usr/lihaitao/process_0106/image/part_55/558666/2427161.jpg
5282,female,23-25,998966,"喔趣,这文案绝了!",迈向12月 下一次1号就是2025年了 #朋友圈日常文案[话题]# #朋友圈高级文案[话题]# #简约文案[话题]# #可爱特殊符号的文案[话题]# #朋友圈颜文字文案[话题]# #12月文案[话题]# #惊艳到你的句子[话题]# #朋友圈文案[话题]#,./images/mnt/ali-sh-1/usr/lihaitao/process_0106/image/part_73/735413/3296056.jpg
5282,female,23-25,1099878,顾客要求红玫瑰搭配满天星花束送老婆,"#红玫瑰满天星[话题]# 顾客要求红玫瑰搭配白色满天星,看着搭配,加一点绿灵草生动一点,哈哈哈哈哈",
5282,female,23-25,1739666,零食抱抱桶,#零食花束[话题]# #别的小朋友有的我也有[话题]# #送小朋友的礼物[话题]# #宜宾花店[话题]# #宜宾花与梦想[话题]#,./images/mnt/ali-sh-1/usr/lihaitao/process_0106/image/part_97/977186/4402563.jpg|./images/mnt/ali-sh-1/usr/lihaitao/process_0106/image/part_97/977186/4402564.jpg|./images/mnt/ali-sh-1/usr/lihaitao/process_0106/image/part_97/977186/4402565.jpg
5282,female,23-25,1176196,紫罗兰???,#紫罗兰干花花束[话题]# #新年快乐[话题]# #2025[话题]# #红玫瑰[话题]#,
5282,female,23-25,1067809,nan,#卡布奇诺混搭花束[话题]# 它就像一首浪漫的诗📃 🤎诉说着深厚的情感 相信她一定能感受到!!,./images/mnt/ali-sh-1/usr/lihaitao/process_0106/image/part_104/1047052/4706154.jpg|./images/mnt/ali-sh-1/usr/lihaitao/process_0106/image/part_104/1047052/4706155.jpg|./images/mnt/ali-sh-1/usr/lihaitao/process_0106/image/part_104/1047052/4706156.jpg
5282,female,23-25,1388816,又到了吃草莓的季节🍓,#阿克苏花店[话题]# #阿克苏[话题]# #阿克苏鲜花配送[话题]# #阿克苏买花[话题]# #草莓[话题]# #冬日草莓[话题]# #草莓花束[话题]# #生日花束[话题]#,./images/mnt/ali-sh-1/usr/lihaitao/process_0106/image/part_81/815464/3670809.jpg|./images/mnt/ali-sh-1/usr/lihaitao/process_0106/image/part_81/815464/3670810.jpg|./images/mnt/ali-sh-1/usr/lihaitao/process_0106/image/part_81/815464/3670811.jpg|./images/mnt/ali-sh-1/usr/lihaitao/process_0106/image/part_81/815464/3670812.jpg|./images/mnt/ali-sh-1/usr/lihaitao/process_0106/image/part_81/815464/3670813.jpg|./images/mnt/ali-sh-1/usr/lihaitao/process_0106/image/part_81/815464/3670814.jpg|./images/mnt/ali-sh-1/usr/lihaitao/process_0106/image/part_81/815464/3670815.jpg|./images/mnt/ali-sh-1/usr/lihaitao/process_0106/image/part_81/815464/3670816.jpg
5282,female,23-25,786735,nan,#每日水果[话题]#,
5282,female,23-25,1463910,nan,#香槟玫瑰花束[话题]# #生日鲜花花束[话题]# #纯玫瑰花束[话题]# #浪漫的花束[话题]#,./images/mnt/ali-sh-1/usr/lihaitao/process_0106/image/part_66/666779/2963744.jpg|./images/mnt/ali-sh-1/usr/lihaitao/process_0106/image/part_66/666779/2963745.jpg|./images/mnt/ali-sh-1/usr/lihaitao/process_0106/image/part_66/666779/2963746.jpg
5282,female,23-25,813584,想问问入冬四件套你们卖多少,"#浪漫惊喜[话题]# #花盒[话题]# 太火爆了,立冬之后这个四件套卖爆了",./images/mnt/ali-sh-1/usr/lihaitao/process_0106/image/part_102/1021258/4597578.jpg
5302,female,unknown,1057998,关于小狗的嘴巴能干什么,#被狗狗治愈的时光[话题]# #可爱的修勾勾[话题]# #帮我家宠物出名[话题]# #狗狗吃播[话题]# #这我的小狗[话题]# #治愈宠[话题]# #小红书宠物cruash[话题]# #狗狗[话题]#,
5302,female,unknown,1286749,这家斗篷究竟是谁在推,"自己看图吧,发黄那么严重上镜更是没办法看,而且我50买的降到30多[汗颜R][汗颜R][汗颜R]#斗篷[话题]#",
5302,female,unknown,847824,母上大人勾的猫咪围脖我陷入了沉思,"我给我妈发的,和他给我的. 真的就毫无关系 不过也去姥姥的爱 回去给逆子们拍照, #织女日常[话题]# #钩针日常[话题]# #手工钩织[话题]# #钩针小物[话题]# #今日份今日发[话题]# #宠物围脖[话题]# #日常生活碎片[话题]#",./images/mnt/ali-sh-1/usr/lihaitao/process_0106/image/part_96/969876/4370973.jpg
5302,female,unknown,1673055,港迪新片儿🤩,好可爱[大笑R] 视频来源@香港迪士尼乐园度假区 #饼饼[话题]# #可琦安[话题]# #迪士尼[话题]# #香港迪士尼[话题]# #达菲和朋友们[话题]#,./images/mnt/ali-sh-1/usr/lihaitao/process_0106/image/part_59/591520/2597351.jpg|./images/mnt/ali-sh-1/usr/lihaitao/process_0106/image/part_59/591520/2597352.jpg|./images/mnt/ali-sh-1/usr/lihaitao/process_0106/image/part_59/591520/2597353.jpg|./images/mnt/ali-sh-1/usr/lihaitao/process_0106/image/part_59/591520/2597354.jpg|./images/mnt/ali-sh-1/usr/lihaitao/process_0106/image/part_59/591520/2597355.jpg
5302,female,unknown,1307475,今日份圣诞麋鹿小狗,麻麻为了看小狗也算是经历过寒冬和酷暑了 但是呢这一切都很值得哦! ⚠️:小泥巴的图库马上更新!小伙伴们准备好了嘛!#可琦安[话题]# #饼饼[话题]# #圣诞饼饼[话题]# #上海迪士尼[话题]# #可琦安饼饼[话题]#,
5302,female,unknown,1055300,是谁这么幸福~有这么多卷毛顺,"谁能拒绝一个可以随便捏发型的顺呢🥹 挂包包上也太可爱了[害羞R][害羞R] 收了几张客返图!大家拍的都好好看呀!!! 第一批卷毛顺和摇摇鱼已经卖完了 —— 为了感谢我尊贵的第一批顾客🎉 小红书返图@ 我,以后钩织品全部8️⃣8️⃣折 #钩针玩偶[话题]# #钩针挂件[话题]# #钩针人偶[话题]# #陈奕迅fearanddreams[话题]# #陈奕迅[话题]# #陈奕迅fearanddreams[话题]# #陈奕迅杭州演唱会[话题]# #陈奕迅周边[话题]#",./images/mnt/ali-sh-1/usr/lihaitao/process_0106/image/part_68/680366/3026156.jpg|./images/mnt/ali-sh-1/usr/lihaitao/process_0106/image/part_68/680366/3026157.jpg|./images/mnt/ali-sh-1/usr/lihaitao/process_0106/image/part_68/680366/3026158.jpg|./images/mnt/ali-sh-1/usr/lihaitao/process_0106/image/part_68/680366/3026159.jpg|./images/mnt/ali-sh-1/usr/lihaitao/process_0106/image/part_68/680366/3026160.jpg|./images/mnt/ali-sh-1/usr/lihaitao/process_0106/image/part_68/680366/3026161.jpg|./images/mnt/ali-sh-1/usr/lihaitao/process_0106/image/part_68/680366/3026162.jpg|./images/mnt/ali-sh-1/usr/lihaitao/process_0106/image/part_68/680366/3026163.jpg
5302,female,unknown,1276020,"钩织小物件,泉州陈奕迅压力球演唱会,表情",#钩针小物[话题]# #钩针[话题]# #钩针挂件[话题]# #钩针日常[话题]# #我是老虎不是仓鼠[话题]# #挑战每天一个钩针作品[话题]#,./images/mnt/ali-sh-1/usr/lihaitao/process_0106/image/part_102/1021291/4597724.jpg|./images/mnt/ali-sh-1/usr/lihaitao/process_0106/image/part_102/1021291/4597725.jpg|./images/mnt/ali-sh-1/usr/lihaitao/process_0106/image/part_102/1021291/4597726.jpg|./images/mnt/ali-sh-1/usr/lihaitao/process_0106/image/part_102/1021291/4597727.jpg
5302,female,unknown,1349632,钩织字母|陈奕迅fnds字母挂件,"谢谢这位小姐姐的反馈,太感谢了~ @Aniu.牛 #我的手工[话题]# #钩针挂件[话题]# #陈奕迅[话题]# #陈奕迅fnds演唱会[话题]#",./images/mnt/ali-sh-1/usr/lihaitao/process_0106/image/part_95/958387/4321538.jpg|./images/mnt/ali-sh-1/usr/lihaitao/process_0106/image/part_95/958387/4321539.jpg
5302,female,unknown,1199412,无痛拥有陈奕迅周边咯,"又是钩来送朋友的! 参考了一位b站网友的钩法[萌萌哒R] 过程有点艰难,表情部分真是尽力了[大笑R] 成品朋友很满意啦#钩织[话题]#",./images/mnt/ali-sh-1/usr/lihaitao/process_0106/image/part_111/1119816/5014552.jpg|./images/mnt/ali-sh-1/usr/lihaitao/process_0106/image/part_111/1119816/5014553.jpg|./images/mnt/ali-sh-1/usr/lihaitao/process_0106/image/part_111/1119816/5014554.jpg|./images/mnt/ali-sh-1/usr/lihaitao/process_0106/image/part_111/1119816/5014555.jpg|./images/mnt/ali-sh-1/usr/lihaitao/process_0106/image/part_111/1119816/5014556.jpg|./images/mnt/ali-sh-1/usr/lihaitao/process_0106/image/part_111/1119816/5014557.jpg|./images/mnt/ali-sh-1/usr/lihaitao/process_0106/image/part_111/1119816/5014558.jpg|./images/mnt/ali-sh-1/usr/lihaitao/process_0106/image/part_111/1119816/5014559.jpg
5302,female,unknown,884720,奶白色杯垫,"用线:五股牛奶棉 用针:3.0mm 圈钩: 112F 212Fv 3(F,FV)*12 钩5圈 #杯垫[话题]# #钩针毛线[话题]# #钩针教程[话题]# #钩针[话题]# #钩针编织[话题]# #钩针图解[话题]# #钩织[话题]# #",./images/mnt/ali-sh-1/usr/lihaitao/process_0106/image/part_73/738342/3309932.jpg|./images/mnt/ali-sh-1/usr/lihaitao/process_0106/image/part_73/738342/3309933.jpg|./images/mnt/ali-sh-1/usr/lihaitao/process_0106/image/part_73/738342/3309934.jpg|./images/mnt/ali-sh-1/usr/lihaitao/process_0106/image/part_73/738342/3309935.jpg|./images/mnt/ali-sh-1/usr/lihaitao/process_0106/image/part_73/738342/3309936.jpg
5302,female,unknown,784494,可琪安饼饼线雕嘴鼻眼睛内凹教程,"去年录了一个简单的饼饼梳毛修毛的教程(主页一直一直往下划就可以找到啦),然后说有空会出线雕教程,一拖就是大半年,终于来啦~因为这只饼我要搓嘴巴的,所以嘴线给拆了,不过不影响哦。因为视频接近十分钟,听不太清可以0.75倍速观看哦~分上下来发啦,有什么不懂的都可以在评论区提问哦🥳#可琪安[话题]# #迪士尼可琪安[话题]# #可琪安改造[话题]# #可琪安饼饼[话题]# #迪士尼七宝[话题]# #迪士尼可琦安改造[话题]#",./images/mnt/ali-sh-1/usr/lihaitao/process_0106/image/part_107/1076847/4835229.jpg|./images/mnt/ali-sh-1/usr/lihaitao/process_0106/image/part_107/1076847/4835230.jpg|./images/mnt/ali-sh-1/usr/lihaitao/process_0106/image/part_107/1076847/4835231.jpg|./images/mnt/ali-sh-1/usr/lihaitao/process_0106/image/part_107/1076847/4835232.jpg|./images/mnt/ali-sh-1/usr/lihaitao/process_0106/image/part_107/1076847/4835233.jpg|./images/mnt/ali-sh-1/usr/lihaitao/process_0106/image/part_107/1076847/4835234.jpg|./images/mnt/ali-sh-1/usr/lihaitao/process_0106/image/part_107/1076847/4835235.jpg|./images/mnt/ali-sh-1/usr/lihaitao/process_0106/image/part_107/1076847/4835236.jpg
5302,female,unknown,1050340,饼饼m号捏脸教程,#可琦安饼饼[话题]#,./images/mnt/ali-sh-1/usr/lihaitao/process_0106/image/part_104/1047215/4706824.jpg|./images/mnt/ali-sh-1/usr/lihaitao/process_0106/image/part_104/1047215/4706825.jpg|./images/mnt/ali-sh-1/usr/lihaitao/process_0106/image/part_104/1047215/4706826.jpg
5302,female,unknown,862192,饼饼整容教程来了!,#可琦安[话题]# #饼饼[话题]# #迪士尼[话题]# #迪士尼周边[话题]# #达菲和朋友们[话题]# #七宝[话题]# #饼饼捏脸[话题]#,./images/mnt/ali-sh-1/usr/lihaitao/process_0106/image/part_70/708345/3154330.jpg|./images/mnt/ali-sh-1/usr/lihaitao/process_0106/image/part_70/708345/3154331.jpg|./images/mnt/ali-sh-1/usr/lihaitao/process_0106/image/part_70/708345/3154332.jpg|./images/mnt/ali-sh-1/usr/lihaitao/process_0106/image/part_70/708345/3154333.jpg|./images/mnt/ali-sh-1/usr/lihaitao/process_0106/image/part_70/708345/3154334.jpg|./images/mnt/ali-sh-1/usr/lihaitao/process_0106/image/part_70/708345/3154335.jpg|./images/mnt/ali-sh-1/usr/lihaitao/process_0106/image/part_70/708345/3154336.jpg|./images/mnt/ali-sh-1/usr/lihaitao/process_0106/image/part_70/708345/3154337.jpg
5302,female,unknown,1730262,中秋特价s可琦安饼饼初恋脸线雕改造教程,饼饼s线雕教程来啦~ 不用拆娃 不用拆娃 不用拆娃 重要的事情说三遍 #可琦安[话题]# #可琦安饼饼[话题]# #可琦安改造[话题]# #饼饼改造[话题]# #饼饼[话题]# #饼饼改娃[话题]# #饼饼改脸[话题]# #迪士尼饼饼改娃[话题]# #可琦安cookie[话题]# #世界最甜可琦安[话题]#,./images/mnt/ali-sh-1/usr/lihaitao/process_0106/image/part_88/884090/3987870.jpg
5302,female,unknown,1931594,改娃必看!!️崽崽修脸线雕保姆级教程,"饼饼的线雕教程终于来啦[派对R] [向右R]整理了我用到的四种效果,姐妹们可以根据崽崽的情况自由搭配组合使用: 1⃣️上下收扁 2⃣️上端收窄 3⃣️嘴巴内凹+鼻头变翘 4⃣️眼睛内凹 [耶R]这是我第一次进行线雕修脸,更多小技巧还在摸索中,希望姐妹们都能拥有自己心爱的漂亮崽崽[飞吻R] #迪士尼[话题]# #上海迪士尼[话题]##可琦安[话题]# #保姆级教程[话题]# #饼饼[话题]# #玲娜贝儿[话题]# #改娃[话题]# #饼饼改娃[话题]# #修脸[话题]# #我的手工日常[话题]#",./images/mnt/ali-sh-1/usr/lihaitao/process_0106/image/part_75/755382/3385617.jpg|./images/mnt/ali-sh-1/usr/lihaitao/process_0106/image/part_75/755382/3385618.jpg|./images/mnt/ali-sh-1/usr/lihaitao/process_0106/image/part_75/755382/3385619.jpg|./images/mnt/ali-sh-1/usr/lihaitao/process_0106/image/part_75/755382/3385620.jpg|./images/mnt/ali-sh-1/usr/lihaitao/process_0106/image/part_75/755382/3385621.jpg
5302,female,unknown,1551899,就这么水灵灵的改造好啦,"饼饼安全带护肩自制教程!心血来潮给公主们做了一回手替 不穿的袜子不要扔! 1️⃣先把饼头拆下来~ 准备好一对安全带护肩 2️⃣从背后剪开(⚠️一定要从有硅胶的一面!) 3️⃣袜头剪掉,铺开铺平 4️⃣修剪掉四周的硅胶颗粒 5️⃣包裹护肩套缝纫一圈边边 就做好啦!!! #我的手工日常[话题]# #可琦安[话题]# #可琦安改造[话题]# #可琦安着替[话题]#",./images/mnt/ali-sh-1/usr/lihaitao/process_0106/image/part_103/1032175/4643766.jpg|./images/mnt/ali-sh-1/usr/lihaitao/process_0106/image/part_103/1032175/4643767.jpg|./images/mnt/ali-sh-1/usr/lihaitao/process_0106/image/part_103/1032175/4643768.jpg|./images/mnt/ali-sh-1/usr/lihaitao/process_0106/image/part_103/1032175/4643769.jpg|./images/mnt/ali-sh-1/usr/lihaitao/process_0106/image/part_103/1032175/4643770.jpg|./images/mnt/ali-sh-1/usr/lihaitao/process_0106/image/part_103/1032175/4643771.jpg|./images/mnt/ali-sh-1/usr/lihaitao/process_0106/image/part_103/1032175/4643772.jpg|./images/mnt/ali-sh-1/usr/lihaitao/process_0106/image/part_103/1032175/4643773.jpg
5302,female,unknown,977407,是谁的男朋友给自己改了窗帘扣饼饼呐!,#饼饼窗帘扣[话题]#,
5302,female,unknown,851930,二改修复🪡饼饼零钱包,"一改的饼饼可以用恐怖来形容了[失望R],特别大的眼珠还掉色,眼睛周围都被染色了,收到太震撼了 眼珠附近的染色用腮红挡住了[派对R]重新还原饼饼美貌 #可琦安[话题]# #饼饼[话题]# #达菲和朋友们[话题]# #迪士尼[话题]# #饼饼零钱包[话题]# #可琦安饼饼[话题]# #饼饼零钱包改造[话题]#",./images/mnt/ali-sh-1/usr/lihaitao/process_0106/image/part_70/708645/3155805.jpg|./images/mnt/ali-sh-1/usr/lihaitao/process_0106/image/part_70/708645/3155806.jpg|./images/mnt/ali-sh-1/usr/lihaitao/process_0106/image/part_70/708645/3155807.jpg|./images/mnt/ali-sh-1/usr/lihaitao/process_0106/image/part_70/708645/3155808.jpg
5302,female,unknown,1273744,一百块的田园饼,"标题党一下,是用特卖万圣南瓜饼改的啦~ 进度50%用时15min拆了帽子换了着替 #可琦安[话题]# #饼饼[话题]# #可琦安改造[话题]#",./images/mnt/ali-sh-1/usr/lihaitao/process_0106/image/part_90/903388/4070786.jpg|./images/mnt/ali-sh-1/usr/lihaitao/process_0106/image/part_90/903388/4070787.jpg|./images/mnt/ali-sh-1/usr/lihaitao/process_0106/image/part_90/903388/4070788.jpg|./images/mnt/ali-sh-1/usr/lihaitao/process_0106/image/part_90/903388/4070789.jpg|./images/mnt/ali-sh-1/usr/lihaitao/process_0106/image/part_90/903388/4070790.jpg|./images/mnt/ali-sh-1/usr/lihaitao/process_0106/image/part_90/903388/4070791.jpg|./images/mnt/ali-sh-1/usr/lihaitao/process_0106/image/part_90/903388/4070792.jpg|./images/mnt/ali-sh-1/usr/lihaitao/process_0106/image/part_90/903388/4070793.jpg
6025,male,19-22,1102550,这个床我真是想扔了,"你们家里面有没有这样的老公,他睡过的床咋样都会变黑,有什么罩子可以套住吗,这个床真是没眼看了#床[话题]# #床品[话题]#",
6025,male,19-22,1241542,muji·行李箱你会买吗?,"昨天去店里看展,看到这个行李箱... 请问你会买吗? #muji[话题]#",
6025,male,19-22,793806,一个晚上确实把北京大兴睡明白......但不建议......,"大兴机场真的太良心了!! 不仅机场里的餐饮店和市内价格一样!! 还可以提前值机过安检,航班前一日8:00-当日2:00 凌晨到的宝子也不用担心,3楼4楼关闭去B1哦 提前看了小红书攻略,B21沙发和躺椅果然很热门 建议早点去,不然就是人、包、衣服...... 除了B21,还有B36、A11、C40、C42、C55、D63等等 C指廊有24小时餐饮:星巴克、肯德基 都有摄像头还有保安巡逻,灯光很亮 当然如果不得已遇到中转,还是可以先询问航司该路线跨天中转是否提供🆓住宿 特别注意⚠️南航国内跨天不提供中转🆓住宿 - 可提供中转住宿服务的航司(供参考) 【东航】上海浦东/虹桥、北京首都、西安、昆明 【国航】北京首都、成都双流/天府、上海虹桥、杭州、天津、重庆、温州、武汉 【南航】广州、深圳、北京、乌鲁木齐、武汉、重庆、大连以及其他机场中转国际的(划重点:国际的) 【海航】郑州、呼和浩特、重庆、西安、乌鲁木齐 【川航】成都双流、天府、昆明机场 【厦航】厦门、福州、青岛、杭州 【深航】深圳 - ⚠️需要满足“空空”中转 (始发地和目的地为不同城市,部分要求须是隔夜中转) 两段航班间隔时间8-48小时(有些机场要求不超过24小时) 免费住宿基本都是双人或三人间,一人一床,需接受同性别拼房。如不愿与陌生人同住,可花💰升级自己一间。 #一个人坐飞机[话题]# #旅行新选择[话题]# #北京旅游攻略[话题]# #北京大兴机场[话题]#",./images/mnt/ali-sh-1/usr/lihaitao/process_0106/image/part_61/612100/2692416.jpg|./images/mnt/ali-sh-1/usr/lihaitao/process_0106/image/part_61/612100/2692417.jpg|./images/mnt/ali-sh-1/usr/lihaitao/process_0106/image/part_61/612100/2692418.jpg|./images/mnt/ali-sh-1/usr/lihaitao/process_0106/image/part_61/612100/2692419.jpg|./images/mnt/ali-sh-1/usr/lihaitao/process_0106/image/part_61/612100/2692420.jpg|./images/mnt/ali-sh-1/usr/lihaitao/process_0106/image/part_61/612100/2692421.jpg|./images/mnt/ali-sh-1/usr/lihaitao/process_0106/image/part_61/612100/2692422.jpg|./images/mnt/ali-sh-1/usr/lihaitao/process_0106/image/part_61/612100/2692423.jpg
6025,male,19-22,1733303,FENDER or GIBSON❓,"呢個問題對於好多人嚟講,係一大難題🤦‍♂️,好似女朋友👯‍♀️同阿媽🧓跌落水,救邊個先咁樣😅 其實各有各好嘅,大家唔可以取代大家,好似橙🍊同蘋果🍎咁,兩個都係生果,你揀邊個呢? 要討論呢個話題,其實可以討論到天荒地老,歡迎大家喺下面👇留言,發表自己嘅睇法☺️ 以下係佢哋主要嘅分別: (前者為FENDER,後者為GIBSON) 1️⃣ PICKUP - 單線圈 vs 雙線圈 單線圈特性 - 清脆細緻 雙線圈特性 - 響亮飽滿 2️⃣ SCALE LENGTH - 25.5” vs 24.75” 25.5” - 弦張力較大,聲音似鐘聲清脆 24.75” - 弦將力較低,較為易彈,聲音溫暖 3️⃣ FRETBOARD RADIUS - 7.25” vs 12” 7.25” - 較為適合彈和弦,推弦較難 12” - 較容易推弦,彈和弦不及前者舒適 *以上例子以品牌常見規格舉例 #試吓無妨[话题]# #短頭髮仔[话题]# #澳門[话题]# #結他[话题]# #吉他[话题]#",
6025,male,19-22,792090,重庆你别太离谱!!!,"蚂蚁!?火锅[哭惹R][哭惹R][哭惹R] 第一次吃到,你别说还挺好吃 锅底酸酸辣辣,是他们的招牌,是蚂蚁煮久了酸酸的味道,很鲜很爽口!! 他们家的蚂蚁酥肉一定要点!! 酥脆可口,没有任何怪味,其实蚂蚁🐜炸了就是蛋白质🤣🤣🤣 #重庆探店[话题]# #100家探店计划[话题]# #吃货薯看这里[话题]# #重庆吃喝玩乐[话题]# #美食日常[话题]# #重庆旅游[话题]# #重庆打卡[话题]# #重庆美食[话题]#",
6025,male,19-22,1261629,Swimin 📍他们说这个「重庆曼哈顿」很火🔥,"📍后堡公园 Swimin咖啡 ⏰营业时间11:00-19:00 🚇轻轨十号线后堡站2号口出来,步行100米左右 - 楼上楼下一共2层,应该都是冲着这个环境来拍照的,绝佳机位就是图2️⃣,透明玻璃窗看过去就是渝中区,建筑的高低落差,确实很「曼哈顿」 - 二楼的视野更开阔,一整个平台都能拍到城市风景📸,图6️⃣栏杆玻璃上有趣的文字 - 我大概是下午6点左右来的这家店(在后堡walk的时候路过)进去之后就是纯拍照,没有消费!!️当时店内人比较少,没怎么排队,如果像我一样拍照社恐的宝子,可以参考这个时间段🙌 - 📸这组图都是用Dazz的FXN R拍的,成片给了我惊喜,拍出了我想要的胶片感!有这玩意儿要买啥富士啊哈哈哈哈[doge] #周末去哪儿[话题]# #重庆探店[话题]# #重庆打卡[话题]# #重庆拍照[话题]# #重庆旅游[话题]# #后堡公园[话题]# #重庆咖啡店[话题]# #探店打卡[话题]#",./images/mnt/ali-sh-1/usr/lihaitao/process_0106/image/part_60/606167/2664484.jpg|./images/mnt/ali-sh-1/usr/lihaitao/process_0106/image/part_60/606167/2664485.jpg
6025,male,19-22,881543,在重庆一定要办三件事!!!,"1、江北T3航站楼出口天桥:重庆出租车 2、江北T3航站楼出口:“我在重庆”大屏幕 3、长嘉汇购物公园:好运接龙装置 4、长嘉汇观景平台拍:重庆大剧院夜景 5、三洞桥:拍重庆夕阳,这里太美了 6、三洞桥:看风景吃火锅 7、重庆油菜花地,黄黄绿绿一片片的 8、时代天街:九街淑芬串串香 9、解放碑:“重庆欢迎您” 10、从较场口2号线,出发,拍摄洪崖洞 11、解放碑:国泰“我在重庆” #游玩攻略[话题]# #城市活动超好玩[话题]# #旅游推荐[话题]# #城市探寻计划[话题]# #我的龙年新游记[话题]# #旅行[话题]# #go计划[话题]# #GoplanArt[话题]# #重庆[话题]# #重庆探店[话题]# #重庆打卡[话题]# #大家的春节[话题]# #大家的春晚[话题]# #新春vlog联欢会[话题]#",./images/mnt/ali-sh-1/usr/lihaitao/process_0106/image/part_68/686184/3052773.jpg|./images/mnt/ali-sh-1/usr/lihaitao/process_0106/image/part_68/686184/3052774.jpg|./images/mnt/ali-sh-1/usr/lihaitao/process_0106/image/part_68/686184/3052775.jpg|./images/mnt/ali-sh-1/usr/lihaitao/process_0106/image/part_68/686184/3052776.jpg|./images/mnt/ali-sh-1/usr/lihaitao/process_0106/image/part_68/686184/3052777.jpg|./images/mnt/ali-sh-1/usr/lihaitao/process_0106/image/part_68/686184/3052778.jpg|./images/mnt/ali-sh-1/usr/lihaitao/process_0106/image/part_68/686184/3052779.jpg|./images/mnt/ali-sh-1/usr/lihaitao/process_0106/image/part_68/686184/3052780.jpg
6025,male,19-22,1540548,11-12月重庆最新攻略🔍建议去🆚不建议,"淡季来重庆的姐妹们一定要听劝呀❗❗不要不做攻略就去!这样很容易踩坑滴🥲本土著熬夜给大家整理的重庆旅游攻略,要去的码住📌~ #每天都有值得记录的瞬间[话题]# #重庆[话题]# #旅游[话题]# #重庆旅游[话题]# #重庆旅行[话题]# #重庆吃喝玩乐[话题]# #旅游攻略[话题]# #山城的浪漫至死不渝[话题]# #我的宝藏美食集[话题]# #当代年轻人旅游[话题]#",./images/mnt/ali-sh-1/usr/lihaitao/process_0106/image/part_64/646012/2858293.jpg|./images/mnt/ali-sh-1/usr/lihaitao/process_0106/image/part_64/646012/2858294.jpg|./images/mnt/ali-sh-1/usr/lihaitao/process_0106/image/part_64/646012/2858295.jpg|./images/mnt/ali-sh-1/usr/lihaitao/process_0106/image/part_64/646012/2858296.jpg|./images/mnt/ali-sh-1/usr/lihaitao/process_0106/image/part_64/646012/2858297.jpg|./images/mnt/ali-sh-1/usr/lihaitao/process_0106/image/part_64/646012/2858298.jpg|./images/mnt/ali-sh-1/usr/lihaitao/process_0106/image/part_64/646012/2858299.jpg|./images/mnt/ali-sh-1/usr/lihaitao/process_0106/image/part_64/646012/2858300.jpg
6025,male,19-22,1511856,电吉他失真音色肾亏怎么办?Anya帮帮你,"很多朋友会一直嫌弃自己的失真音色不够厚实很散很虚,今天就用我自己最常用的方法在视频里分享给大家。 在你的失真源前加一个过载效果器(俗称“推子”),加上推子可以让你的音色变得集中、通透、更具侵略性。 推子其实挺多种,有清音推(clean booster)只通过调节获得音量的增益,不会对声音造成音染。(但是音色也会受到一定程度的润色,但不及过载/激励明显。) 本次重点是我们使用过载效果器,过载效果器一般都具有推子的功能,但是用过载产生的音色是有音染的,一般来讲是对中频的提升,使音色更通透,更加突出。 每个推子都有不同的用法,需要了解自己需要什么功能。 下一期:教大家手把手用综合调出节奏金属音色 #电吉他推荐[话题]# #依班娜[话题]# #每日分享[话题]# #电吉他单块[话题]# #重型音乐[话题]# #电吉他教学[话题]# #电吉他音色[话题]# #TS808[话题]# #综合效果器[话题]# #电吉他[话题]#",
6025,male,19-22,1436709,nan,"当代年轻人是不是都这样啊? 烟酒是一定要来的,私底下是偷偷在保温杯里加枸杞,吃保养品的 兜里是可以没钱的,但一定要有个撑面子的物品 楼梯是一点也不爬的,健身卡是一定要办的 你们中枪了没? #当代年轻人[话题]# #人间真实[话题]# #搞笑的日常[话题]# #搞笑[话题]#",
6025,male,19-22,1060819,恭喜咱们的小粉丝收货一把Epiphone LP 60S,"重庆本地可预约到店看琴@有木味儿乐器 这位粉丝关注我们店很久了,这周末刚好有时间,就带着自己的父亲来到了有木味儿,父亲也是特别支持孩子学乐器,培养兴趣爱好,也可以适当放松学习的压力。 了解到女孩想要一把适合流行摇滚演奏的电吉他,并且希望能够有一些特殊效果。我们也是根据她的需求详细介绍了各种类型的电吉他,包括单双拾音器等不同的款式和音色还给她解释了电吉他的工作原理和常见的音效器材,如失真效果器、延迟效果器等。 最终选择了60S这把吉他,双双拾音器,Les Paul的琴体,桃花芯木琴身,简单说了价格、配赠和有木味儿的终身维保服务,并为他推荐了一个自带效果器的音响,玩法多样,外观和音色都符合女孩的喜好和需求,父亲果断付款。 #重庆探店[话题]# #吉他维护保养[话题]# #贝斯[话题]# #重庆照母山[话题]# #吉他弹唱[话题]# #吉他教学[话题]# #电吉他推荐[话题]# #吉他新手[话题]# #木吉他教学[话题]# #为明学校[话题]##英豪[话题]##重庆鲁能巴蜀中学[话题]# #西南大学[话题]##寸滩实验学校[话题]##重庆市两江中学[话题]# #重庆市诚善中学[话题]##重庆两江新区育才中学[话题]# #西南政法大学[话题]##重庆市第三十八中学[话题]##吉他推荐[话题]##Epiphone[话题]##卖琴[话题]#",
6025,male,19-22,1626150,重庆北碚探店 西南大学宝藏吉他店,"#重庆探店[话题]# #吉他[话题]# #西南大学[话题]# 🎼店名:有木味儿 🎼位置:重庆市北碚区天生丽街三楼3-13 2018年就在🍑宝开了网店,是全网拥有10000+的四钻店铺,现在重庆北碚也有实体店啦!!主营业务是吉他、电吉他、尤克里里、架子鼓。 🎼环境:整体装修很有质感,第一楼摆放着很多吉他,虽然我不太认识吉他种类,但这些吉他都好好看,店里的小姐姐介绍说这些吉他的名牌很齐全,更拿到了Todo在重庆的唯一授权。购琴还送四年免费保养和琴弦。第二楼是练习室,有架子鼓、键盘、非洲鼓等乐器 🎼教学:整体性价比很高,教学也很专业 🎀一对一课程 🎀吉他小班课程 🎀尤克里里课程 💡店里差不多都是跟我们同龄的店员,店员小姐姐人也很温柔,社恐们不用担心! 西南大学想学乐器的友友们快冲!",./images/mnt/ali-sh-1/usr/lihaitao/process_0106/image/part_55/554735/2403761.jpg|./images/mnt/ali-sh-1/usr/lihaitao/process_0106/image/part_55/554735/2403762.jpg|./images/mnt/ali-sh-1/usr/lihaitao/process_0106/image/part_55/554735/2403763.jpg|./images/mnt/ali-sh-1/usr/lihaitao/process_0106/image/part_55/554735/2403764.jpg|./images/mnt/ali-sh-1/usr/lihaitao/process_0106/image/part_55/554735/2403765.jpg|./images/mnt/ali-sh-1/usr/lihaitao/process_0106/image/part_55/554735/2403766.jpg
6025,male,19-22,976713,重庆渝北|电吉他&木吉他&贝斯店!😍,📍位置:重庆市·渝北区·金山意库·12栋-1-20 🚇3⃣号线📍金渝-步行7分钟 🔟号线📍民心佳园-步行10分钟 🕐营业时间:13:00-21:00 . #贴上就是桂花味[话题]# #电吉他推荐[话题]# #重庆琴行[话题]# #有木味儿乐器[话题]# #重庆探店[话题]# #重庆学电吉他[话题]# #与音乐的日常[话题]# #重庆架子鼓[话题]#,./images/mnt/ali-sh-1/usr/lihaitao/process_0106/image/part_56/569393/2491045.jpg|./images/mnt/ali-sh-1/usr/lihaitao/process_0106/image/part_56/569393/2491046.jpg|./images/mnt/ali-sh-1/usr/lihaitao/process_0106/image/part_56/569393/2491047.jpg|./images/mnt/ali-sh-1/usr/lihaitao/process_0106/image/part_56/569393/2491048.jpg|./images/mnt/ali-sh-1/usr/lihaitao/process_0106/image/part_56/569393/2491049.jpg|./images/mnt/ali-sh-1/usr/lihaitao/process_0106/image/part_56/569393/2491050.jpg
6025,male,19-22,794988,重庆沙坪坝有一家开了20多年的琴行,电吉他:Fender(美芬、墨芬)Squier、Gibson、Epiphone、Ibanez、PRS...... 民谣吉他:Gibson、Epiphone、Martin、Taylor、Yamaha、Takamini、Kapma、TYMA......,./images/mnt/ali-sh-1/usr/lihaitao/process_0106/image/part_101/1014802/4570319.jpg|./images/mnt/ali-sh-1/usr/lihaitao/process_0106/image/part_101/1014802/4570320.jpg|./images/mnt/ali-sh-1/usr/lihaitao/process_0106/image/part_101/1014802/4570321.jpg|./images/mnt/ali-sh-1/usr/lihaitao/process_0106/image/part_101/1014802/4570322.jpg|./images/mnt/ali-sh-1/usr/lihaitao/process_0106/image/part_101/1014802/4570323.jpg|./images/mnt/ali-sh-1/usr/lihaitao/process_0106/image/part_101/1014802/4570324.jpg|./images/mnt/ali-sh-1/usr/lihaitao/process_0106/image/part_101/1014802/4570325.jpg|./images/mnt/ali-sh-1/usr/lihaitao/process_0106/image/part_101/1014802/4570326.jpg
6025,male,19-22,1551659,在重庆!!!我会反复去5678910次的吉他店!!🥰,"🎸就是有木味儿乐器!! 📍金山意库文创园店•金渝地铁站(宜家奥莱商圈) 西南大学店•西南大学地铁站🚉 . 🎸电吉他+木吉他+尤克里里+音箱+贝斯 还有齐全的琴弦型号配件型号都可选购!! 部分吉他配大几百块的琴箱,超强保护! 都是热门大品牌现货,根本没有杂牌哦!! 也有木吉他/尤克里里/架子鼓/贝斯/电吉他一对一或者网络🛜视频可以学习~ —————————————————————— 它的售后也是超强亮点售后!长期服务~ [蓝色心形R]免费的手感调试 [蓝色心形R]免费的维修 [蓝色心形R]免费的琴弦及琴弦更换 [蓝色心形R]在线客服随时咨询 再也不怕遇到不懂的问题在网路上查半天得不到解决啦 ———————————————————————— 它们家还有上千款不同样式滴pick 带喜欢音乐的朋友来逛再合适不过了啦!!! #重庆琴行[话题]# #重庆探店[话题]# #买吉他[话题]# #五一出游[话题]# #电吉他[话题]# #木吉他教学[话题]# #尤克里里[话题]#",./images/mnt/ali-sh-1/usr/lihaitao/process_0106/image/part_91/917131/4131252.jpg|./images/mnt/ali-sh-1/usr/lihaitao/process_0106/image/part_91/917131/4131253.jpg|./images/mnt/ali-sh-1/usr/lihaitao/process_0106/image/part_91/917131/4131254.jpg|./images/mnt/ali-sh-1/usr/lihaitao/process_0106/image/part_91/917131/4131255.jpg|./images/mnt/ali-sh-1/usr/lihaitao/process_0106/image/part_91/917131/4131256.jpg|./images/mnt/ali-sh-1/usr/lihaitao/process_0106/image/part_91/917131/4131257.jpg|./images/mnt/ali-sh-1/usr/lihaitao/process_0106/image/part_91/917131/4131258.jpg|./images/mnt/ali-sh-1/usr/lihaitao/process_0106/image/part_91/917131/4131259.jpg
6025,male,19-22,1583021,重庆红旗河沟品类最全的中古店/乐器店,"重庆的中古/二手服装店已经很多啦🗯️但种类最全的中古/二手乐器店这绝对是头一家❣️ 店主是音乐生所以不会选乐器的宝子也可以给老板说预算和需求她帮你挑(我这次挑了一个尤克里里150r,比我之前在网上买的300➕的音色要好太多...ps今天才知道合成木和实木乐器的差别有多大[捂脸R]之前买的那个在行内俗称烧火棍) 1️⃣店里有上千台乐器,乐器种类有: 小提琴🎻 吉他/电吉他🎸 贝斯 非洲鼓🥁 尤克里里 古筝 .......(或许还有我没找到的种类) 2️⃣还有音乐相关配件:音响 黑胶唱片 cd 话筒......(喜欢淘老物件的快来,我只拍到了很少一部分) 3️⃣另外还有很多二手相机有需求的可以慢慢淘(粗略扫了一眼感觉至少也有几百台) 4️⃣中古包和服装也有但不是很多 但价格还不错今天问了一个gucci hobo成色还不错1000➕ 总结🩶 音乐生/音乐爱好者必来!老板人很好不会给你弯弯绕绕,价格确实比琴行划算太多,又可以避免闲鱼线上踩雷,现场选到最称手的琴。(老板还提供回收♻️服务) 复古音乐爱好者来这里应该也属于迈不动脚的类型,几千张碟子可惜我家没机子[哭惹R] 住得近的宝子周末探店可以来!交通便利逛完在观音桥吃吃喝喝心满意足回家[氛围感R] 地址[探店R] 高德地图导航:斯卡保罗集市 地铁:红旗河沟3号口出来步行5分钟 营业时间:周一到周日下午2点左右(去之前最好打电话询问是否在店哦,购物的话报我名字可以有小惊喜~) #重庆观音桥[话题]# #乐器[话题]# #重庆乐器[话题]# #重庆中古店[话题]# #重庆探店[话题]#",./images/mnt/ali-sh-1/usr/lihaitao/process_0106/image/part_65/654777/2909212.jpg|./images/mnt/ali-sh-1/usr/lihaitao/process_0106/image/part_65/654777/2909213.jpg|./images/mnt/ali-sh-1/usr/lihaitao/process_0106/image/part_65/654777/2909214.jpg
6025,male,19-22,1355639,来重庆一定一定要吃的!!!(不是网红),"🥹终于盼到他家开到解放碑了,之前在回兴吃过念念不忘,不愧是开了20多年的老面馆!爱死他家的烂土豆杂酱面了,黏糊糊的真的巨好吃,在重庆确实还是要吃这种市井气息的板凳面才过瘾啊。 #重庆打卡[话题]# #重庆[话题]# #重庆美食[话题]# #重庆旅游[话题]#",
6025,male,19-22,1674536,nan,#电吉他[话题]#,./images/mnt/ali-sh-1/usr/lihaitao/process_0106/image/part_67/674495/2999644.jpg
6025,male,19-22,1270256,真的还有人没穿过?,"打算去约会啦,挑选了好多,没穿过烧烧内1的真的可惜咯",./images/mnt/ali-sh-1/usr/lihaitao/process_0106/image/part_73/731147/3275217.jpg
6207,female,36-40,897354,急急急❗送妈妈选哪个好呀,"妈妈生日了,好纠结,选哪个好看?姐妹们帮帮我嘛#金至尊[话题]# #黄金[话题]# #生日[话题]# #寓意好物[话题]# #送礼[话题]# #送妈妈的礼物[话题]# #黄金首饰[话题]#",./images/mnt/ali-sh-1/usr/lihaitao/process_0106/image/part_112/1121609/5022019.jpg
6207,female,36-40,1567443,nan,青椒焖豆腐 这个搭配你们一定要去试一下!满口爆汁好吃到停不下来!#小红书爆款美食推荐[话题]# #家常菜[话题]# #青椒焖油豆腐[话题]#,./images/mnt/ali-sh-1/usr/lihaitao/process_0106/image/part_69/695502/3095823.jpg|./images/mnt/ali-sh-1/usr/lihaitao/process_0106/image/part_69/695502/3095824.jpg|./images/mnt/ali-sh-1/usr/lihaitao/process_0106/image/part_69/695502/3095825.jpg|./images/mnt/ali-sh-1/usr/lihaitao/process_0106/image/part_69/695502/3095826.jpg|./images/mnt/ali-sh-1/usr/lihaitao/process_0106/image/part_69/695502/3095827.jpg|./images/mnt/ali-sh-1/usr/lihaitao/process_0106/image/part_69/695502/3095828.jpg|./images/mnt/ali-sh-1/usr/lihaitao/process_0106/image/part_69/695502/3095829.jpg
6207,female,36-40,1031056,"霸王的新品,嘎嘎好喝😌","喝起来是玄米茶的感觉,超好喝 #奶茶治愈一切[话题]# #没有烦恼是奶茶解决不了的[话题]# #霸王茶姬[话题]# #霸王茶姬以茶会友[话题]#",
6207,female,36-40,1583443,一点点你这个满杯量做什么都会成功的,#一点点[话题]#,./images/mnt/ali-sh-1/usr/lihaitao/process_0106/image/part_96/960723/4331745.jpg|./images/mnt/ali-sh-1/usr/lihaitao/process_0106/image/part_96/960723/4331746.jpg|./images/mnt/ali-sh-1/usr/lihaitao/process_0106/image/part_96/960723/4331747.jpg|./images/mnt/ali-sh-1/usr/lihaitao/process_0106/image/part_96/960723/4331748.jpg|./images/mnt/ali-sh-1/usr/lihaitao/process_0106/image/part_96/960723/4331749.jpg|./images/mnt/ali-sh-1/usr/lihaitao/process_0106/image/part_96/960723/4331750.jpg|./images/mnt/ali-sh-1/usr/lihaitao/process_0106/image/part_96/960723/4331751.jpg|./images/mnt/ali-sh-1/usr/lihaitao/process_0106/image/part_96/960723/4331752.jpg
6207,female,36-40,1606496,二语上册 | 第19课《古诗二首》词语听写,#二年级语文[话题]# #生字[话题]# #二年级语文上册[话题]# #看拼音写词语[话题]# #二年级语文上册全册知识点汇总[话题]# #二年级语文上册词语听写[话题]# #一升二预习[话题]# #小学语文基础知识[话题]# #二年级语文上册古诗二首词语听写[话题]# #二年级上册语文19古诗两首[话题]#,./images/mnt/ali-sh-1/usr/lihaitao/process_0106/image/part_92/929584/4186047.jpg|./images/mnt/ali-sh-1/usr/lihaitao/process_0106/image/part_92/929584/4186048.jpg
6207,female,36-40,1731835,"天天👀学,负责到出分🚀!","中等水平的孩子恰似璞玉🎁,潜藏无限逆袭能量💥。 学习征途道阻且长🚧,迷茫困惑如影随形😕。 身为家长👨‍👩‍👧‍👦,当为孩子点亮希望灯塔💡,输送强劲动力⚡ 💥60 元一小时,超值一对一辅导来袭!💰 📖天天👀盯着学,一刻都不放松! 🎯全程陪伴,负责到出分 🔥报名要求:仅限32岁以上家长 ⏳截止时间:即日-2025年12月31日 注 * 本服务为成长引导咨询,非 K12 系统化学科课程培训❌#高中[话题]# #一对一[话题]# #先学30天再说[话题]# #先学30天再说[话题]# #网课[话题]# #学习[话题]# #家长[话题]#",./images/mnt/ali-sh-1/usr/lihaitao/process_0106/image/part_58/586904/2576341.jpg
6207,female,36-40,1485707,求大兴结婚酒店 男方女方都住酒店一体式,大兴有这样的酒店嘛 想直接就全都在酒店办 前一天晚上都住在那 第二天直接办婚礼 求推荐!!🙏🏻 求四大金刚 [害羞R]化妆等等~ #结婚酒店[话题]# #北京大兴酒店[话题]# #北京大兴酒店推荐[话题]# #北京[话题]# #北京婚礼[话题]# #北京婚礼跟拍[话题]# #北京婚礼策划[话题]# #北京婚礼场地[话题]# #北京婚礼跟妆[话题]# #北京婚礼主持人[话题]#,./images/mnt/ali-sh-1/usr/lihaitao/process_0106/image/part_62/623726/2745639.jpg
6207,female,36-40,1732488,北京勤学推荐大学生陪读注意事项!,"各位家长朋友们: 1.北京勤学推荐大学生陪读伴读,不收家长推荐费!不收家长推荐费!不收家长推荐费!已经从事北京大学生陪读推荐十多年。 2.帮助家长减少试错成本。因为涉及到时间,距离,个人需求,家长如果自己匹配会增加很多麻烦。推荐满足需求的大学生,不合适可以更换。 3.推荐的费用是市场合理收费,收费是透明的,不存在胡乱报价。 4.北京大部分位置都可以安排(距离大学远的地方安排会有困难!) 5.家长直接给大学生费用,推荐一次一结。 6.第一次课会带学生证。第一次课前半小时不满意不收费停止上课,满意继续上课正常收费。",
6207,female,36-40,1530387,北京西城区在校大学生伴读陪读,没有时间陪读伴读? 陪读伴读容易闹矛盾? 北京大学生伴读陪读解决难题!,
6207,female,36-40,1733710,"北京同仁医院半飞秒手术失败,术后视力下降","2024年1月25号在首都医科大学附属北京同仁医院做的半飞秒手术,术后视力下降了,现在10个月了。过了最长恢复期,基本上宣布,当初的手术失败了。选的最好的医院。术前50度低度近视,效果跟没做一样。",./images/mnt/ali-sh-1/usr/lihaitao/process_0106/image/part_107/1072741/4818347.jpg
6207,female,36-40,813359,好喝死了,"看见米布直接无脑下单,之前去昆明吃过一次米布记忆犹新!!!! 这个没有麻薯那么稠,奶香的,茶的味道也很独特,好喝死了你们都去尝尝 #奈雪的茶[话题]# #奈雪新品[话题]#",./images/mnt/ali-sh-1/usr/lihaitao/process_0106/image/part_86/863617/3884687.jpg|./images/mnt/ali-sh-1/usr/lihaitao/process_0106/image/part_86/863617/3884688.jpg|./images/mnt/ali-sh-1/usr/lihaitao/process_0106/image/part_86/863617/3884689.jpg|./images/mnt/ali-sh-1/usr/lihaitao/process_0106/image/part_86/863617/3884690.jpg|./images/mnt/ali-sh-1/usr/lihaitao/process_0106/image/part_86/863617/3884691.jpg
6207,female,36-40,1041693,北师大找伴读,北师大找伴读 可以是语数英 或者 文科 耐心细致 有责任心 尤其可以帮助孩子规范书写#求职[话题]# #大学生找工作[话题]# #北京海淀[话题]# #家长教育[话题]# #大学生[话题]# #兼职[话题]# #伴读[话题]##伴读[话题]# #北京[话题]# #北京师范大学[话题]#,./images/mnt/ali-sh-1/usr/lihaitao/process_0106/image/part_73/736903/3303021.jpg
6207,female,36-40,1462848,"下周出差北京,穿搭请教","北京的朋友,如何穿搭可以在室外不冷,室内不热? 作为南方人,去年12月份在北京开会,在室内开会被热到不行。脱了外套也很热,实在不适应。 下周又要去开会了,朋友们给点建议,怎么穿衣比较方便?",
6207,female,36-40,1124029,优衣库这打底🐂🍺!!️,"同个时段我入了黑白灰个色🔥 ✅轻薄、柔软舒适、轻微发热,保暖度够够的,在南方很ok 了[暗中观察R] ✅(个人觉得灰色比黑色好看🤩) 🙅🙅‍♂️缺点:包装拆出来有股味道!(有点臭),用香味的洗衣服泡了几个小时后会消失🫠 由于轻薄不适合单穿,更适合做内搭 #优衣库[话题]# #优衣库试衣间[话题]# #优衣库打底衫[话题]# #优衣库发热内衣[话题]# #优衣库穿搭[话题]# #内衣[话题]# #保暖穿搭[话题]#",
6207,female,36-40,1540080,线上一对一 老师怎么挑❓,"再次感叹线上一对一课程大大节省精力时间!这两天后台很多宝妈来讨论关于线上一对一老师的挑选和推荐。 再次感叹:天下母亲,一样的心❤瞬间感觉找到了组织(比和自己老公商议补课的事有效太多了)所以,浅说一下我是如何挑老师的吧: 1.老师的经验。有经验和无经验的老师对孩子的引导千差万别,对知识的讲解也会不一样,这个会直接影响到孩子对课堂的接受度和对知识点的吸收。个人很看重这点,所以放在首位。而我的判断是,直接先上一节课看看。有经验和无经验区别还是很明显。 2.老师的沟通。娃的教育,是多方的配合,所以上课老师和我的沟通是否顺畅,老师的教育理念是否和我一致,这方面决定了这段学习路程的长远。而我不想频繁换老师,所以我更愿意一开始就找一个教育理念比较契合的老师。 3.老师的责任心。虽然大部分老师都是很负责的,但我还是见过一些不负责的老师,作业不批改,问题不及时反馈等。其实,上完第一次课,老师有没有反馈,我觉得在某种程度上也能看出老师的负责和专业程度。 我是比较在意细节的,所以在和老师沟通的时候就已经在判断老师的专业性和经验了。 我家kim上的这个线上课今年已经是第三年了,今年高一,图二是他本学期的期中考试成绩 ,看到这个成绩我还是挺骄傲,欣慰,选择线上课,一定要多去筛选老师的简历,并多试一两次课,不管对方把老师吹的多厉害,适合孩子并能够让孩子对他的课程产生极大的学习乐趣才是最好的! #学习分享[话题]##学霸秘籍[话题]# #补课[话题]##一对一[话题]#",./images/mnt/ali-sh-1/usr/lihaitao/process_0106/image/part_112/1121909/5023287.jpg|./images/mnt/ali-sh-1/usr/lihaitao/process_0106/image/part_112/1121909/5023288.jpg
6207,female,36-40,1728849,点赞👍,"支原体肺炎十多天了,激素减量后孩子又吐又烧,吃不下,精神萎靡,紧急就医,早上7点多挂上号分诊,中午12点多连医生第一面都没见着,8个普通门诊诊室➕4个正副主任诊室,200多号一上午都叫不完!难受虚弱五个小时,质疑为什么好几个诊室半个小时40分钟不叫号、大批复诊患者过号了都叫到第三轮,我们初诊都没叫到?分诊台、诊室医生、一楼投诉中心3号窗口男性工作人员的答复就是我们就是这种叫号系统,你挂号晚就得等,意思是活该你挂号晚。我本来提前预约了当日下午号的,如果不是情况特殊不会五六点钟就从家出发来现场挂号,如果不是急症,谁也不会临时来看。我可以接受客观原因的人多等候,大家都不容易,但是我质疑的工作效率和叫号逻辑难道不应该吗?急重症有急诊接待,门诊都是开化验单看结果一个号诊治三四十分钟??很气愤,很无奈。最后也没等上,等一上午孩子要晕了跑到急诊才勉强给看,开单抽血输液,结束了这10个小时的草如蛋经历。只能说,给你点赞👍儿童医院。希望大家都健健康康,优生优育,造福社会,给我们的医某系统,教某系统减减负,少添堵 [拔草R]解释一下 不是我挂了下午的号自己不按建议就诊时间来早了,我提前两天就预约了当日下午的号计划复查,结果头天夜里和当日早晨发现孩子情况不好,只能直接去儿童医院现场重新挂了上午的号,相当于我同一天挂了两个号。挂号系统不合理,当天挂号的排在所有人的后面,复诊的都一轮一轮的叫完了不让初诊的看,名义不限号但是看不上病,把你变相引流到其他医院,这样有什么意义?居然还有说白菜价想享受米其林服务的?我只是合理质疑还不能发声了?十多个屋子,每屋2个大夫一共20来位大夫给二百来号病患看病,每位医生人…",
6207,female,36-40,1304627,"四年级女儿抑郁,昨天正式申请休学","从11号到今天,这两周多,女儿只上了一天学。其余时间,我就带着她出去玩,或者在家做手工、画画、撸猫,以及几乎不限制玩手机游戏。 问她要不要请个长假,她说不要,下周我就去上学,于是每天都临时请假。 前天周日,再次和她沟通,直接问她,妈妈给你请个长假,咱们在家好好休息、玩一段时间,一直休到过年,下个学期开学你再去学校,好不好?她说好 - 女儿是个自我要求很高的小孩,她去年转学过来,刚开始跟不上,尤其是英语基础弱,到现在经常考A,她一定承受了很大的心理压力,很希望把A保持下去,尽管我们并不这样要求她 我和爸爸平时辅导也是尽量给她减压,从没报过课外辅导班,也不要求多做练习。甚至学校布置的作业,有时候完不成、不想写,我也会让她不写,我给老师说一下,不批评她 - 我和我老公很早就想明白了,我们想要一个健康快乐的孩子,不想要一个沉默、不开心的学霸。孩子特别喜欢画画,就让她大量发展爱好,9年义务教育完成后,她可以专门去学自己喜欢的,上不上大学都无所谓。 - 最近自我反思,在学习方面,虽然我们口口声声说,学得怎么样没关系,去学校多少懂点知识,交交朋友就可以。 但实际上,还是会因为她考得好而夸奖她。 这样的反应,可能还是会让她觉得,爸爸妈妈妈妈还是希望我考好。 所以是我们没有做到心口合一,才让她依然有这样大的压力 反思的结论是:我们需要发自内心地认为学校的学习不那么重要,才能给到她积极的反馈[红色心形R] - 昨晚,她一个关系很好的同学的家长给我发信息,说,“XX妈妈,你女儿最近怎么没上学,XXX(她女儿)说想她了,她说XX不上学,我为什么上学” 我让女儿看,你的好朋友都开始羡慕你了,她要是知道你…",./images/mnt/ali-sh-1/usr/lihaitao/process_0106/image/part_88/882580/3981476.jpg
6207,female,36-40,897570,nan,"北京伴读,有没有人要做伴读的啊!现在好难做[哭惹R],想做伴读的都在哪里啊[蹲后续H]",./images/mnt/ali-sh-1/usr/lihaitao/process_0106/image/part_108/1080933/4852427.jpg
6207,female,36-40,1139102,"建议大家都去小破站学语文,真香","这几位老师的课一定要狂刷!!! 都是语文界的宝藏老师,资源已经给大家整理在下面了~ ✅ 戴建业(古诗词) 注重提升孩子的学习能力和艺术素养。可以作为课内知识的趣味补充来看 ✅dc008(基础知识) 小学到高中的课本基础知识点全部包含,知识点很全面,非常适合课堂上跟不上的孩子 ✅高盛元(古诗文) 教学通俗易懂,会结合人物经历和作者生平去讲课,引导学生深入理解古诗文的内涵 ✅张泉灵(名著领读) 每天15分钟,泉灵老师带着孩子阅读名著,不仅能增加阅读量,还教阅读技巧,让孩子爱读书、会读书,一年轻松啃下24本名著。继续坚持中! ✅我就是皮皮儿(名著阅读) 专注阅读与写作的教学,特别擅长名著导读,帮助孩子理解文章的细腻情感提升阅读技巧 ✅黄保余老师(作文) 针对考场作文,提出了 “考场作文黄金五原则”。学习这些原则可以在限时写作的环境中更好地布局文章 💡 最后,给各位家长推荐的高质量纪录片,看完也会有很大收获! 🛰️《航拍中国》 带我们从空中俯瞰神州大地。它展示了如黄山的奇松怪石、长城的雄伟壮丽等各地自然与人文景观。从高空视角,将中国不同地域的美景、特色城市风貌等一一呈现。孩子们可以欣赏到祖国的壮美河山,领略各地风土人情,增强民族自豪感。而且有助于他们直观认识地理知识,开拓视野,培养观察力和对大自然的热爱之情。 ✏️《字从遇见你》 聚焦汉字。每集选取一个汉字,像 “人” 字,从甲骨文形态讲起,展示其演变历程。结合生活场景和历史故事,深入浅出阐释汉字的内涵与用法。这部纪录片能让小学生了解汉字起源和发展,明白字里乾坤,激发对汉字的兴趣,对语文学习特别是识字、理解字义有很大帮助,使汉字学习不再…",./images/mnt/ali-sh-1/usr/lihaitao/process_0106/image/part_69/695767/3097081.jpg
6342,female,23-25,1734032,桃源这个小桌是什么 求求求,#桃源深处有人家开地[话题]# #桃源深出有人家[话题]# 这个火锅桌是什么建筑,
6342,female,23-25,902711,nan,"第一人格是个痴汉,第二人格貌似是个病娇[暗中观察R][暗中观察R]#蛇妖要出逃[话题]# #推荐漫画[话题]#",./images/mnt/ali-sh-1/usr/lihaitao/process_0106/image/part_111/1119917/5014972.jpg|./images/mnt/ali-sh-1/usr/lihaitao/process_0106/image/part_111/1119917/5014973.jpg|./images/mnt/ali-sh-1/usr/lihaitao/process_0106/image/part_111/1119917/5014974.jpg|./images/mnt/ali-sh-1/usr/lihaitao/process_0106/image/part_111/1119917/5014975.jpg|./images/mnt/ali-sh-1/usr/lihaitao/process_0106/image/part_111/1119917/5014976.jpg
6342,female,23-25,947899,"为了迎接御猫,该舍弃哪一只喵喵?","猫屋建筑四阶只能养四只猫,现在要来一个御猫,之前养的四只都是最喜爱的,真不知道该舍弃哪一只,就不能多点位置吗,好纠结啊,初步定了那个豹豹#桃源深处有人家[话题]# #桃源深处有人家攻略[话题]# #种田游戏[话题]# #桃源宫烟故梦[话题]#",
6342,female,23-25,1668653,人假装忙的时候 🍄:?,#小蘑菇[话题]# #小蘑菇漫画[话题]# #安折[话题]# #陆沨 #安折陆沨[话题]# 图derive❌,
6342,female,23-25,914469,求助:怎么能让妹妹来到二岛三岛?,"点二岛三岛的空地,只有哥哥和小萝卜,妹妹不会跟过来 #桃源深处有人家[话题]# #桃源[话题]#",
6342,female,23-25,1392393,小门小户人家,好喜欢这套 桃源每次都能赚我的钱(/_\)大怨种 #桃源深处有人家[话题]# #桃源深处有人家布局[话题]# #家里温馨治愈的氛围[话题]# #小游戏安利[话题]#,./images/mnt/ali-sh-1/usr/lihaitao/process_0106/image/part_69/690823/3074324.jpg
6342,female,23-25,1106730,被恐怖片吓到的宝宝一枚!!,"宝宝哭的我见犹怜啊啊啊啊啊啊啊,老夫的小心脏!! 作者大大:东爷 #ring[话题]# #国漫[话题]# #治愈漫画推荐[话题]#",./images/mnt/ali-sh-1/usr/lihaitao/process_0106/image/part_56/568539/2485880.jpg|./images/mnt/ali-sh-1/usr/lihaitao/process_0106/image/part_56/568539/2485881.jpg|./images/mnt/ali-sh-1/usr/lihaitao/process_0106/image/part_56/568539/2485882.jpg|./images/mnt/ali-sh-1/usr/lihaitao/process_0106/image/part_56/568539/2485883.jpg|./images/mnt/ali-sh-1/usr/lihaitao/process_0106/image/part_56/568539/2485884.jpg|./images/mnt/ali-sh-1/usr/lihaitao/process_0106/image/part_56/568539/2485885.jpg
6342,female,23-25,1539365,这俩也太搭了吧❗️菊丛绕舍贰布局一则🌼,"菊丛绕舍➕趣满笼屋🟰陶陶乐园❗️ 在这里陶陶可以骑木马,可以赏菊~🌼 太有秋日氛围感了🍁 后续会持续更新菊丛绕舍进阶的布局~👀 请大家持续关注椰可可~🎉 #桃源深处有人家布局[话题]# #桃源深处有人家[话题]# #桃源深处有人家菊丛绕舍[话题]# #桃源深处有人家趣满笼屋[话题]# #好玩的模拟经营游戏[话题]#",./images/mnt/ali-sh-1/usr/lihaitao/process_0106/image/part_89/895905/4038027.jpg|./images/mnt/ali-sh-1/usr/lihaitao/process_0106/image/part_89/895905/4038028.jpg|./images/mnt/ali-sh-1/usr/lihaitao/process_0106/image/part_89/895905/4038029.jpg
6342,female,23-25,994967,沃趣....她怎么变样了,越来越好看了#赵露思[话题]##美女[话题]##微调[话题]#,
6342,female,23-25,940944,桃源金枝绣户,冬日和红色更配哦#桃源深处有人家[话题]# #桃源深处有人家攻略[话题]# #桃源宫烟故梦[话题]# #桃源深处有人家布局[话题]# #桃源宫烟如梦[话题]# #桃源家居布局[话题]# #桃源深处有人家房间布局[话题]# #金枝绣户[话题]# #桃源深处有人家日常[话题]# #桃源深处有人家装修[话题]#,
6342,female,23-25,810436,桃源主屋布局「金枝绣户」,桃源有自己的甄嬛传~嬛嬛的宫院~ #桃源深处有人家[话题]# #桃源深处有人家布局[话题]#,./images/mnt/ali-sh-1/usr/lihaitao/process_0106/image/part_103/1036884/4663694.jpg|./images/mnt/ali-sh-1/usr/lihaitao/process_0106/image/part_103/1036884/4663695.jpg|./images/mnt/ali-sh-1/usr/lihaitao/process_0106/image/part_103/1036884/4663696.jpg
6342,female,23-25,792641,被全额退款的一张,"是被单主质疑是ai全额退款的稿件 平常一直在上班当卑微打工人,业余想着接点稿子赚一咪咪零花钱也碰壁[石化R][石化R]最近不打算再接稿子了,打算多多练习练习,放松一下和调整状态 #绘画[话题]# #反正也不会火[话题]# #约稿[话题]# #画画[话题]# #约稿[话题]##绘画日常[话题]# #自学画画[话题]# #被鉴ai[话题]# #鉴ai[话题]# #ai[话题]#",./images/mnt/ali-sh-1/usr/lihaitao/process_0106/image/part_72/725723/3244461.jpg|./images/mnt/ali-sh-1/usr/lihaitao/process_0106/image/part_72/725723/3244462.jpg
6342,female,23-25,1416465,nan,桃源滑雪场#桃源深处有人家[话题]# #桃源深处有人家雪景布局[话题]#,./images/mnt/ali-sh-1/usr/lihaitao/process_0106/image/part_61/611411/2688998.jpg|./images/mnt/ali-sh-1/usr/lihaitao/process_0106/image/part_61/611411/2688999.jpg
6342,female,23-25,1581901,分享桃源国际服最新联动!超可爱麻薯猫,"桃源国际服上萝卜二三事咯,联动了台湾的小游戏麻薯猫,有新背景新头像新装扮,超级可爱!!!#桃源深处有人家[话题]##桃源深处有人家国际服[话题]##桃源深处有人家攻略[话题]#",./images/mnt/ali-sh-1/usr/lihaitao/process_0106/image/part_93/939808/4233540.jpg|./images/mnt/ali-sh-1/usr/lihaitao/process_0106/image/part_93/939808/4233541.jpg|./images/mnt/ali-sh-1/usr/lihaitao/process_0106/image/part_93/939808/4233542.jpg|./images/mnt/ali-sh-1/usr/lihaitao/process_0106/image/part_93/939808/4233543.jpg|./images/mnt/ali-sh-1/usr/lihaitao/process_0106/image/part_93/939808/4233544.jpg|./images/mnt/ali-sh-1/usr/lihaitao/process_0106/image/part_93/939808/4233545.jpg|./images/mnt/ali-sh-1/usr/lihaitao/process_0106/image/part_93/939808/4233546.jpg
6342,female,23-25,1587010,nan,"#网恋[话题]# 网恋对象说这是他,大家帮忙看看这是不是网图[失望R][失望R]",
6342,female,23-25,1735865,避雷这个猫窝!,Ber桃源这也太离谱了吧 这期最期待的就是这个猫窝了 结果给我猫整不会了 憋哈哈了盆友们[哭惹R]不是只有我的猫是悬浮的吧 #桃源深处有人家bug[话题]##桃源深处有人家[话题]#,./images/mnt/ali-sh-1/usr/lihaitao/process_0106/image/part_65/650952/2887453.jpg|./images/mnt/ali-sh-1/usr/lihaitao/process_0106/image/part_65/650952/2887454.jpg
6342,female,23-25,1929006,怀... 怀孕🍎,"原画师:@VVInterArt52 (X) ⚠️禁止二传!⚠️翻译不易,珍惜大大劳动成果! #地狱客栈[话题]# #地狱客栈同人[话题]# #广播苹果[话题]#",
6342,female,23-25,1979754,nan,"桃源我以前从没有吐槽过你,但这个新活动我真的忍不了。我知道你可能想让老玩家游戏参与度高一点,把开地工具消耗所以我也就不吐槽你弄半天新活动最后就是搞了个开地的地块的养胃的事了。但是你都把地基给了就不能弄点活东西进去吗?没有NPC你好歹弄点动物进去啊,我想招猫逗狗,有互动啊[失望R],这么大一个地方就我一个活的,你自己瞅瞅合理吗?啊?!不知道的以为我在cos冷宫的疯妃呢[黑薯问号R] ,要不要我唱首冷宫怨,玩玩寻找不存在的皇帝啊?如果你后面会弄什么新花样,我道歉,您大人不计小人过,把我当个屁放了[抱拳R]#桃源深处有人家[话题]# #桃源宫烟故梦[话题]#",./images/mnt/ali-sh-1/usr/lihaitao/process_0106/image/part_64/647399/2866335.jpg|./images/mnt/ali-sh-1/usr/lihaitao/process_0106/image/part_64/647399/2866336.jpg
6342,female,23-25,909116,小珍珠47话我真的碎掉了😭,"这是什么生命难以承受之重,吉恩的表情,也是碎的透透的了😭😭😭 马克西姆是不是举枪了,吉恩甚至还没从他为什么还在这里的震惊中缓过来😭😭😭 虽然知道是be,还是想喊“不要啊!!!” 马克西姆,不要死啊!!!😭😭😭 #韩漫[话题]##小珍珠[话题]# #perle珍珠[话题]#",
6420,female,31-35,1267524,我的天!韦雪居然这样评价麦琳,"姐妹们,留下你最想对麦琳说的一句话!#韦雪[话题]# #再见爱人[话题]# #麦琳[话题]# 图片来自网络",
6420,female,31-35,1941269,nan,"本命年手绳➕1,复古又高级的紫色,和红色不同的感觉#本命年红绳[话题]# #黄金[话题]# #黄金首饰[话题]# #999足金[话题]# #黄金手链[话题]# #黄金首饰搭配[话题]#",
6420,female,31-35,799560,松石怎么带怎么高级,#寻觅藏传老物件[话题]# #藏传文玩[话题]# #藏传[话题]#,
6420,female,31-35,1426988,绿松免费看,绿松石 90%都是假的#原矿绿松石[话题]# #绿松石搭配[话题]# #绿松石手串[话题]# #绿松石[话题]##鉴定[话题]# #求鉴定[话题]# #真假鉴定[话题]# #绿松石鉴定[话题]#,./images/mnt/ali-sh-1/usr/lihaitao/process_0106/image/part_82/821079/3695530.jpg
6420,female,31-35,1538618,留下你的绿松石 我帮你估估价,"绿松石大神在哪里,让我开开眼[偷笑R]#原矿绿松石[话题]# #绿松石[话题]# #绿松石雕刻[话题]# 优化过的看不懂,请绕道[失望R]",./images/mnt/ali-sh-1/usr/lihaitao/process_0106/image/part_111/1113993/4990093.jpg
6420,female,31-35,892481,这就是“去黑”,"说到松石泡药水去黑,不算是什么秘密了吧?早些年商家把乌料去黑当蓝料卖,现在乌料又流行了起来,常用做一些暗黑题材。乌料之乌,呈色原因就是料子里悬浮的密密麻麻的黑点,有的甚至肉眼都看不到,乌料多见于蓝料。 · 图上这个料子是客户选的原石,扒出来后黑点分布很不均匀,不过遇到事情不要慌~先拿出手机拍个照,发个朋友圈。那就雕完再说,客户要求凤凰。 · 雕刻后黑点还是很明显的,哑光也盖不住,这是最重要的一点【告诉客户要泡个药水去下表层黑】,告诉是解决问题,不告诉那就是欺骗了。去黑不可耻,可耻的是隐瞒。去黑有风险,有次把瓷度中上等的料子烧烂过,所以药水也分好和差,时间火候很重要。只去下表层黑,别去多了成蓝料了失去了乌料的乌感。 · 去完黑就得重新抛光,损伤表面亮度,抛光后可能又露出了黑点,再泡去黑,再抛提亮,再泡、再抛,反复弄了几次终于没黑了。最后,要多泡泡水,把酸溶解出来就完活儿。 · 客户要的胶质感、乌感都有,别说什么难听的这不好那不好,遇到问题解决问题才是关键,但一定要告知。 #绿松石[话题]# #文玩[话题]# #文玩女孩[话题]# #绿松石[话题]# #手机分享[话题]# x",./images/mnt/ali-sh-1/usr/lihaitao/process_0106/image/part_92/929608/4186174.jpg|./images/mnt/ali-sh-1/usr/lihaitao/process_0106/image/part_92/929608/4186175.jpg|./images/mnt/ali-sh-1/usr/lihaitao/process_0106/image/part_92/929608/4186176.jpg|./images/mnt/ali-sh-1/usr/lihaitao/process_0106/image/part_92/929608/4186177.jpg|./images/mnt/ali-sh-1/usr/lihaitao/process_0106/image/part_92/929608/4186178.jpg|./images/mnt/ali-sh-1/usr/lihaitao/process_0106/image/part_92/929608/4186179.jpg
6420,female,31-35,1525256,珠宝感这不就来了吗,咻咻咻~飞走啦#原矿绿松石[话题]# #文玩[话题]# #手工[话题]# #手工编绳[话题]# #绿松石[话题]##锁骨链[话题]# #文玩女孩[话题]# #我的手工日常[话题]# #手工编绳[话题]# #珠宝[话题]#,./images/mnt/ali-sh-1/usr/lihaitao/process_0106/image/part_77/774351/3470040.jpg
6420,female,31-35,1697911,自然造物,一只老绿松随形雪狮#龙武带你玩藏传[话题]# #藏传[话题]# #古玩[话题]# #绿松[话题]#,
6420,female,31-35,876003,近日真爱,#绿松石[话题]# #藏传文玩[话题]#,./images/mnt/ali-sh-1/usr/lihaitao/process_0106/image/part_101/1011173/4554802.jpg
6420,female,31-35,916725,绿松石雕工毁所有系列集锦,"绿松石雕工毁所有系列集锦!欢迎补充你见到过的,那些暴殄天物粗制滥造的神工佳作。[偷笑R]",
6420,female,31-35,1721279,曝光一个商家,"实在受不了了,长期在我朋友圈里发这类雕刻件...一打开朋友圈就是他的刷屏。描述都是什么“开脸端庄大气、精工、收藏级...” · 评论区@你一个敢吃屎的朋友,来看看,跟着图1一起艾瑞八嘚嗨起来。 #绿松石[话题]# #文玩[话题]#",./images/mnt/ali-sh-1/usr/lihaitao/process_0106/image/part_73/739468/3314909.jpg|./images/mnt/ali-sh-1/usr/lihaitao/process_0106/image/part_73/739468/3314910.jpg|./images/mnt/ali-sh-1/usr/lihaitao/process_0106/image/part_73/739468/3314911.jpg|./images/mnt/ali-sh-1/usr/lihaitao/process_0106/image/part_73/739468/3314912.jpg|./images/mnt/ali-sh-1/usr/lihaitao/process_0106/image/part_73/739468/3314913.jpg|./images/mnt/ali-sh-1/usr/lihaitao/process_0106/image/part_73/739468/3314914.jpg
6420,female,31-35,877635,绿松石随型,7.2克 无水无油 自然光#文玩[话题]# #绿松石[话题]# #文玩手串[话题]# #文玩女孩[话题]# #原矿绿松石[话题]# #,./images/mnt/ali-sh-1/usr/lihaitao/process_0106/image/part_57/576168/2526608.jpg|./images/mnt/ali-sh-1/usr/lihaitao/process_0106/image/part_57/576168/2526609.jpg|./images/mnt/ali-sh-1/usr/lihaitao/process_0106/image/part_57/576168/2526610.jpg|./images/mnt/ali-sh-1/usr/lihaitao/process_0106/image/part_57/576168/2526611.jpg
6420,female,31-35,918360,"论原石毛料的开窗技术,特别是绿松石!!!",#收集自然的痕迹[话题]# #兴趣体验清单[话题]# #文玩[话题]##原石毛料[话题]##文玩女孩[话题]##被骗[话题]##绿松石[话题]##文玩配饰[话题]# #配饰分享[话题]# #手把件[话题]#,./images/mnt/ali-sh-1/usr/lihaitao/process_0106/image/part_88/881227/3975520.jpg
6420,female,31-35,1736215,咬牙拿下,#绿松石[话题]#,
6420,female,31-35,1238897,真假绿松石,#藏传文玩[话题]# #藏传[话题]# #绿松石[话题]#,./images/mnt/ali-sh-1/usr/lihaitao/process_0106/image/part_101/1015289/4572406.jpg
6420,female,31-35,1716764,松石卸籽,#绿松石[话题]#,./images/mnt/ali-sh-1/usr/lihaitao/process_0106/image/part_58/584842/2566889.jpg
6420,female,31-35,1723541,何止于惊艳那么简单。绿松石高订。,#绿松石搭配[话题]# #绿松石项链[话题]# #绿松石锁骨链[话题]# #绿松石订制[话题]##文玩配饰[话题]# #文玩男孩女孩也来上分了[话题]#,./images/mnt/ali-sh-1/usr/lihaitao/process_0106/image/part_101/1010229/4549832.jpg|./images/mnt/ali-sh-1/usr/lihaitao/process_0106/image/part_101/1010229/4549833.jpg|./images/mnt/ali-sh-1/usr/lihaitao/process_0106/image/part_101/1010229/4549834.jpg
6420,female,31-35,1635303,■好吧 我承认它完美的太过分了...,"■好吧😑 我承认它完美的太过分了... 深夜才刚刚闲下来把今天最满意的松石设计出来,过于完美的一颗传世老松石 用“温润”一词来形容它的美!#设计[话题]# #项链[话题]# #藏传[话题]# #老松石[话题]#",./images/mnt/ali-sh-1/usr/lihaitao/process_0106/image/part_85/850095/3823865.jpg|./images/mnt/ali-sh-1/usr/lihaitao/process_0106/image/part_85/850095/3823866.jpg
6420,female,31-35,1441163,绿松石随形坠,11.5克 洞子沟蓝料 自然光无水无油#绿松石吊坠[话题]# #原矿绿松石[话题]# #文玩[话题]# #文玩女孩[话题]# #文玩手串[话题]#,./images/mnt/ali-sh-1/usr/lihaitao/process_0106/image/part_102/1024058/4609324.jpg|./images/mnt/ali-sh-1/usr/lihaitao/process_0106/image/part_102/1024058/4609325.jpg|./images/mnt/ali-sh-1/usr/lihaitao/process_0106/image/part_102/1024058/4609326.jpg|./images/mnt/ali-sh-1/usr/lihaitao/process_0106/image/part_102/1024058/4609327.jpg
6420,female,31-35,919874,淘到好有癫狂疯癫感的巨无霸绿松石,"在成都藏族地摊集市淘到的,一眼爱上。 50多克的巨无霸,拿来随便串个锁骨链就好好看! #原矿绿松石[话题]# #绿松石吊坠[话题]# #绿松石搭配[话题]# #配饰[话题]# #最别致的配饰[话题]# #藏族[话题]# #藏族文化[话题]# #西藏[话题]# #绿松石[话题]# #文玩[话题]# #文玩女孩[话题]#",./images/mnt/ali-sh-1/usr/lihaitao/process_0106/image/part_106/1064865/4781092.jpg
6708,female,26-30,1725845,"末次10.29,时间相近的姐妹有吗???","差不差多时间段的时间有吗?末次都是那天的? 我还没去,感觉有点早,我现在就是又兴奋又有点焦虑[失望R][失望R]大家打算几周去?觉得几周最合适? 同期姐妹来燎燎,做个伴二",
6708,female,26-30,1109040,孕4周~5周的孕期症状❗️,"孕四周➕5天了,没有早孕反应 正常吗? 现在有的症状: 🌟胸只有侧边碰才会有一点点疼,不知道涨是啥感觉; 🌟🌟吃完饭过一会就感觉饿了 🌟还能感觉到有时有一点痛感 🌟🌟🌟浑身难受,腰酸,肩膀酸;(感觉最明显的) 🌟我之前就消化不好,自从怀孕后动不动吃点就不舒服。但是还是吃嘛嘛香,但是吃热乎的、牛肉好像胃会舒服一点点。(饿的快,又不消化,吃的少了就掉秤,吃的多了就不消化,真的#早孕反应[话题]# 很矛盾🤣) 🌟看到别人说孕反那么大, 我都忍不住焦虑了,现在就是各种不得劲❗️❗️[哭惹R] 🌟息肉自怀从3周➕2天开始到现在4周➕5天了,还是偶尔会有褐色分泌物,不多,很少,但是容易焦虑啊[失望R](搜了资料,说问题不大,担心7周去做B超中~) 你们都有什么症状??啥时候开始孕反啊!!!!看他们吐成那样,有点担心[失望R][失望R][失望R] #孕早期 #怀孕初期[话题]# #早孕[话题]##孕4周[话题]# #孕吐一般几周开始[话题]#",./images/mnt/ali-sh-1/usr/lihaitao/process_0106/image/part_92/923174/4157846.jpg|./images/mnt/ali-sh-1/usr/lihaitao/process_0106/image/part_92/923174/4157847.jpg
6708,female,26-30,1304883,"凭咱俩关系,送个树莓塌塌不过分吧...",#圣诞树[话题]# #圣诞节礼物[话题]# #礼物[话题]# #圣诞礼物[话题]# #新家的100个快递[话题]# #门挂[话题]# #仪式感礼物[话题]#,
6708,female,26-30,894471,"你的一句仪态好差,我苦练了三年...",#仪态[话题]# #汉服[话题]# #汉服走秀[话题]# #礼衣华夏[话题]# #2024搜狐视频国风盛典[话题]# #国风盛典[话题]#,
6708,female,26-30,931873,"惢心出嫁是在刚出慎刑司没多久,腿伤很严重","还没痊愈,如懿连个垫子都没给她准备,还让惢心跪在冰冷的地板上很久,最后还是在愉妃和纯妃的提醒下,才想起来让惢心起来,但是又让惢心一步步走到宫门口,感觉她真的不心疼惢心的腿,而且连护膝都是愉妃做的 #宫斗剧[话题]#",
6708,female,26-30,1496527,热乎乎的胎心胎芽 接了就有!,怀孕后各种反应 忍到孕7周才去医院检查 检查结果指标一切正常 为我家小朋友点赞[点赞R] 顺便查了一下前段时间打的乙肝疫苗 也有乙肝抗体啦[举手R] 愿接下来一切顺利 #怀孕初期[话题]# #孕早期[话题]# #胎心胎芽[话题]# #接一切好孕[话题]#,./images/mnt/ali-sh-1/usr/lihaitao/process_0106/image/part_66/669225/2975195.jpg|./images/mnt/ali-sh-1/usr/lihaitao/process_0106/image/part_66/669225/2975196.jpg|./images/mnt/ali-sh-1/usr/lihaitao/process_0106/image/part_66/669225/2975197.jpg
6708,female,26-30,1662336,提示一下!孕前守点紧自己嘴 不和别人讲,#细胞培养[话题]# #排卵备孕[话题]# #多囊[话题]#,./images/mnt/ali-sh-1/usr/lihaitao/process_0106/image/part_62/622504/2739873.jpg
6708,female,26-30,898985,Live分享|秘密花园·亚当与夏娃的私语,假如赋予油画生命🖼️ 那宛如宿命驱使般的爱情 当如画面中一样 唯美浪漫💕 #复古油画风写真[话题]# #法式复古写真[话题]# #油画里的女孩[话题]# #油画写真[话题]# #孕妇照[话题]# #天津孕妇照大曝光[话题]# #孕妇写真[话题]# #live图[话题]# #实况[话题]# #拍摄花絮[话题]#,
6708,female,26-30,1293719,拍到了满意的孕妇照,每个妈妈都是闪闪发光的#来拍照了[话题]# #法式写真[话题]# #油画写真[话题]# #上海孕妇照[话题]# #上海孕妇照[话题]##上海女摄[话题]#,
6708,female,26-30,1265586,五月🐲 |新中式孕妇照,我想拍的🆚我拍的 ♻️莱回 不露肚的新中式孕妇照一眼就沦陷的高级感 永远可以相信中式国风美学 选了这组新中式孕妇照 看小红书上比较火🔥 好多人拍了 我这算是挑战成功了嘛 晒晒你们的孕妇照吧👀👀#国风写真[话题]# #孕妇照[话题]# #孕妇照大曝光[话题]# #最美孕妇照[话题]# #新中式孕妇照[话题]# #新中式国风[话题]# #旗袍写真[话题]# #拍照风格[话题]# #拍摄[话题]#,
6708,female,26-30,812018,我已亭亭 无忧亦无惧,新中式一下🍃刻在骨子里的东方美学 前几天拍了组清冷感新中式孕照写真 裸色新中式妆造配低盘发一整个温柔大气住了 怀孕真的会让人变得温柔 可能是期待着宝宝的到来 同时一直被很多很多的爱包围着吧~ #新中式[话题]# #古风写真[话题]# #来拍照了[话题]# #东方美学[话题]# #富士直出[话题]# #富士[话题]# #孕照[话题]# #最美孕照[话题]#,
6708,female,26-30,1268563,知否味儿的孕妇照~,之前孕期拍的古风韵味照~ 有知否大娘子那味儿啦 添丁啦添丁啦#孕妇照[话题]##孕期记录[话题]# #古风孕妇照[话题]#,
6708,female,26-30,1416934,此女不简?三年就和之前的莞嫔平起平坐了!,"后知后觉发现贞嫔从嬛嬛离宫之后才崭露头角,三年就成了有封号的嫔,连安嫔都没有封号呢,嬛嬛出宫之前也只做到嫔,欣常在更惨,在有女儿的情况下,沉浮多年后来大封才封了嫔,而贞嫔虽然一直罚俸禄,封号位份从来没降过!#甄嬛传[话题]# #甄嬛传十级观众[话题]# #甄嬛传重温[话题]# #电视剧[话题]# #影视[话题]# #经典[话题]# #美女[话题]# #笔记灵感[话题]#",
6708,female,26-30,808888,我们的农村大棚婚礼,#每天都有值得记录的瞬间[话题]# 记11月23日 天气晴转多云 气温8-16度 婚礼短暂 ❤️ 幸福都存在照片里 又是超值的一天#大棚婚礼[话题]#,./images/mnt/ali-sh-1/usr/lihaitao/process_0106/image/part_65/651918/2893107.jpg|./images/mnt/ali-sh-1/usr/lihaitao/process_0106/image/part_65/651918/2893108.jpg
6708,female,26-30,1249008,nan,媳妇闻着都嘎嘎吐#婚后生活[话题]#,
6708,female,26-30,1177426,nan,家妻又献丑啦#婚后生活[话题]# #夫妻日常[话题]# #影子舞[话题]#,
6708,female,26-30,1377334,nan,媳妇唱的比我好听多了#婚后生活[话题]# #风轻轻我听见你声音[话题]#,
6708,female,26-30,1728763,nan,媳妇的笑容比蓝天美哈#婚后生活[话题]# #有何不可[话题]#,
6708,female,26-30,1116977,"喜提热乎乎的胎心胎芽,闯关+1","很多姐妹看过我之前的分享 知道我是人授一次上岸🥳给了很多祝福 真心的谢谢各位姐妹们 我也终于等到了宝宝的心跳!! 真的好激动好神奇!💕医生跟我讲有胎心搏动的时候真的激动的眼泪都要出来了!😭 因为是人授,生殖科医生安排了两次b超,分别在6w和8w,确认胎心胎芽是否正常~ - 孕早期因为胎儿发育比较慢 所以在营养补充上,可以少食多餐 多吃一些糖分少且维生素丰富的水果 -🎄 下次孕检就是孕早期的最后一关NT啦 希望一切都能顺顺利利的 初次怀孕又处在前期的孕妈妈们真的很容易焦虑 希望大家都可以顺顺利利!产检一路绿灯✅ @薯队长 @薯宝宝 @小红书成长笔记 #孕期日常[话题]# #接一切好孕[话题]# #怀孕[话题]# #自媒体新人[话题]# #孕期记录生活的点点滴滴[话题]# #孕检分享[话题]# #孕早期[话题]# #孕早期饮食[话题]# #孕期营养[话题]# #人授备孕[话题]#",
6708,female,26-30,1193435,这是水果刺客么?大卫城新开的胡麻地,大卫城新来的水果店 人生第一次觉得水果刺客了 一小盒车厘子 580 从来买水果不看价格 第一次觉得应该看看价格 即使在日本买水果 也木有觉得水果贵 不好面子的我直接不要了 但是 但是店员小哥哥说给你洗过了 不要怎么可以 含泪付了将近 1000块钱~,
6747,female,19-22,1240554,排队1个半小时!终于吃上这家火锅🍲!,不知道是不是因为下雨吃火锅的人多 还以为有些人排不动就走了 结果大家一直等!!! 火锅味不沾衣服真嘟好牛 领口跟袖口我都闻了 味道基本無️ 锅底基本不算辛辣 点了番茄跟微辣的鸳鸯锅 两个人加上买券才人均60多 真的很划算! #昆明探店[话题]# #昆明拍照[话题]# #昆明吃喝玩乐[话题]# #火锅店[话题]# #昆明火锅[话题]# #云纺[话题]#,./images/mnt/ali-sh-1/usr/lihaitao/process_0106/image/part_76/761416/3412258.jpg|./images/mnt/ali-sh-1/usr/lihaitao/process_0106/image/part_76/761416/3412259.jpg|./images/mnt/ali-sh-1/usr/lihaitao/process_0106/image/part_76/761416/3412260.jpg|./images/mnt/ali-sh-1/usr/lihaitao/process_0106/image/part_76/761416/3412261.jpg|./images/mnt/ali-sh-1/usr/lihaitao/process_0106/image/part_76/761416/3412262.jpg|./images/mnt/ali-sh-1/usr/lihaitao/process_0106/image/part_76/761416/3412263.jpg|./images/mnt/ali-sh-1/usr/lihaitao/process_0106/image/part_76/761416/3412264.jpg|./images/mnt/ali-sh-1/usr/lihaitao/process_0106/image/part_76/761416/3412265.jpg
6747,female,19-22,1736527,昆明 人生火锅味积香 我真的好喜欢,1️⃣美女老板很好很好!非常照顾顾客!男朋友说要全红锅 她还专门问我能不能吃!殊不知我才是吃辣子大户! 2️⃣这碗糊辣子蘸水蘸鞋底都好吃!太好吃了惊天美味!锅底味道很正!煮到后面有一点咸 3️⃣没有人可以拒绝这碗贡菜鸭肠鸡胗三脆三绝 4️⃣中辣已经很辣了 5️⃣价格也很实惠 6️⃣很多年前朋友带我吃过 我说不好吃 实在是我那时候山猪吃不了细糠了[哭惹R]#没有什么是一顿火锅解决不了[话题]# #我的宝藏美食集[话题]# #心目中的火锅天花板[话题]#,
6747,female,19-22,1563206,说出你在昆明吃过最好吃的火锅,说出你心目中的火锅Top.1 地点:昆明 求真实推荐 【评论:店名+必点招牌菜十图片】 #麻辣火锅[话题]# #火锅[话题]# #没有什么是一顿火锅解决不了[话题]# #必吃榜[话题]# #美食推荐[话题]# #昆明[话题]#,./images/mnt/ali-sh-1/usr/lihaitao/process_0106/image/part_85/859848/3867618.jpg
6747,female,19-22,1934391,成都火锅推荐!成华区!,"今天回国落地成都天府想着去成都吃个火锅🍲!!!查看了地图感觉最近的也要去成华区了!本地土著有什么推荐吗!!!不要广子!!!(简阳火锅就不考虑了哈,不是很顺路[失望R])谢谢大家!!!#火锅店[话题]# #成都[话题]#",./images/mnt/ali-sh-1/usr/lihaitao/process_0106/image/part_71/715033/3184284.jpg
6747,female,19-22,1438091,"来昆明翠湖,我唯一想推荐的野生菌火锅","来昆明旅游 逛完翠湖一定要漫步到花菇朵野生菌火锅🚶‍♂ 在昆明开了5家分店啦 来吃的80%都是本地老客 . 🌸花园式的环境,美不胜收🌸 翠绿色的主题🧱加上褐色的建筑 完美的将大自然与现实融合。 各种🌺绿植🌿映入眼帘,令人赏心悦目😍 恍惚间真的感受到了大自然的怀抱🌲 这样的用餐环境不仅令人愉悦😁 拍照也是超级出片📷 . 🌟菌子新鲜,滋味无穷🌟 这里的菌子新鲜,搭配上美味的蘸料 每一口都让人回味无穷👍🏻 石锅野生菌与武定土鸡的组合 更是将鲜美发挥到极致🍄 . 🧆特色菜品,创意十足🧆 🍕干巴菌火腿披萨 将野生菌与西餐完美结合,口感独特😋 . 🍨黑松露冰淇淋 浓郁的黑松露香气与冰淇淋的甜蜜交织💗 带来别样的味觉体验😋 . 🍧青提冰汤圆 冬日的小清新,冰爽汤圆,青提点缀🫒 一口甜蜜,满心欢喜😋 而且价格亲民,让你可以尽情享受美食。 . 🍄上菜的时候服务人员会讲解菌子 在品尝美味的同时,也能了解野生菌的知识🍄 尝完野生菌不会 “躺板板”🤩吃得放心😎 . 🥂商务聚餐,聚会宴请🥂 无论是商务聚餐,家庭聚会,情侣打卡 花菇朵翠湖店都能满足你的需求 建议来昆明翠湖一定要吃这家 . ✅花菇朵翠湖店 📍昆明市五华区洪化桥20号君乐酒店附楼一层1-2号 . #昆明旅游[话题]# #昆明野生菌[话题]# #翠湖[话题]# #宝藏餐厅分享[话题]# #本地人爱吃的店[话题]# #野生菌[话题]# #昆明美食[话题]# #花菇朵野生菌火锅翠湖店[话题]# #新店开业[话题]# #商务聚餐[话题]#",./images/mnt/ali-sh-1/usr/lihaitao/process_0106/image/part_71/715496/3186362.jpg|./images/mnt/ali-sh-1/usr/lihaitao/process_0106/image/part_71/715496/3186363.jpg|./images/mnt/ali-sh-1/usr/lihaitao/process_0106/image/part_71/715496/3186364.jpg|./images/mnt/ali-sh-1/usr/lihaitao/process_0106/image/part_71/715496/3186365.jpg|./images/mnt/ali-sh-1/usr/lihaitao/process_0106/image/part_71/715496/3186366.jpg|./images/mnt/ali-sh-1/usr/lihaitao/process_0106/image/part_71/715496/3186367.jpg|./images/mnt/ali-sh-1/usr/lihaitao/process_0106/image/part_71/715496/3186368.jpg|./images/mnt/ali-sh-1/usr/lihaitao/process_0106/image/part_71/715496/3186369.jpg
6747,female,19-22,1944067,9Ming!!!好可爱的小猪帽🐷,#帽子[话题]# #帽子推荐[话题]#,
6747,female,19-22,1498167,开运紫色💜将你的八月幸运值填满,"#色彩感肖像[话题]# #高级感肖像[话题]# . 又至肖像 - 色彩感肖像 . GET8⃣️月开运紫色💜 只有肆意绽放 才能配得上你的与众不同! . 如果你喜欢气质风、情绪风、简约高级的感觉 如果不善言谈、羞于表达 那么完全可以尝试这组风格 简约高级的深紫色背景 幸运紫漏肩上衣 自带情绪氛围的黑长直 用大面积光塑造人像轮廓 整个画面将高级神秘感瞬间拉满... . 万象更新,释放自己的力量 将紫色的神秘,高贵,幸运进行到底! 带着全新的状态 让超高超旺的紫色能量 将你的8⃣️月幸运值 填满~ . 🌟特色:定制专属策划脚本 🌟拍摄:三机位拍摄 (全线布朗灯光;主机位、副机位、视频机位全面记录) 🌟造型:私人定制造型妆发 (化妆师全程跟棚、明星艺人妆发技巧、全线使用一线品牌化妆品) 🌟服务:6对1服务 (摄影师*2、摄像师*1、化妆师、助理、拍摄管家) 🌟环境:500平影像艺术空间,独立摄影棚一客一棚 🌟修图:明星级商业修片 (商业级修片、保留肌肤原有质感) 🌟版权:又至肖像,勿转载,盗图必究! . 📷 @YOZHI又至肖像 @YOZHI又至男士影像 想拍同款私或扣[一R] . 又至肖像 邀您来一场明星式拍摄体验~ 💗所有作品均为原创 转载请务必告知 #南京又至肖像[话题]# #南京写真[话题]# #情绪肖像[话题]# #质感肖像[话题]# #氛围感肖像[话题]# #奥运[话题]# #色彩感[话题]# #来拍照了[话题]#",
6747,female,19-22,1736047,这个滤镜好韩呀!是我喜欢的冬日氛围感~,None,
6747,female,19-22,1343281,胶片日常🎞️简简单单就很好看!,None,
6747,female,19-22,1528096,明天一定好好减肥!,#今年N个漂亮时刻[话题]#,
6747,female,19-22,1352812,穿戴甲代工日常,#穿戴甲[话题]# #穿戴甲创业[话题]# #手工穿戴甲[话题]# #纯手工穿戴甲[话题]# #代工穿戴甲[话题]#,./images/mnt/ali-sh-1/usr/lihaitao/process_0106/image/part_56/564721/2463241.jpg|./images/mnt/ali-sh-1/usr/lihaitao/process_0106/image/part_56/564721/2463242.jpg|./images/mnt/ali-sh-1/usr/lihaitao/process_0106/image/part_56/564721/2463243.jpg|./images/mnt/ali-sh-1/usr/lihaitao/process_0106/image/part_56/564721/2463244.jpg
6747,female,19-22,844776,nan,#显高显瘦显腿长[话题]# #短裤穿搭[话题]# #源头工厂[话题]# #小个子女生的穿搭法则[话题]# #冬季穿搭[话题]# #穿搭小心机[话题]#,./images/mnt/ali-sh-1/usr/lihaitao/process_0106/image/part_56/560479/2438389.jpg
6747,female,19-22,851998,"国风美甲|看取莲花净,应知不染心|红蛇🏮",改了一下蛇得颜色更好看啦! #美甲分享[话题]# #蛇来运转美甲[话题]# #红色系美甲[话题]# #国风美甲[话题]# #亲手晒美甲[话题]# #新中式美甲[话题]# #手绘美甲[话题]# #蛇美甲[话题]#,
6747,female,19-22,896285,这个滤镜好韩啊,None,
6747,female,19-22,1320674,nan,"姐妹们这套丝绒套装尊嘟拿捏住我咯~ 假两件蕾丝连帽外套加上直筒裤~外套内里做了蕾丝的设计,蕾丝帽子一戴尊嘟好酷~又酷又撩人~整体版型显瘦显身材!两个颜色都好看~#休闲套装[话题]# #运动套装[话题]# #防晒衣也能穿出时髦感[话题]# #套装穿搭[话题]# #秋季套装[话题]#",
6747,female,19-22,1357437,解锁拍拍胶的多种玩法,#美甲[话题]# #美甲款式[话题]# #拍拍胶[话题]# #拍拍胶美甲[话题]# #渐变美甲[话题]# #格纹美甲[话题]#,./images/mnt/ali-sh-1/usr/lihaitao/process_0106/image/part_67/678475/3017508.jpg
6747,female,19-22,1494098,我给美甲师的and美甲师给我的,我真的很想哭[哭惹R][哭惹R][哭惹R]但又很想笑[捂脸R][捂脸R][捂脸R] 今晚我要怎么睡得着......#中长款美甲[话题]# #美甲还原度挑战[话题]#,./images/mnt/ali-sh-1/usr/lihaitao/process_0106/image/part_105/1058971/4756329.jpg|./images/mnt/ali-sh-1/usr/lihaitao/process_0106/image/part_105/1058971/4756330.jpg
6747,female,19-22,1226441,nan,啊啊啊好纠结啊要不要趁年前去学个美甲美睫啊(听劝)#美甲师[话题]# #00后美甲师[话题]# #美甲美睫培训[话题]#,./images/mnt/ali-sh-1/usr/lihaitao/process_0106/image/part_81/816713/3676207.jpg
6747,female,19-22,870956,01年金蛇2025本命年到底戴什么🤔️,本命年到底合不合适戴红色红绳呢[哭惹R]#本命年[话题]# #本命年红绳[话题]# #编五彩绳[话题]#,./images/mnt/ali-sh-1/usr/lihaitao/process_0106/image/part_107/1071319/4811357.jpg
6747,female,19-22,1146096,王心凌姐姐的初舞台指甲我做哒,"白色,加一点笑脸 #乘风破浪[话题]#",./images/mnt/ali-sh-1/usr/lihaitao/process_0106/image/part_67/673737/2996108.jpg
6756,female,19-22,1419226,那些年我靠穿搭骗了多少人...,#ootd穿搭[话题]# #小红书RFL时尚轻单[话题]# @时尚薯 @美妆薯 @买手薯 @日常薯 @薯队长,
6756,female,19-22,1007373,SPOT合体初舞台,"能看出来小禹同学是真的不知道Jennie会来,跳一半跑舞台边上严肃的站着,我还以为出什么舞台事故了,没想到竟然是神秘来宾!禹智皓的堂皇我的爱[色色R] 怎么能有人这种紧张时刻还能这么可爱[皱眉R][皱眉R] #zico[话题]# #ZICO_JOINTHEPARADE[话题]#",
6756,female,19-22,1168458,jennie的spot空降现场,"zico说自己还以为伴奏出问题了,他不知道jennie会来 #jennie[话题]# #spot[话题]# #zico[话题]# #zico演唱会[话题]#",
6756,female,19-22,1170488,完全不知道JENNIE要上台的ZICO🤣,#jennie[话题]# #JENNIE[话题]#,
6756,female,19-22,1532275,被爱的小狗先享受世界🌊,#带着狗狗去看海[话题]# #带着宠物去看世界[话题]# #小狗给的治愈瞬间[话题]# #萨摩耶[话题]# #微笑天使萨摩耶[话题]#,./images/mnt/ali-sh-1/usr/lihaitao/process_0106/image/part_62/621815/2736955.jpg
6756,female,19-22,858574,萨摩耶是真的傻!!不是假的!!!!,"在家误食了芒果核,马上就带他去医院催吐,没想到意外的配合,医生都忍不住说:这小狗是真的傻......",
6756,female,19-22,1445318,"儿子第一次住院,偶然看到这一幕!!!","谁懂担心毛孩子住院焦虑时,看到这一幕的含金量啊啊啊,宠物医院有这样可爱又爱小狗的医护人员,真的很感动!!!#萨摩耶[话题]# #狗狗是宠物更是家人[话题]# #髋关节发育不良[话题]# #宠物住院[话题]#",
6756,female,19-22,1289229,女爱豆的脸戴口罩能遮住三分之二,好小的脸 好大的眼 搬运见水印❤️ #搬运[话题]# #meovv_anna[话题]# #meovv[话题]# #kpop[话题]#,
6756,female,19-22,1187917,非粉来说第一眼门面是谁,#babymonster[话题]# #韩团[话题]# #女团[话题]# #韩娱[话题]# #颜值[话题]#,
6756,female,19-22,1353660,好优秀🫠,#ormkornnaphat[话题]# #ormkornnaphat毕业快乐[话题]#,
6756,female,19-22,1126151,觉得我像什么老师‍👨🏻,#禁欲系[话题]# #一眼沦陷[话题]# #教师[话题]# #浪漫生话的记录者[话题]# #老师[话题]#,
6756,female,19-22,1239659,山:怎么又给宝的头拍这么大...,"那如果我说,一会拍完吃罐罐呢[doge]怎么小狗变脸这么快! #小红书宠物cruash[话题]# #治愈宠[话题]# #金毛[话题]# #享用你的电子宠物[话题]#",
6756,female,19-22,1681599,"宋承宪围脖里的刘亦菲,点点滴滴","二人之前是合作伙伴,还是亲密友人,还是真的昔日恋人? #宋承宪[话题]# #刘亦菲[话题]# #电影第三种爱情[话题]#",./images/mnt/ali-sh-1/usr/lihaitao/process_0106/image/part_64/643345/2842143.jpg|./images/mnt/ali-sh-1/usr/lihaitao/process_0106/image/part_64/643345/2842144.jpg
6756,female,19-22,1529238,15pro怎么那么小?,"啊这,15pro好像确实不大,不知道你们这样握是啥样[失望R]#15pro[话题]#",
6756,female,19-22,1694380,"看看卡里余额,安心多了","周末无聊,取点钱,看看卡里余额,安心多了😊生活如此美好[害羞R][害羞R]也看看你们的吧##日常生活里的快乐瞬间[话题]# #银行卡余额截图[话题]#",./images/mnt/ali-sh-1/usr/lihaitao/process_0106/image/part_69/698384/3109061.jpg
6756,female,19-22,1281228,"老友记和爱情公寓的最大区别,不只是抄袭。","终于把老友记从头到尾连续地看完了,也明白了老友记和爱情公寓最大的不同。 莫妮卡和钱德勒,一个被父母忽视打压的胖女孩,用秩序重建自己的世界,才有洁癖强迫症好胜心;一个父母离异父亲变性的不幸福的小男孩,长大后才会用不合时宜的幽默包装自己。(胡一菲和曾小贤照搬人设,却没有给他们完整的人生线,来解释性格生成的原因) 而当他们在一起后,互相退让,包容,离开舒适的市中心公寓,为他们的小家买下郊区的房子迎来新生命,成长为两个成熟的大人,并且让观众相信他们不会重蹈父母辈的覆辙。(他们完成了到这个世界的人生课题,克服了父母带来的痛苦) 瑞秋,从小被娇养没有动手能力的富家女,逃婚后,从咖啡馆端盘子的侍应生,成长为时尚圈的管理层。然后选择独自一人生下小孩,独自一人进餐厅吃饭,从读书时看不见别人的风云人物,到脚踏实地为自己人生负责的大人。(她的人生课题,是独立) 罗斯,被偏爱长大,没有遇到挫折和否定的博士,在长大后被6年的妻子背叛,从此变为疑心病重,徘徊不定的“差劲”的另一半。最终看清自己的内心,不再害怕想象中的“如果”,选择了追回瑞秋。(他的人生课题,是信任) 菲比,从小流落街头,身世可怜,古灵精怪的少女,意识到自己渴望一个家庭后,和能看见她奇怪的闪光点,并为之欣赏的男人组建了家庭。(她的人生课题,是家庭) 乔伊,几个人中人格塑造较为健全的人,他面对强权不会惧怕,为了朋友能担起不属于他的责任。前期他在不同的女人间游离,最后体会到了真正的“爱”是什么,也在无数次失败后获得了成功。(他的人生课题,是真正的爱) 而爱情公寓,就直白叙事得多。胡一菲和曾小贤恋情的纠结,不着重于他们内心的成长,而是放置一个“完…",./images/mnt/ali-sh-1/usr/lihaitao/process_0106/image/part_106/1067173/4791673.jpg
6756,female,19-22,1175657,请大家来为自己省的刻板印象辟下谣!,"发现每个省份都有被人误解的刻板印象,大家都来辟下谣吧#有一种偏见叫地域歧视[话题]# #谣言止于智者[话题]# #并且有自己的见解[话题]# #别怪我说实话[话题]# #一起来讨论[话题]# #知识[话题]# #该死的好奇心[话题]# #奇怪的文化输出[话题]# #每一帧都是热爱[话题]# #拍照不发等于没拍[话题]#",./images/mnt/ali-sh-1/usr/lihaitao/process_0106/image/part_84/841654/3786758.jpg
6756,female,19-22,1515351,【投稿】有成员刚公开就被认为肯定是top的,【投稿】有成员刚公开就被认为肯定是top的吗#kpop[话题]# #女团[话题]# #男团[话题]#,
6756,female,19-22,916203,Jennie你不要太....,连自身成绩都突破不了就别来碰瓷我们KPOP女一JENNIE了 离了大咖 糊到无人在意的火兰化贝就别来碰瓷我们四冠王 三登科切拉的JENNIE啦 ​​​#jennie[话题]# #打歌[话题]# #blackpink[话题]# #Jennie[话题]# #Kpop[话题]#,./images/mnt/ali-sh-1/usr/lihaitao/process_0106/image/part_105/1052791/4730369.jpg|./images/mnt/ali-sh-1/usr/lihaitao/process_0106/image/part_105/1052791/4730370.jpg
6756,female,19-22,1102592,塔塔像个鱼雷,#德牧[话题]# #有些小狗一看就知道非常乖[话题]# #人类的伙伴[话题]# #德牧宝宝[话题]# #来自狗的凝视[话题]# #德国牧羊犬[话题]# #狗狗困成了平行四边形[话题]#,./images/mnt/ali-sh-1/usr/lihaitao/process_0106/image/part_68/681820/3032917.jpg|./images/mnt/ali-sh-1/usr/lihaitao/process_0106/image/part_68/681820/3032918.jpg|./images/mnt/ali-sh-1/usr/lihaitao/process_0106/image/part_68/681820/3032919.jpg|./images/mnt/ali-sh-1/usr/lihaitao/process_0106/image/part_68/681820/3032920.jpg|./images/mnt/ali-sh-1/usr/lihaitao/process_0106/image/part_68/681820/3032921.jpg|./images/mnt/ali-sh-1/usr/lihaitao/process_0106/image/part_68/681820/3032922.jpg|./images/mnt/ali-sh-1/usr/lihaitao/process_0106/image/part_68/681820/3032923.jpg|./images/mnt/ali-sh-1/usr/lihaitao/process_0106/image/part_68/681820/3032924.jpg
6964,female,19-22,1410039,"最近烂脸长痘的姐妹,3步急救!亲测管用!",#痘痘肌肤[话题]# #亲测分享[话题]# #屏障受损[话题]# #烂脸[话题]# #痘痘[话题]#,
6964,female,19-22,921923,🇲🇾烂脸的姐妹们看过来!😭,Hello 大家好 今天想跟大家分享一个故事 我自打13岁开始护肤 认识我的人都知道中学时期的我肤况一直没什么问题 但自从MCO 上了大学之后 皮肤就开始出问题了🥵长痘 红肿 闭口粉刺全部都来 可能是压力导致的 从来不去美容院洗脸的我 也去尝试过了 换过各种护肤品 小型品牌 大众名牌通通都试过 效果也反反复复 一下子皮肤很美 多两天就可能长痘痘 😢严重就会发炎 照片是2021年尾拍的 也就是iPhone 13开卖之时 (现在15都来了)现在我看回以前的照片真的是Geli 😭 每次都是抱着不管花多少💰 只要它能好的念头 但每次都很失望因为走了太多冤枉路🥲 #我的烂脸记录[话题]# #拯救敏感肌[话题]# #红肿痘痘[话题]# #闭口粉刺[话题]#,
6964,female,19-22,839655,【怎样区分螨虫痘和普通痘】建议收藏,"干货分享【怎样区分螨虫痘和普通痘】建议收藏 之前分享过痘痘形成原因,反复长痘原因,各个位置痘痘形成原因,那么你这些痘是螨虫痘还是普通痘呢,一起来看看 ‖螨虫痘是怎么引起的? 正常情况下,螨虫的分泌物、代谢物、分解产物可以及时排出毛孔,不会引起皮肤病理反应。 但当肌肤代谢功能遭到破坏,螨虫在皮肤活动时会对人体组织细胞造成机械性破坏。皮肤屏障受损,使毛囊、皮脂腺失去正常结构和功能,毛孔弹性变差,出油增加,黑头粉刺自然跟着增加。 螨虫把外界细菌和过敏源带到毛孔和受损的皮肤深处,导致炎症感染,也会形成红肿的痘痘。 ‖怎么判断是螨虫引起的? 1、脸很油腻 2、毛孔分外粗大 3、鼻子上的黑头、白条很多 4、爱长发炎的痘痘、小粉刺 5、皮肤瘙痒,尤其是在晚上 6、突然出现大量闭口、粉刺, 尤其集中在下巴、额头 ‖怎么区分螨虫痘和普通痘 1、外表不同 螨虫痘:外表不会很红,且面积一般比痘痘小一号。挤压没有 明显疼痛感,表层微微凸起。 普通痘:一颗颗的,痘发红,通常比较大颗,挤压时会很痛, 但痘下面的肌肤是好的。 2、内部物质不同 螨虫痘:如果你用力挤的话会挤出一条又长又细又恶心的东西; 普通痘:熟了之后用粉刺针挤压会挤出白色的脓性物质,不会 呈现条状分布。 3、是否反复发作 螨虫痘:一般比较顽强,会在同一个地方再度发作; 普通痘:一般不会反复发作。 #螨虫脸[话题]# #螨虫困扰[话题]# #螨虫痘[话题]# #螨虫过敏[话题]# #螨虫脸症状[话题]# #螨虫脸螨虫痘[话题]# #螨虫痘痘什么表现[话题]#",
6964,female,19-22,1666566,长痘痘|查查是不是身体炎症引起|干货收藏,"女生脸上不同部位反复长痘,都是身体发出的信号,大家可以对应一下,坚持一个月可以看到效果: ❶下巴痘 原因:也和长期熬夜有关,或者大姨妈前后体内激su内分泌失调导致 方法:经期期间注意防寒保暖,少吃凉食冷冻食品和辛辣刺激的食物用枸杞、无花果、大枣泡水喝,特别是经期对身体好 ❷额头痘: 原因:主要因为经常熬夜,生活工作学习压力大,导致肝脏累积的du气无法排出 方法:养成早睡习惯,保证充足的睡眠想开点不要给自己太大压力疏肝排du,常用蒲公英、陈皮、桂圆玫瑰花、甘草泡水喝 ❸鼻头痘: 原因:多因不注意按时吃饭,肠胃消化不良,使身体皮质分泌较多 方法:平时特别是晚上少吃油腻辛辣的食物,偶尔补充适合肠道的益生菌,懂得调li肠胃,多用莲子、山药、获苓泡水喝,早餐可喝小米粥 ❹腮边痘: 原因:如果长期压力大思虑多,导致肝脏负担较重,使淋巴系统排du不畅 方法:每日早晚2次从耳朵根沿着脖子按摩按压5分钟,帮助肝胆排出du素。另外还要多注意睡眠质量不要过度劳累 ❺左脸痘: 原因:主要是xue液循环系统的原因,导致排毒功能下降。 方法:每天10点之前睡觉,多吃护肝食物: 胡萝卜橘子、鱼肉、牛奶鸡蛋 ❻右脸痘: 原因:可能是肺不好,请注意是否痰多咳嗽、嗓子干 方法:可以用胖大海、陈皮、雪梨、蜂蜜泡水喝,清肺压火 #皮肤问题[话题]# #皮肤护理[话题]# #皮肤[话题]# #小知识[话题]# #痘痘[话题]# #痘痘肌[话题]# #痘痘肌肤[话题]# #痘痘肌逆袭[话题]# #熬夜[话题]# #饮食[话题]# #就这样护肤呗[话题]# #护肤分享[话题]# #希望能帮到你[话题]# #变美我熟[话题]…",./images/mnt/ali-sh-1/usr/lihaitao/process_0106/image/part_108/1081411/4854453.jpg|./images/mnt/ali-sh-1/usr/lihaitao/process_0106/image/part_108/1081411/4854454.jpg|./images/mnt/ali-sh-1/usr/lihaitao/process_0106/image/part_108/1081411/4854455.jpg|./images/mnt/ali-sh-1/usr/lihaitao/process_0106/image/part_108/1081411/4854456.jpg|./images/mnt/ali-sh-1/usr/lihaitao/process_0106/image/part_108/1081411/4854457.jpg
6964,female,19-22,1504659,"抗炎饮食1年,素颜动图已达next level","说实话,我也没想到抗炎的威力这么大🥹 · 以前经常熬夜+乱吃外卖+不运动,体内火气堆积代谢紊乱,不光脸闷痘蜡黄,就连头发也容易离家出走,整个人疲惫感很重... · 后来开始调养,除了一日三餐吃的清淡外,还会格外注重内服鱼油重点补充omega3❗ 这里解释一下omega3,它除了提高代谢平衡激素水平外,还能对抗身体里的炎减少爆痘的可能性。(代谢紊乱会刺激巨噬细胞活化,产生促火因子,加剧炎症) 效果如下↓↓ 1脸上浊气散了,素颜干净透亮,闭口痘痘再也没反复过 2气血回升,精力恢复,走路都带劲了,蹲下猛起也不会发晕 3头发养的厚实,不爱掉了,吹完头发地下就零星几根 - 分享给大家我是怎么做的: 👉20%的抗火饮食 有的食物能控制火气,有的食物能激发火气! ✅西芹黄瓜汁,三天一杯,代替奶茶饮料 ✅亚麻籽粉+坚果,拌酸奶碗,上午吃 ✅莴笋牛肉、清炒西蓝花、香菇鸡胸肉、海带豆腐汤、香煎鳕鱼是我三餐常吃的食物 ✅低GI水果,蓝莓、黑葡萄、小柿子、红心火龙果、奇异果每天换着吃 ❌不吃:肉皮、牛奶、蛋糕、面条、果干 · 👉60%的抗火补剂 鱼油是经过提纯浓缩的omega3直接来源,一粒高纯度、高含量鱼油是食补的数倍,直接把炎症熬垮的皮肤、头发拉到顶配!像我吃的amerrition鱼油,单粒纯度95%、含量900mg,实打实补进身体里,带来的收益很直观~ 现在火火被抑制了,毛孔像被洗过一样干净,痘痘完全长不出来,素颜透出来的细腻光滑很难不心动,live直出也毫无压力✌头发也被epa提供的营养素养的坚韧稳固,和毛囊牢牢锁在一起,每次洗头掉的只有星星几根,浓密的拍照都高级啦 · 👉20%的抗火习惯 ✅…",./images/mnt/ali-sh-1/usr/lihaitao/process_0106/image/part_85/850098/3823881.jpg
6964,female,19-22,1454256,"22实习律师重度痤疮,感受到大白的威力","22岁重度痤疮,感受到大白的威力 长痘这几年花了很长时间看了无数大白和文献,总算有了张干净脸皮。 - 凡是说去翳院没用,那些开局一张对比图闭眼吹护肤品多牛,都是打广的.....逃不过的火眼金睛! 真想给它们都寄个律师函~! 我是这几年饮食作息不规律,再加上乱折腾,导致肌底炎症越来越严重❗爆发期脸颊下巴额头全是红肿痘,丑的亲妈都不认😭 - 今年抱着再试试的心态去皮肤科,说完全不用焦虑,很多是皮肤炎症导致的🥲,抗炎就行,科普了日常要注意的 经过我严谨科普查资料,再亲身验证,十分有效❗ - 🔺痘痘炎症是什么? 长期不注意护理导致毛细血管扩张皮肤出现感染有了焱症,当身体里炎症大的时候,就容易刺激闭口发炎,形成红肿痘痘。 - ✅说了些护理小方法: 👉1.清洁面部 爆发期每天用生理盐水擦拭脸部,帮助清洁皮肤表面脏东西和油脂,不要碰生水,避免二次感染 👉2.补充维生素和葡萄糖酸锌 早上:维生素b*2+葡萄糖酸锌*1;中午:维生素b*1;晚上:维生素c*1 葡萄糖酸锌可帮助我们身体状态更加稳定。 👉3.全身抗炎(这个很重要) 每天吃2粒磷虾油,我特意查了0mega-3是对抗身体里火气减少炎产生的营养素,且无法自身合成。 而南极深海磷虾油是经过提纯浓缩的omega-3直接来源,是鱼油的六七倍。一直吃99%纯度启因冠南极磷虾油,纯度越高效果越好,皮肤逐渐往好状态发展,3瓶吃完脸上很少冒痘,眼瞅着一点点变干净; 差不多吃4个月痘痘在肌底就被消灭了,现在脸蛋是透亮干净的,从内而外的健康光泽感是瓶瓶罐罐给不了的! 👉4.生机饮(一周两次) 芹菜1根+羽衣甘蓝粉2片+苹果半个+柠檬半个 放进榨汁机加一小勺…",
6964,female,19-22,853536,3天拯救突发烂脸!,#换季过敏[话题]# #痘痘肌肤[话题]# #亲测分享[话题]# #屏障受损[话题]# #油敏皮[话题]#,
6964,female,19-22,814773,"周也,不是...请问给她化妆跟失业有啥区别!?","小小的头小小的脸上长满了精致的五官,稍微化下妆就能美的轻轻松松!#周也[话题]# #演员[话题]# #女明星[话题]# #高颜值[话题]# #美女[话题]#",
6964,female,19-22,1244967,🇲🇾Tarumt是最差的大学?,什么学校才不算野鸡大学哦?[抠鼻R]#马来西亚[话题]# #大学[话题]# #大学生[话题]# #big4malaysia[话题]# #big4马来西亚[话题]# #big10[话题]# #big10malaysia[话题]# #acca[话题]##tarumt[话题]#,./images/mnt/ali-sh-1/usr/lihaitao/process_0106/image/part_75/752879/3374487.jpg|./images/mnt/ali-sh-1/usr/lihaitao/process_0106/image/part_75/752879/3374488.jpg
6964,female,19-22,939625,两个争五颜三的早就cha过了,#赵美延[话题]# #雪允[话题]# #五颜三[话题]# #谁是五颜三 [PK]#,
6964,female,19-22,1648695,玫瑰痤疮稳定,"图片各个时期都有,有点吓人哈,现在的状态大家可以看近期视频。 我有计划弄一个我面部稳定办法的分享直播,有超过10个人有需要,我就安排上,预计30分钟到1个小时左右,需要的姐妹可以留言。 先说好,真的是纯分享,因为这段时间孩子和老公都不在家,能打发时间,如果能帮助到大家就太好了。 #玫瑰痤疮[话题]#",
6964,female,19-22,1707850,"live实况|戒糖+养气血1年,美貌已达nextleve","回想起去年考研时候的我:脸色蜡黄,唇色发白,痘痘闭口长个不停,头发毛躁还爱掉,喝水都长肉,状态简直差到了极点! 再看看戒糖+养气血1年后现在的我:皮肤干净透亮,脸蛋饱满红润,身材纤瘦且轻盈,美丽又松弛,活力十足,妥妥的阳光美少女一枚~ - 和姐妹们浅浅分享一下我的方法: #戒糖[话题]# 🔸把饮料、奶茶、甜品都戒掉,避免里面的添加糖让转化成AGES,加速皮肤的衰老和炎症的发生,可以用绿茶、黑咖啡、鲜榨果蔬汁代替 🔸多吃抗氧食物,羽衣甘蓝、牛油果、亚麻籽,保护皮肤不像苹果一样容易被氧化! 🔸三餐多吃原型、低GI食物,粗粮、蔬菜、鱼虾等,我的胃口就是这么变淡的,也没有那么馋甜食了 - #养气血[话题]# 🟡玫瑰山楂饮 酸酸甜甜的开胃又好喝,吃饭都更香了,注意避开经期喝哟 🟡多吃温补的食物 酒酿鸡蛋、五红粥、蒸桂圆、黑芝麻糊,每周都轮着吃一些,腮红都可以丢一边了 🟡补充omega3 光补不通也是不行的,毕竟“血通气血才通”,身体里的油脂垃圾排出去了,皮肤才能变得干净且红润,气色才会越来越好 omega3就像个自动扫地机,是专门清扫血脂多余垃圾杂质的营养素,参与身体的各种代谢环节,还能平衡体内容易带来炎症的omega6,算得上是维持女生美貌的一把手了,食补比较麻烦还不好吸收,我都是靠吃鱼油补充 现在吃的Fumvf鱼油是我做了很多功课之后才收入囊中的,它里头的omega3纯度有95%,吸收效果杠杠的,还复配有ve,给皮肤多加了一份“保险”,吃着安全感满满~坚持吃下来,感觉气血通畅了不少,毛孔像被触到的含羞草般缩小了不少,皮肤变得细腻且透亮,脸上的脏脏包们也没了踪影,遮瑕膏都在房间里落灰了…",
6964,female,19-22,1087263,刘亦菲这段肯定不是素颜啊怎么都说素颜,"生孩子这段还挺真实,但是这个绝对不是素颜,首先这个气色,然后皮肤白皙度,还有那个嘴唇颜色,都是化了妆的,这一段得往丑,往疲惫,往过度劳累上面去走的。神仙姐姐素颜肯定比这好看呀[抓狂R][抓狂R][抓狂R][抓狂R]#刘亦菲[话题]# #玫瑰的故事刘亦菲[话题]# #玫瑰的故事[话题]# #神仙姐姐[话题]# #追剧[话题]#",
6964,female,19-22,1641993,不把玫瑰当玫瑰治,"不按套路出牌就好了 很多姐妹不知道我之前的皮肤是什么样子 原相机怼脸的变化,主打一键恢复[暗中观察R] #玫瑰痤疮[话题]#",
6964,female,19-22,1948159,"重度玫瑰痤疮,当我不停的修护屏障+抗炎....","我玫瑰痤疮已经4年了,高中年纪小不懂,就以为是天气冷风刮的了,后面脸越来越红,还又痛又痒的,同学都说我是猴屁股,越洗脸,脸越烫,当时真的很自卑... - 上大学,室友说可能是玫瑰痤疮,让我去检查一下,预约了专家号,确诊重度玫瑰痤疮,说不好好护理会进一步加重痤疮 总结下来方法就是:精简护肤+抗火+习惯养成 #精简护肤[话题]# 1温和清洁 早上用温水洗脸,晚上用氨基酸洗面奶洗脸,不要用毛巾去擦脸 2清洁 晚上洁面后,用生理盐水+蒸馏水去湿敷脸10分钟,一定要是蒸馏水 3补水修复 保湿修复的精华水,不要用功能性护肤品,涂过多的护肤品会给皮肤造成负担 - #抗火[话题]# 抗火是最最关键的一步!!!95%的痤疮都是因为体内有炎症和火火造成的!!! 让我每天吃两粒磷虾油!omega-3是抗火火关键成分,一直吃的是启因冠磷虾油,omega-3浓度高达99% 吃完两瓶以后,脸泛红开始退下去;吃差不多1周期,脸皮基本上稳定,最近换季也没有敏感,一片麻麻赖赖~ 我还坚持每天吃,来防止痤疮反复,9月到现在皮肤依然稳定~ - #习惯养成[话题]# 1多喝茶叶,金银花水也可以 2多吃抗炎食物 蔬菜:羽衣甘蓝、西兰花、菠菜等 水果:蓝莓、无花果、树莓等 果蔬汁:胡萝卜雪梨苹果汁、苦瓜西芹汁、羽衣甘蓝牛油果迷糊桃汁等 3勤换洗衣物和床上用品 建议三天换洗一次,这样可以避免脸部接触细菌造成的二次感染 - 像我一样的玫瑰痤疮姐妹可以去试试我的方法,会有惊喜哟~马上行动起来吧!!! #痤疮[话题]##玫瑰痤疮[话题]##护肤[话题]##去痤疮[话题]##去玫瑰痤疮[话题]##好皮肤[话题]##变美[话题]##…",./images/mnt/ali-sh-1/usr/lihaitao/process_0106/image/part_97/972240/4381114.jpg|./images/mnt/ali-sh-1/usr/lihaitao/process_0106/image/part_97/972240/4381115.jpg|./images/mnt/ali-sh-1/usr/lihaitao/process_0106/image/part_97/972240/4381116.jpg
6964,female,19-22,1389424,希望玫瑰痤疮反复的姐妹刷到这篇码住!不删!!,"玫瑰痤疮的痛谁懂啊呜呜,脸上爱发红,经常会时不时的冒一些疹子,还贼烫,特别是降温的时候,脸红的化妆都遮不住,看着是真难看啊,平时也不知道怎么护理,再加上熬夜吃辣,脸红的一波接一波的,真的是又丑又崩溃,每天都很自卑焦虑.. - 护肤品买了一大堆,没有很明显的效果不说,还浪费了💰,最重要的是还把脸给搞敏感了!但是!!通过我不断做功课,还真让我把玫瑰痤疮整治的差不多了,把方法分享一下,和我一样苦恼的家人码住了! - 首先,把有玫瑰痤疮的原因搞清楚(具体原因我放在图2里啦~) - ➡遗传 ➡外力挤压 ➡激素变化 ➡紫外线 ➡细菌感染 ➡炎症 ➡内分泌失调 ➡皮肤损伤 ⭕然后分享下日常去玫瑰痤疮的小方法: 1.打开毛孔 先用毛巾敷脸3分钟,有助于后续吸收 2.厚敷济百珍医用敷料 坚持厚敷含医用透明质酸钠的敷料在脸上,修复受损的皮肤屏障,抵抗肌底炎症,还维稳修复肌底,坚持两周左右红烫就慢慢下去了 3.盐水清洁 生理盐水倒出,用棉柔巾浸湿轻轻擦拭面部,消毒清洁的作用 4.保湿滋润 薄涂一层芦荟胶或者水乳,做好基础保湿工作 - 💫方法其实很简单,最重要的还是要坚持!希望所有有玫瑰痤疮的姐妹们都能顺利上岸😊😊! #玫瑰痤疮[话题]# #玫瑰痤疮怎么治疗[话题]# #玫瑰痤疮可用护肤品[话题]# #痤疮[话题]# #玫瑰痤疮是什么[话题]# #玫瑰痤疮反复[话题]# #屏障受损[话题]# #大红脸[话题]# #玫瑰痤疮红烫如何控制[话题]# #酒糟鼻[话题]# #粉刺[话题]# #皮肤问题[话题]#",./images/mnt/ali-sh-1/usr/lihaitao/process_0106/image/part_110/1105684/4955258.jpg|./images/mnt/ali-sh-1/usr/lihaitao/process_0106/image/part_110/1105684/4955259.jpg|./images/mnt/ali-sh-1/usr/lihaitao/process_0106/image/part_110/1105684/4955260.jpg|./images/mnt/ali-sh-1/usr/lihaitao/process_0106/image/part_110/1105684/4955261.jpg|./images/mnt/ali-sh-1/usr/lihaitao/process_0106/image/part_110/1105684/4955262.jpg|./images/mnt/ali-sh-1/usr/lihaitao/process_0106/image/part_110/1105684/4955263.jpg|./images/mnt/ali-sh-1/usr/lihaitao/process_0106/image/part_110/1105684/4955264.jpg
6964,female,19-22,1192893,"玫瑰皮vs脂皮,你是哪一种?二者区别+思路","玫瑰皮与脂皮是问题肌中的两大难点😥,有很多姐妹不知道二者到底有哪些区别,问题判断不对,修护皮肤投入的时间精力与[钱袋R]都会打水漂,耽误的是自己。因此,开始修护之前,搞明白问题是重点👇 • 图2,玫瑰vs脂皮区别 图3,玫瑰皮原因 图4,脂皮原因 图5,玫瑰皮干预思路 图6,脂皮干预思路 #玫瑰痤疮[话题]# #脂溢性皮炎[话题]# #敏感肌[话题]# #玫瑰痤疮脂溢性皮炎[话题]# #敏感肌修护[话题]#",./images/mnt/ali-sh-1/usr/lihaitao/process_0106/image/part_98/985295/4436757.jpg|./images/mnt/ali-sh-1/usr/lihaitao/process_0106/image/part_98/985295/4436758.jpg|./images/mnt/ali-sh-1/usr/lihaitao/process_0106/image/part_98/985295/4436759.jpg|./images/mnt/ali-sh-1/usr/lihaitao/process_0106/image/part_98/985295/4436760.jpg|./images/mnt/ali-sh-1/usr/lihaitao/process_0106/image/part_98/985295/4436761.jpg
6964,female,19-22,1194921,玫瑰痤疮忠告(新人篇)!!!,"这么多年玫瑰 之前每个月不断往医院跑 把自己当作试验品 死马当活马医 抱着必胜的心态 走到现在实属不易! 我想告诉姐妹们,玫瑰首先一定要保持良好的心态,其次就是给自己时间,找到对的方向一直坚守下去,把他当成一件事情去解决,你的思路就很清晰,首先要了解自己目前最紧急的状态是什么?最想去改善什么?向着方向直接出发!再去考虑其他! 我不太会写文章,不太会做互联网,但是我心依旧,我心存希望,希望通过自己把希望带给大家,希望大家都快快好,我能感受玫瑰前期的焦虑与痛苦,因为我是这么过来的,共勉!谢谢你们能看完!#皮肤屏障[话题]# #脸颊泛红[话题]# #玫瑰痤疮[话题]# #玫瑰痤疮脂溢性皮炎[话题]# #玫瑰痤疮怎们办[话题]# #玫瑰痤疮红烫[话题]# #玫瑰痤疮大作战[话题]#",
6964,female,19-22,1064951,nan,#原创[话题]#,./images/mnt/ali-sh-1/usr/lihaitao/process_0106/image/part_89/893752/4028829.jpg|./images/mnt/ali-sh-1/usr/lihaitao/process_0106/image/part_89/893752/4028830.jpg
6964,female,19-22,1428467,追一部 崩一部,从 春日暴风雨和怪兽 到 代号纯情 到 青梅竹马情结 画风都是我爱的 剧情却一个赛一个的稀碎 甜甜的1v1不会画? 就那么喜欢搞雄竞或雌竞?把主角塑造成那样作者你满意了? 内心已骂无数遍 流年不利 追个漫都能气吐血 还有 枯萎之花上的眼泪 玫瑰你挺住吧 #少女漫画[话题]# #春日暴风雨和怪兽[话题]# #代号纯情[话题]# #青梅竹马情结[话题]# #枯萎之花上的眼泪[话题]#,
7052,male,19-22,1049752,反向思维:如何挑选最丑比熊❓,[偷笑R]这下子知道怎么挑小比熊了吧! #比熊[话题]# #比熊幼犬[话题]# #韩系比熊[话题]# #小体比熊[话题]#,./images/mnt/ali-sh-1/usr/lihaitao/process_0106/image/part_101/1015184/4571918.jpg|./images/mnt/ali-sh-1/usr/lihaitao/process_0106/image/part_101/1015184/4571919.jpg|./images/mnt/ali-sh-1/usr/lihaitao/process_0106/image/part_101/1015184/4571920.jpg|./images/mnt/ali-sh-1/usr/lihaitao/process_0106/image/part_101/1015184/4571921.jpg|./images/mnt/ali-sh-1/usr/lihaitao/process_0106/image/part_101/1015184/4571922.jpg|./images/mnt/ali-sh-1/usr/lihaitao/process_0106/image/part_101/1015184/4571923.jpg|./images/mnt/ali-sh-1/usr/lihaitao/process_0106/image/part_101/1015184/4571924.jpg|./images/mnt/ali-sh-1/usr/lihaitao/process_0106/image/part_101/1015184/4571925.jpg
7052,male,19-22,1369470,养狗劝退!!️养狗真的巨麻烦🔥,"哪些人不适合养狗❓想养狗的看完这篇再做决定!!️ 希望大家在养狗前一定要想清楚,养狗没有回头路,养了就要负责到底✅ 时长有限,其实还有很多麻烦事还没说完... 总之,养狗没有想象中那么简单,也没有那么梦幻!!️一定要慎重考虑!!️ #我家宠物好可爱[话题]##我的萌宠[话题]##小红书养宠手册[话题]##狗狗日常[话题]##比熊[话题]##新手养狗[话题]##养狗经验分享[话题]##我的养宠日常[话题]##养狗劝退篇[话题]# #一句话劝退你养狗[话题]# @薯队长 @宠物薯 @视频薯 @萌宠幼儿园 @薯条小助手",./images/mnt/ali-sh-1/usr/lihaitao/process_0106/image/part_78/783176/3509818.jpg|./images/mnt/ali-sh-1/usr/lihaitao/process_0106/image/part_78/783176/3509819.jpg|./images/mnt/ali-sh-1/usr/lihaitao/process_0106/image/part_78/783176/3509820.jpg|./images/mnt/ali-sh-1/usr/lihaitao/process_0106/image/part_78/783176/3509821.jpg|./images/mnt/ali-sh-1/usr/lihaitao/process_0106/image/part_78/783176/3509822.jpg|./images/mnt/ali-sh-1/usr/lihaitao/process_0106/image/part_78/783176/3509823.jpg|./images/mnt/ali-sh-1/usr/lihaitao/process_0106/image/part_78/783176/3509824.jpg|./images/mnt/ali-sh-1/usr/lihaitao/process_0106/image/part_78/783176/3509825.jpg
7052,male,19-22,793231,我这“黑心”博主可不想你们给比熊吃这些!,#比熊[话题]# #养狗经验分享[话题]# #比熊知识[话题]# #狗狗[话题]# #养狗经验[话题]# #养狗人[话题]# #养狗日记[话题]#,
7052,male,19-22,989441,挑战每天认识一只狗狗~比熊,"#这是最可爱的玩偶[话题]# 今天来认识一下比熊——小型犬中的颜值担当💪,蠢萌可爱的棉花糖~ - ⭕️比熊的基本特征 ✨眼睛:圆形,黑色或深褐色 ✨鼻子:小巧圆润,较为凸出 ✨耳朵:自然下垂,耳位较低 ✨头部:眼睛和鼻子呈等腰或等边三角形 ✨毛发:白色微卷,毛量多柔软有弹性 #比熊犬[话题]##新手养狗[话题]##健康好养的狗狗[话题]# #狗狗饮食[话题]# #养狗[话题]##狗[话题]# #修狗[话题]# #比熊[话题]# #家有比熊[话题]# #家有萌娃[话题]# #狗狗的日常[话题]# #我的养宠日常[话题]#",
7052,male,19-22,1201425,适合女生养的8种中大型犬,"适合女生养的8种中大型犬,晒出你的同款#新手养狗[话题]##养狗经验分享[话题]# #狗狗[话题]# #新手适合养什么狗[话题]# #宝藏主理人计划[话题]#",
7052,male,19-22,1944449,教你正确挑选心仪边牧幼犬的小技巧,#边牧[话题]# #最聪明的狗狗[话题]# #边牧幼犬[话题]# #上海边牧[话题]# #边牧宝宝[话题]#,
7052,male,19-22,1574649,"低成本养狗,这9个捡漏平替巨划算!",#新手养狗[话题]# #养狗经验分享[话题]# #养狗省钱攻略[话题]#,
7052,male,19-22,1172363,16种适合女孩子养的小型犬 | 你养的是哪种?,"姐妹们!还在烦恼什么汪星人适合自己?看完这篇就能找到心仪的汪汪啦!🐶 [一R]**吉娃娃**:世界上蕞小的狗之一,体型小巧,但性格可能比较固执,需要认真训练。 [二R]**比熊犬**:温顺活泼,对所有人和同类友好,毛发柔顺但不易掉毛,可能比较粘人。 [三R] **贵宾犬**:智商高,活泼,需要主人多陪伴。 [四R]**京巴犬**:聪明通人性,活泼很有活力,警惕性强 食量小、运动量小。 [五R]**柯基犬**:小短腿圆屁股,性格活泼可爱,曾是牧牛犬,适合喜欢治愈系的女孩子。 [六R]**博美犬**:毛发柔顺,聪明活泼,适合家养,但要注意容易骨折。 [七R]**雪瑞纳**:体型小巧,精力充沛,好奇心强,身体结实,但需注意皮肤病。 [八R]**巴哥犬**:对孩子有耐心,温柔,喜欢玩,但需定期清理脸部褶子,夏天注意防暑。 [九R]**西施犬**:活泼可爱,对人亲切,长毛发需要打理,运动量少。 10. **马尔济斯**:长毛发,身型小巧可爱,造型多变,适合家养。 11. **法国斗牛犬**:性格温和有趣,喜欢睡觉,夏天容易中暑,需注意体温。 12. **约克夏**:小巧聪明,曾是捕鼠犬,性格活泼,运动量较大。 13. **查理王猎犬**:有趣,对人有爱和友好,需要锻炼。 14. ** 西高地梗**:不爱叫,适合家庭饲养,聪明自信,适应力强,不太掉毛,体味小。 15. **迷你腊肠犬**:腿短身体长,独立自主,容易照顾,但需注意社交训练。 16. ** 可卡犬**:外表甜美可爱,温顺,服从性很高,活泼调皮、聪明忠诚。 #给大家介绍一下我的小狗[话题]# #适合新手养的狗[话题]# #科学养…",./images/mnt/ali-sh-1/usr/lihaitao/process_0106/image/part_88/885964/3996018.jpg|./images/mnt/ali-sh-1/usr/lihaitao/process_0106/image/part_88/885964/3996019.jpg|./images/mnt/ali-sh-1/usr/lihaitao/process_0106/image/part_88/885964/3996020.jpg|./images/mnt/ali-sh-1/usr/lihaitao/process_0106/image/part_88/885964/3996021.jpg|./images/mnt/ali-sh-1/usr/lihaitao/process_0106/image/part_88/885964/3996022.jpg
7052,male,19-22,1572202,今天吃大肉肠🌭➕小菠菜🥬,热乎的豆芽又上线啦 #约克夏[话题]# #asmr[话题]# #狗狗吃播[话题]# #自制狗饭[话题]# #小红书宠物cruash[话题]# #治愈宠[话题]# #帮我家宠物出名[话题]#,./images/mnt/ali-sh-1/usr/lihaitao/process_0106/image/part_111/1111938/4981470.jpg|./images/mnt/ali-sh-1/usr/lihaitao/process_0106/image/part_111/1111938/4981471.jpg
7052,male,19-22,1062890,绵阳适合二人食的🥢氛围感小食堂,"不光可以炫饭饭,还有各种咖啡☕ 就算不吃饭下午来这喝点都好chill...... @本地薯 @吃货薯 #大声安利本地美食[话题]# #绵阳探店[话题]# #绵阳美食[话题]# #绵阳同城[话题]# #绵阳氛围感餐厅[话题]# #私藏秋冬小食堂[话题]# #这一碗装满秋天[话题]#",
7052,male,19-22,1941753,一分钟劝退你养边牧,"边牧在狗狗的智商排名第一,相当于六到八岁的小孩 正是因为边牧的智商特别高,学习能力特别强,就导致养边牧就得和它斗智斗勇。 如果平时生活和训练让它们感到无趣,它们就会自己找乐子,就像之前的新闻边牧带金毛出门,结果把金毛丢了。由于太聪明,它们会有自己想法,在训练边牧可能会试图挑战主人的权威,不完全听从指令。比如,当它觉得追逐松鼠比听从主人 “坐下” 的指令更有意思时,它可能会选择忽视主人。 边牧虽然是中大型犬,但它的胆子却是特别小的,如果遇到危险,边牧比你跑的还要快,根本不可能保护你的。 再加上边牧具有双层毛发,毛发浓密。它们会季节性脱毛,在换毛季,大量的毛发脱落,家里到处都会是狗毛,沙发上、床上、衣服上都会沾满毛发 而且边牧天生好动,每天都需要出去运动一两个小时,他是无法安静的宅在家里。 有时候他还会自己开房门跑出去玩, 养边牧不费人就有点费脑子。 所以智商不够的要慎重。 各位铲屎官们看看你家的边牧有多聪明吧~ #狗狗[话题]# #养狗[话题]# #我的萌宠[话题]# #边牧[话题]#",./images/mnt/ali-sh-1/usr/lihaitao/process_0106/image/part_99/993898/4473660.jpg
7052,male,19-22,895818,小猫忙碌又自律的一天!,小co的一天也是很充实~ #帮我家宠物出名[话题]# #猫咪[话题]# #笔记灵感[话题]# #小红书宠物cruash[话题]# #初恋宠[话题]# #蒲公英优质笔记激励计划2.0[话题]# #派兮宠物恒温饮水机[话题]# #猫咪饮水机[话题]# #猫[话题]# #布偶猫[话题]# @宠物薯,./images/mnt/ali-sh-1/usr/lihaitao/process_0106/image/part_97/976348/4398925.jpg|./images/mnt/ali-sh-1/usr/lihaitao/process_0106/image/part_97/976348/4398926.jpg|./images/mnt/ali-sh-1/usr/lihaitao/process_0106/image/part_97/976348/4398927.jpg|./images/mnt/ali-sh-1/usr/lihaitao/process_0106/image/part_97/976348/4398928.jpg|./images/mnt/ali-sh-1/usr/lihaitao/process_0106/image/part_97/976348/4398929.jpg|./images/mnt/ali-sh-1/usr/lihaitao/process_0106/image/part_97/976348/4398930.jpg|./images/mnt/ali-sh-1/usr/lihaitao/process_0106/image/part_97/976348/4398931.jpg|./images/mnt/ali-sh-1/usr/lihaitao/process_0106/image/part_97/976348/4398932.jpg
7052,male,19-22,1925230,这些鞋子💰10多元一双有人要吗,#鞋子合集[话题]# #鞋子控[话题]# #手工鞋[话题]# #舒适与美丽并存[话题]# #时尚又舒适[话题]# #一脚蹬毛毛鞋[话题]# #皮毛一体鞋[话题]# #面包雪地靴[话题]# #雪地拖[话题]# #棉拖鞋[话题]#,./images/mnt/ali-sh-1/usr/lihaitao/process_0106/image/part_70/704238/3135541.jpg
7052,male,19-22,1554740,猫会觉得自己是个小孩子吗?,"布丁每天都想要出去玩,而且,她会觉得自己是个小孩子,喜欢玩小区滑梯,攀岩这些玩具,如果小朋友太多,她没玩成的话,还会有点小失落[捂脸R]就问,这跟我生的有什么区别[笑哭R]#布偶猫日常[话题]# #我的萌宠[话题]# #猫咪日常[话题]# #遛猫[话题]# #猫狗双全[话题]# #社牛猫[话题]# #萌宠成长记[话题]# #萌宠日常记录[话题]# #萌宠成精了[话题]# #小狗猫[话题]#",./images/mnt/ali-sh-1/usr/lihaitao/process_0106/image/part_86/861264/3874202.jpg
7052,male,19-22,960018,食堂开饭|新西兰犊牛腿烩鸡蛋山药泥,#狗狗生骨肉[话题]# #生骨肉喂养[话题]# #感受新鲜食物的力量[话题]# #asmr助眠[话题]# #宠物吃播[话题]# #生骨肉配餐[话题]#,./images/mnt/ali-sh-1/usr/lihaitao/process_0106/image/part_81/815681/3671699.jpg|./images/mnt/ali-sh-1/usr/lihaitao/process_0106/image/part_81/815681/3671700.jpg|./images/mnt/ali-sh-1/usr/lihaitao/process_0106/image/part_81/815681/3671701.jpg|./images/mnt/ali-sh-1/usr/lihaitao/process_0106/image/part_81/815681/3671702.jpg|./images/mnt/ali-sh-1/usr/lihaitao/process_0106/image/part_81/815681/3671703.jpg|./images/mnt/ali-sh-1/usr/lihaitao/process_0106/image/part_81/815681/3671704.jpg|./images/mnt/ali-sh-1/usr/lihaitao/process_0106/image/part_81/815681/3671705.jpg|./images/mnt/ali-sh-1/usr/lihaitao/process_0106/image/part_81/815681/3671706.jpg
7052,male,19-22,1935736,捏捏乐,胖嘟嘟捏捏乐#捏捏乐[话题]# #解压玩具[话题]# #解压日常[话题]#,./images/mnt/ali-sh-1/usr/lihaitao/process_0106/image/part_91/917384/4132365.jpg|./images/mnt/ali-sh-1/usr/lihaitao/process_0106/image/part_91/917384/4132366.jpg|./images/mnt/ali-sh-1/usr/lihaitao/process_0106/image/part_91/917384/4132367.jpg|./images/mnt/ali-sh-1/usr/lihaitao/process_0106/image/part_91/917384/4132368.jpg|./images/mnt/ali-sh-1/usr/lihaitao/process_0106/image/part_91/917384/4132369.jpg|./images/mnt/ali-sh-1/usr/lihaitao/process_0106/image/part_91/917384/4132370.jpg
7052,male,19-22,1396890,我的漂亮毛毛都是妈妈燃烧的人民币💰,#宠物营业日常[话题]# #边牧[话题]# #陨石边牧[话题]# #边牧日常[话题]##我的宠物真可爱[话题]# #小狗力量[话题]#,./images/mnt/ali-sh-1/usr/lihaitao/process_0106/image/part_66/669945/2978534.jpg|./images/mnt/ali-sh-1/usr/lihaitao/process_0106/image/part_66/669945/2978535.jpg|./images/mnt/ali-sh-1/usr/lihaitao/process_0106/image/part_66/669945/2978536.jpg|./images/mnt/ali-sh-1/usr/lihaitao/process_0106/image/part_66/669945/2978537.jpg|./images/mnt/ali-sh-1/usr/lihaitao/process_0106/image/part_66/669945/2978538.jpg|./images/mnt/ali-sh-1/usr/lihaitao/process_0106/image/part_66/669945/2978539.jpg|./images/mnt/ali-sh-1/usr/lihaitao/process_0106/image/part_66/669945/2978540.jpg|./images/mnt/ali-sh-1/usr/lihaitao/process_0106/image/part_66/669945/2978541.jpg
7052,male,19-22,970482,沉浸式粉色系吃播,视频来源:YouTube #解压[话题]# #解压视频[话题]# #asmr[话题]# #吃播日常[话题]#,
7052,male,19-22,1194592,布偶只有在一岁前做了社会化训练才会听话?,"在猫咪小的时候可以多触摸它们的毛发、嘴巴等敏感部位,让它们直到这些触摸没有危险性,在幼猫时期做好社会化训练,在长大的时候才能更听话更粘人! ❤名字训练 喂猫咪吃饭的时候可以先喊它名字,多重复几次它就知道自己叫什么了,不过训练它们的时候不要说奇怪的话,否则它就会以为自己叫那个奇怪的名字 ❤️生人训练 猫咪的警惕性很高,家里来人的时候,可以先任由它在一边偷偷观察,熟悉客人的气味后,再逐步引导它出来玩 ❤️握手训练 猫咪蹲着的时候可以轻轻握住它的前爪,发出握手的指令,握完手后立即奖励它零食,每天重复三四次,几天就学会了 ❤️作息训练 白天多和猫咪互动,消耗它们的体力,晚上它吵醒你之后不要理它继续睡,否则它会以为你也喜欢在晚上和它玩 ❤️不乱咬训练 喷柑橘味空气清新剂或者除味珠,也可以少量涂抹风油精,猫咪不喜欢这两个味道,给它们买磨牙棒和猫抓板,让它有磨爪子的方式 ❤️外出训练 带猫咪出去玩,可以先带猫咪在楼道里适应一下,然后逐渐加长距离和时间,要时刻注意观察猫咪的呼吸和状态,避免出现应激反应 ❤️日常清洁 从小养成清洁意识,口耳鼻清洁、剪爪子等,慢慢长牙了就可以给猫咪刷牙,如果想洗澡,可以时不时让猫咪接触电吹风和水,可以减少发生应激反应的情况 #养猫经验分享[话题]##新手养猫[话题]##养猫日常[话题]##宠物知识[话题]##猫咪日常[话题]##布偶猫[话题]##猫咪日常[话题]##新手养猫日常[话题]##科学养猫[话题]##猫咪[话题]##幼猫粮[话题]##whycat幼猫粮[话题]##猫粮分享[话题]##宠物知识[话题]##whycat[话题]##养猫必备好物[话题]##新手养…",./images/mnt/ali-sh-1/usr/lihaitao/process_0106/image/part_107/1074373/4824989.jpg|./images/mnt/ali-sh-1/usr/lihaitao/process_0106/image/part_107/1074373/4824990.jpg|./images/mnt/ali-sh-1/usr/lihaitao/process_0106/image/part_107/1074373/4824991.jpg|./images/mnt/ali-sh-1/usr/lihaitao/process_0106/image/part_107/1074373/4824992.jpg|./images/mnt/ali-sh-1/usr/lihaitao/process_0106/image/part_107/1074373/4824993.jpg|./images/mnt/ali-sh-1/usr/lihaitao/process_0106/image/part_107/1074373/4824994.jpg|./images/mnt/ali-sh-1/usr/lihaitao/process_0106/image/part_107/1074373/4824995.jpg|./images/mnt/ali-sh-1/usr/lihaitao/process_0106/image/part_107/1074373/4824996.jpg
7052,male,19-22,1366304,南京有人领养布偶嘛 被原主人扔出来了,#猫咪领养[话题]# #布偶猫找家[话题]# 看着很健康 我每天去喂饭 喊了就出来 挺乖的 很肥 扔出来一两个星期了 希望能找到跟它有缘的主人 猫在我公司旁边栖霞区附近哦 (若有意向可联系我 最好是南京本地)目前猫咪还在户外 每天定点有人喂食 若真心想领养需要自己过来哦!!!需绝育领养!!!,
7469,male,31-35,1731940,"“不管以后会怎样,至少现在有你就很好”",#文字的力量[话题]# #我会被文字打动[话题]# #每日书摘[话题]# #文字[话题]# #惊艳到你的句子[话题]# #有一刻被诗歌治愈[话题]# #如果要写爱情[话题]# #自我成长[话题]# #浪漫生活的记录者[话题]# #我懂诗歌的浪漫[话题]#,./images/mnt/ali-sh-1/usr/lihaitao/process_0106/image/part_94/944035/4256212.jpg|./images/mnt/ali-sh-1/usr/lihaitao/process_0106/image/part_94/944035/4256213.jpg
7469,male,31-35,1942949,关于婚姻的福报——你嫁给谁早已命定,#婚姻是一场修行[话题]# #缘分[话题]# #姻缘[话题]# #婚姻与爱情[话题]# #感悟人生[话题]# #修行[话题]# #修心[话题]# #福报[话题]# #悟人生之道[话题]# #开悟[话题]#,
7469,male,31-35,1476882,双子座♊️那个小人未退散 没开玩笑,#双子座[话题]# #双子座运势[话题]# #小人退散[话题]# #水逆退散[话题]# #运势早知道[话题]# #卢恩符号[话题]# #星座运势[话题]# #星座水逆[话题]# #宝宝辅食[话题]#,
7469,male,31-35,1563363,No.67睡前故事《我想和你一起看日出》,"每天分享一个哄女朋友睡觉的甜甜小故事🍓 《我想和你一起看日出》 💕 欢迎关注,每天更新,记得打卡哟🌟 愿你在每个疲倦的夜晚,都能有一个甜美的梦✨ 晚安💤宝贝 #晚安故事[话题]# #哄女朋友睡觉的睡前小故事[话题]# #睡前故事[话题]# #晚安小故事[话题]# #睡前小故事[话题]# #晚安[话题]# #讲故事[话题]# #异地恋[话题]# #情侣[话题]# #超爆小故事[话题]#",./images/mnt/ali-sh-1/usr/lihaitao/process_0106/image/part_102/1029232/4630915.jpg|./images/mnt/ali-sh-1/usr/lihaitao/process_0106/image/part_102/1029232/4630916.jpg|./images/mnt/ali-sh-1/usr/lihaitao/process_0106/image/part_102/1029232/4630917.jpg
7469,male,31-35,1009944,由浅到深的55个亲密话题,"第一层:各自的过往 1. 印象最深刻的同学 2. 曾经经历过最危险的经历是? 3. 因为哪些事情和父母吵过架? 4. 你最想知道我过去 5. 初恋时你多大了? 6. 你最大的遗憾是? 7. 你做过最骄傲的一件事是什么? 第二层:彼此的记忆 1. 对我的第一印象是什么样的? 2. 希望我更粘人一点还是不粘人? 3. 哪个瞬间你觉得我最有魅力? 4. 第一次拥抱和接吻是什么感觉? 5. 我哪一点最吸引你? 6. 你觉得我最大的优点是? 7. 我做过的哪件事情让你很生气? 8. 如果生气了,你希望我能怎么哄你? 9. 你觉得我们有哪些共同点? 10. 目前为止,我们一起经历的那件事情让你印象最深刻? 11. 在一起后你觉得自己最大的改变是? 12. 你觉得我最大的改变是? 第三层:爱情观念 1. 你对无理取闹的定义是? 2. 怎么看待彼此异性朋友? 3. 怎么看待恋爱中的仪式感? 4. 你觉得一段好的关系必备的要素是什么? 5. 你相信一见钟情还是日久生情? 6. 还有哪些是我们应当共同遵守的规则? 7. 怎么看待过往情感经历 8. 怎么看待异地恋和冷暴力? 9. 怎么吵架时候的哄和讲道理? 10. 怎么看待和应对前任? #恋爱小技巧[话题]# #提升亲密关系[话题]# #恋爱中被需要的感觉[话题]# #带着脑子谈恋爱[话题]# #生活需要分享欲[话题]# #恋爱指南[话题]# #恋爱观[话题]# #高情商小技巧[话题]# #撩汉小技巧[话题]# #甜甜的恋爱[话题]#",./images/mnt/ali-sh-1/usr/lihaitao/process_0106/image/part_65/651035/2887942.jpg|./images/mnt/ali-sh-1/usr/lihaitao/process_0106/image/part_65/651035/2887943.jpg|./images/mnt/ali-sh-1/usr/lihaitao/process_0106/image/part_65/651035/2887944.jpg|./images/mnt/ali-sh-1/usr/lihaitao/process_0106/image/part_65/651035/2887945.jpg
7469,male,31-35,1204358,网恋奔现成功+异地恋感情维持心得分享🔥,"#甜甜的恋爱[话题]# [自拍R][自拍R]总结分享了自己和男朋友是怎么样第一次网恋就面基成功以及从网恋转异地以后的一些小心得得️ 希望正在网恋或者即将网恋的小姐妹能用得上 1⃣️慢慢来,不着急(很重要) 2⃣️三观合,不慕强但也不自卑 就算没有身高,没有大长腿,不是白幼瘦,也不是富二代,但是记住,你仍然不比任何人差,也要记住,喜欢你的人,无论你是什么样,他/她都会喜欢 3⃣️能视频就先视频(微信视频还是比较靠谱) 4⃣️该主动的时候一定要主动 5⃣️可以依赖对方但也要彼此独立 6⃣️学会主动给对方安全感 7⃣️多尝试新东西,挖掘更多聊天话题 8⃣️不要吝啬赞美,爱就要大声表达 9⃣️拒绝冷暴力,积极沟通 🔟乐观看待将来 [飞吻R][飞吻R]最后,祝️大家都有甜甜的爱情,祝️面基永不翻车,祝️奔现的都长长久久 #恋爱技巧[话题]# #恋爱观[话题]# #亲密关系[话题]# #恋爱[话题]# #我的网恋日记[话题]# #网恋奔现异地恋[话题]# #甜甜的恋爱[话题]# #网恋奔现[话题]# #异地恋如何维持[话题]# #异地恋日常[话题]# #异地恋情侣[话题]# #",./images/mnt/ali-sh-1/usr/lihaitao/process_0106/image/part_98/980313/4416145.jpg|./images/mnt/ali-sh-1/usr/lihaitao/process_0106/image/part_98/980313/4416146.jpg|./images/mnt/ali-sh-1/usr/lihaitao/process_0106/image/part_98/980313/4416147.jpg|./images/mnt/ali-sh-1/usr/lihaitao/process_0106/image/part_98/980313/4416148.jpg|./images/mnt/ali-sh-1/usr/lihaitao/process_0106/image/part_98/980313/4416149.jpg|./images/mnt/ali-sh-1/usr/lihaitao/process_0106/image/part_98/980313/4416150.jpg|./images/mnt/ali-sh-1/usr/lihaitao/process_0106/image/part_98/980313/4416151.jpg|./images/mnt/ali-sh-1/usr/lihaitao/process_0106/image/part_98/980313/4416152.jpg
7469,male,31-35,1431923,"情侣平淡期能聊得20个话题,拒绝“冷战”","说实话恋爱到了平淡期,双方确实很尴尬,不说话就觉得是吵架了,说话也是不知道说什么,这个时候就需要一些即使觉得尴尬也要聊的话题,从答案中引申出新的话题,才能平稳度过冷淡期!谈恋爱的大家,记得收藏! #情侣[话题]# #恋爱[话题]# #甜甜的恋爱[话题]# #小情侣的日常[话题]# #恋爱日常[话题]# #恋爱技巧[话题]# #冷战[话题]# #让情侣感情升温[话题]# #感情升温[话题]#",./images/mnt/ali-sh-1/usr/lihaitao/process_0106/image/part_79/798004/3581791.jpg|./images/mnt/ali-sh-1/usr/lihaitao/process_0106/image/part_79/798004/3581792.jpg|./images/mnt/ali-sh-1/usr/lihaitao/process_0106/image/part_79/798004/3581793.jpg|./images/mnt/ali-sh-1/usr/lihaitao/process_0106/image/part_79/798004/3581794.jpg|./images/mnt/ali-sh-1/usr/lihaitao/process_0106/image/part_79/798004/3581795.jpg|./images/mnt/ali-sh-1/usr/lihaitao/process_0106/image/part_79/798004/3581796.jpg
7469,male,31-35,952612,异地恋也可以越谈越甜【特别是最后一条】🤭,"异地恋很难 但是坚持下去就是一辈子 异地恋小tips 1.一起远程做一些事,参与到彼此“具体的生活”中去 2.和伴侣保持真诚的分享,简单的“碎碎念” 3.永远以最大的善意揣测对方 4.不要吝啬自己对爱意的表达 5.增加“有质感的陪伴” 6.送对方一个具有陪伴感的小礼物 7.在彼此同意的前提下,开启一些x话题的讨论 8.更加注重仪式感 9.正确相处,不要为了考验而考验 10.设置安全词,等冷静再复盘 11.拒绝冷战,有问题及时解决 12.坦诚、具体且明确地约定彼此的“底线” 13.不翻旧账 14.对于两人间的问题要有话直说 15.确保你们有一个共同期待的计划 16.在某些情景下,哪怕见面很难,也要尽力“在场” 17.在想念对方的同时,也要过好“一个人的生活” #女性成长[话题]# #笔记灵感[话题]# #女生必看[话题]# #异地恋[话题]# #异地恋情侣[话题]# #异地恋日常[话题]# #异地恋见面[话题]# #异地军恋[话题]# #异地[话题]# #甜甜的恋爱[话题]# #陪伴[话题]# #成长[话题]#",./images/mnt/ali-sh-1/usr/lihaitao/process_0106/image/part_112/1122566/5025967.jpg|./images/mnt/ali-sh-1/usr/lihaitao/process_0106/image/part_112/1122566/5025968.jpg|./images/mnt/ali-sh-1/usr/lihaitao/process_0106/image/part_112/1122566/5025969.jpg|./images/mnt/ali-sh-1/usr/lihaitao/process_0106/image/part_112/1122566/5025970.jpg|./images/mnt/ali-sh-1/usr/lihaitao/process_0106/image/part_112/1122566/5025971.jpg|./images/mnt/ali-sh-1/usr/lihaitao/process_0106/image/part_112/1122566/5025972.jpg
7469,male,31-35,908373,异地恋越谈越亲密的原因,#记录吧就现在[话题]# #异地恋[话题]##感情[话题]#,
7469,male,31-35,1447502,"这40个情侣热恋话题,建议打印","跟前前男友分手后,我陷入了对爱情提不起来兴趣的空窗期。 有一天,参加邻居姐姐的婚礼,我得知她跟老公实际上在一起一个月就决定结婚了。这个姐姐给我的印象一直是稳重端庄的那种,看上去不太会做出闪婚这种刺激的事情。 我说出了心中的疑惑,姐姐说:“未必是经年累月的相处才能看出一个人的品性,有些话题只要你们去聊一聊,就能看出来他是个什么样的人。我知道结婚应当郑重,但迅速的确定他就是我的Mr.right,我也是幸运的不是吗?” 姐姐现在孩子都7岁了,人看着比结婚前精气神更好,爱意养人呢。 虽然我还是无法接收太快陷入一段婚姻,但姐姐所说去聊一聊我是认同的。 整理了40个适合热恋情侣聊的话题,上头还是下头,你来判断啊。 还有哪些话题是你觉得热恋时一定要聊的呢?👇留下你的脚印👣啊 —————— 👉关注我,每天分享心理知识,带你懂人性、变聪明 #心理学[话题]# #心理学知识[话题]# #情侣话题[话题]# #情侣[话题]# #小情侣的日常[话题]# #恋爱[话题]# #恋爱技巧[话题]# #恋爱观[话题]# @薯队长",./images/mnt/ali-sh-1/usr/lihaitao/process_0106/image/part_80/805050/3622139.jpg|./images/mnt/ali-sh-1/usr/lihaitao/process_0106/image/part_80/805050/3622140.jpg|./images/mnt/ali-sh-1/usr/lihaitao/process_0106/image/part_80/805050/3622141.jpg|./images/mnt/ali-sh-1/usr/lihaitao/process_0106/image/part_80/805050/3622142.jpg|./images/mnt/ali-sh-1/usr/lihaitao/process_0106/image/part_80/805050/3622143.jpg
7469,male,31-35,1290652,异地恋宠媳妇的正确方式,#异地恋日常[话题]# #异地恋[话题]# #情侣日常[话题]# #宠女友[话题]# #情侣[话题]# #男生必看[话题]# #女生必看[话题]#,
7469,male,31-35,1044653,让女生舒服的218个聊天话题,让女生舒服的218个聊天话题#追女生[话题]##情感[话题]##脱单[话题]##聊天话题[话题]##聊天[话题]##情感[话题]##追女必备[话题]##恋爱[话题]##恋爱技巧[话题]##甜甜的恋爱[话题]#,./images/mnt/ali-sh-1/usr/lihaitao/process_0106/image/part_57/579035/2540261.jpg|./images/mnt/ali-sh-1/usr/lihaitao/process_0106/image/part_57/579035/2540262.jpg|./images/mnt/ali-sh-1/usr/lihaitao/process_0106/image/part_57/579035/2540263.jpg|./images/mnt/ali-sh-1/usr/lihaitao/process_0106/image/part_57/579035/2540264.jpg
7469,male,31-35,1573882,24个异地恋情侣越聊感情越好的话题❗,"Hello,大家好呀,我是木椰杂货分享馆! 🌟🌟异地恋zui怕的不是没话题聊而是两个人不愿意聊!为了一段感情可以走到zui后,彼此都不能敷衍也不能失去分享欲! 🌟🌟木椰在这里给大家整理了一些适合异地恋情侣聊的话题,如果你也觉得适合的可以🌟起来慢慢聊呀~ #异地恋[话题]# #恋爱[话题]# #异地[话题]# #异地恋日常[话题]# #女生必看[话题]# #男生必看[话题]# #情侣[话题]# #感情[话题]# #让情侣感情升温[话题]# #异地恋情侣[话题]# #恋爱技巧[话题]# #恋爱日常[话题]# #坚持[话题]# #感情[话题]# #小情侣的日常[话题]# @薯队长 @小红书成长助手 @小红书创作学院 @小红书成长笔记",./images/mnt/ali-sh-1/usr/lihaitao/process_0106/image/part_72/723622/3232036.jpg|./images/mnt/ali-sh-1/usr/lihaitao/process_0106/image/part_72/723622/3232037.jpg|./images/mnt/ali-sh-1/usr/lihaitao/process_0106/image/part_72/723622/3232038.jpg|./images/mnt/ali-sh-1/usr/lihaitao/process_0106/image/part_72/723622/3232039.jpg
7469,male,31-35,1085137,"40个情侣深夜话题,越聊越上头(建议收藏)","1、我做过什么让你难以忍受的事? 2、我做过什么事情瞬间让你觉得我很爱你? 3、目前为止,你最珍贵的回忆是什么? 4、你有什么事情是不可以开玩笑的? 5、列举5个你认为另一半应该具有的品质? 6、如果可以改变你的成长过程,你想改变什么? 7、列举了个最受不了我身上的某些特点? 8、情侣之间可以互相看对方的手机吗?为什么? 9、目前为止,你做过最疯狂的事是什么? 10、在爱情里最在意的3件事? 11、你最害怕失去的是什么? 12、如果你变成女孩/男孩,你会嫁给现在的自己吗? 13、在你心里最可信的人是谁? 14、在自己最爱的人面前,做过最岡的事情是什么? 15、小时候最难过的事情是什么? 16、如果可以预知未来人生的一件事,你最想知道什么? 17、你会为爱做“傻事”吗? 18、在我们相处的过程中,有没有出现让你心动的人? 19、如果我们的性别互换了,还会选择在一起吗? 20、如果只剩一年寿命,你会改变生活中哪些方式? 21、长大后,最让你伤心的是哪件事? 22、第一次爱的人对你有什么影响? 23、你最受不了别人对你做什么? 24、做的最让自己骄傲的一件事? 25、你会选择你爱的人还是爱你的人? 26、如果明天是世界未日,你现在会去做什么? 27、你觉得自己最郁问的外号是什么? 28、以前有过最被感动的事是什么? 29、你最害怕的事情和东西是什么? 30、你在決定婚姻的时候,物质和感情占,怎样的比重? 31、你认为最浪漫的事情是什么? 32、最近一次流泪时什 么时候?为什么? 33、独自旅行的话,会选择什么目的地? 34、爱情事业家庭,你会怎样排序? 35、吵架时,你觉得最伤人的话…",./images/mnt/ali-sh-1/usr/lihaitao/process_0106/image/part_83/837831/3769700.jpg
7469,male,31-35,1603315,异地恋听了瞬间想哭的情话,#记录吧就现在[话题]# #恋爱技巧[话题]# #情感分享[话题]# #情话文案[话题]# #文字素材分享[话题]# #情感树洞[话题]# #男人女人[话题]# #异地恋[话题]# #小情侣日常[话题]# #情感共鸣[话题]#,./images/mnt/ali-sh-1/usr/lihaitao/process_0106/image/part_79/792843/3552748.jpg|./images/mnt/ali-sh-1/usr/lihaitao/process_0106/image/part_79/792843/3552749.jpg|./images/mnt/ali-sh-1/usr/lihaitao/process_0106/image/part_79/792843/3552750.jpg|./images/mnt/ali-sh-1/usr/lihaitao/process_0106/image/part_79/792843/3552751.jpg
7469,male,31-35,1047568,🔥情侣一定要聊的100个话题,#浪漫情话[话题]# #情话[话题]# #520文案[话题]# #越早明白越好的道理[话题]# #恋爱观[话题]# #恋爱技巧[话题]# #心动的信号恋爱技巧[话题]# #男生必看[话题]# #爱情观[话题]# #文案分享[话题]# #浪漫生活的记录者[话题]# #笔记灵感[话题]#,
7469,male,31-35,1557068,"异地、异国的情侣爱人,这些话会温暖心灵","异地恋:心灵的坚守与情感的升华 在异地恋❤的漫漫征 途中,思念如潮水般汹涌,却也铸就了独特而深沉的情感纽带。 #熬过异地恋便是一辈子[话题]# #两个人在一起的意义[话题]# #我的日常[话题]# #分开的那些日子[话题]# #留学生[话题]# #异国恋[话题]# #情侣照[话题]# #异国恋情侣日常[话题]# #生活中的快乐瞬间[话题]# #温暖治愈[话题]#",./images/mnt/ali-sh-1/usr/lihaitao/process_0106/image/part_64/642759/2838698.jpg|./images/mnt/ali-sh-1/usr/lihaitao/process_0106/image/part_64/642759/2838699.jpg|./images/mnt/ali-sh-1/usr/lihaitao/process_0106/image/part_64/642759/2838700.jpg|./images/mnt/ali-sh-1/usr/lihaitao/process_0106/image/part_64/642759/2838701.jpg|./images/mnt/ali-sh-1/usr/lihaitao/process_0106/image/part_64/642759/2838702.jpg|./images/mnt/ali-sh-1/usr/lihaitao/process_0106/image/part_64/642759/2838703.jpg|./images/mnt/ali-sh-1/usr/lihaitao/process_0106/image/part_64/642759/2838704.jpg
7469,male,31-35,1733893,陶白白说 双子座一定要接 大吉!,﻿#双子座[话题]#﻿ ﻿#双子座运势[话题]#﻿ ﻿#星座[话题]#﻿,
7469,male,31-35,1110626,找到了...是风向星座会喜欢的礼物🦋,"这也太有海洋的氛围感了吧!!i 人狂喜的礼物找到了 会转动的唱片转盘可以当氛围灯也🥳还可以调成7彩炫光,晚上拍照超好看!! 4种白噪音伴睡,听着白噪音还有海浪氛围灯入睡的感觉太nice了🥹 拜托了男朋友!这么实用又好看的礼物请给我来一百个! #平价生日礼物[话题]##闺蜜礼物[话题]##女生礼物实用[话题]##适合送给女生的礼物[话题]##少女心好物[话题]##礼物推荐[话题]##创意礼物[话题]##送女朋友礼物[话题]##男生礼物[话题]##男朋友礼物[话题]##情侣礼物[话题]##蓝牙音响[话题]##高颜值音箱推荐[话题]##小红书秋日焕新[话题]#",./images/mnt/ali-sh-1/usr/lihaitao/process_0106/image/part_107/1078756/4843306.jpg|./images/mnt/ali-sh-1/usr/lihaitao/process_0106/image/part_107/1078756/4843307.jpg|./images/mnt/ali-sh-1/usr/lihaitao/process_0106/image/part_107/1078756/4843308.jpg|./images/mnt/ali-sh-1/usr/lihaitao/process_0106/image/part_107/1078756/4843309.jpg|./images/mnt/ali-sh-1/usr/lihaitao/process_0106/image/part_107/1078756/4843310.jpg|./images/mnt/ali-sh-1/usr/lihaitao/process_0106/image/part_107/1078756/4843311.jpg|./images/mnt/ali-sh-1/usr/lihaitao/process_0106/image/part_107/1078756/4843312.jpg|./images/mnt/ali-sh-1/usr/lihaitao/process_0106/image/part_107/1078756/4843313.jpg
7544,female,26-30,944224,.。🥯+ ̊🍽️🐾🥐o· ̊,hi周六晚上好呀大家 出门下午茶了一下☕ 好久没有呆咖啡店了 出片秘诀是假笑😋海盐贝果好吃🥯 上海这几天已经冷得穿厚厚外套了🌬️ 怕冷星人偶本人 早就囤好漂亮毛衣咯🧶(厚实好穿超爱!! (其实整套都是我的心头爱 保暖装备都有都有都有 📺记得上方约约! @时尚薯 · #超会穿企划[话题]# #生活感穿搭[话题]# #我的日常[话题]# #时尚模范生[话题]# #穿搭抄作业[话题]# #给冬天点颜色瞧瞧[话题]# #巴恩风穿搭[话题]# #小红书冬日秀场[话题]# #小红书时髦look抢先买[话题]# #时髦录客[话题]# #毛绒穿出街[话题]# #毛衣[话题]# #吃饭拍照[话题]# #巴恩叠叠乐[话题]#,./images/mnt/ali-sh-1/usr/lihaitao/process_0106/image/part_104/1046361/4703240.jpg|./images/mnt/ali-sh-1/usr/lihaitao/process_0106/image/part_104/1046361/4703241.jpg|./images/mnt/ali-sh-1/usr/lihaitao/process_0106/image/part_104/1046361/4703242.jpg
7544,female,26-30,1538024,美式羊羔毛复古马甲即将现现啦,[举手R][举手R] #nia886[话题]# #nia同款[话题]##发财宅女[话题]# #发财宅女同款[话题]# #发财宅女平替[话题]#,./images/mnt/ali-sh-1/usr/lihaitao/process_0106/image/part_74/744390/3336980.jpg|./images/mnt/ali-sh-1/usr/lihaitao/process_0106/image/part_74/744390/3336981.jpg|./images/mnt/ali-sh-1/usr/lihaitao/process_0106/image/part_74/744390/3336982.jpg|./images/mnt/ali-sh-1/usr/lihaitao/process_0106/image/part_74/744390/3336983.jpg|./images/mnt/ali-sh-1/usr/lihaitao/process_0106/image/part_74/744390/3336984.jpg|./images/mnt/ali-sh-1/usr/lihaitao/process_0106/image/part_74/744390/3336985.jpg|./images/mnt/ali-sh-1/usr/lihaitao/process_0106/image/part_74/744390/3336986.jpg
7544,female,26-30,1294376,才get到她的美,谁懂又美又萌太爱了#现在就出发[话题]##金晨[话题]##好美[话题]# #美女[话题]#,
7544,female,26-30,1484664,王安宇这期真圈粉,"王哥性格好又勇敢,阳光大男孩,黄景瑜也很man,性格也好好很开朗。两个感觉都没啥心机😄#蹦极[话题]# #自由与挑战[话题]# #王安宇蹦极[话题]# #王安宇[话题]# #黄景瑜[话题]# #现在就出发[话题]#",
7544,female,26-30,1544916,美眉们 宅女马甲平替版真的很爱!!!,上身直接爱了 闭眼留 一点也不显老#发财宅女[话题]# #宅女同款[话题]# #秋冬外套[话题]# #马甲穿搭[话题]#,
7544,female,26-30,1461132,"女生审美,留哪条啊啊啊???",#裤子测评[话题]# #帮忙选一选[话题]# #喇叭裤[话题]# #显高显腿直的神裤[话题]# #冬季穿搭[话题]# #高腰直筒裤[话题]# #女生审美[话题]# #黑色羽绒服这么搭[话题]# #帮忙选一下[话题]# #梨形身材穿搭[话题]#,
7544,female,26-30,1732508,🫎🤎复古卷叶纹,#Northbutsouth[话题]# 新品西部卷叶纹外套复古感拉满 终于等到一个晴天穿 和暖阳不要太配 两面都是绒又舒服又暖和☀️ #秋冬就是要毛茸茸[话题]# #毛绒绒的秋冬[话题]# #暖和的外套[话题]# #秋冬外套[话题]# #厚外套[话题]# #摇粒绒[话题]# #复古[话题]# #Ootd[话题]# #今日look[话题]#,
7544,female,26-30,1123538,"没他玩不转的红毯,却把自己玩破产了❗️",﻿#时尚[话题]#﻿ ﻿#秀场[话题]#﻿ ﻿#好莱坞[话题]#﻿ ﻿#metgala[话题]#﻿ ﻿#个人成长[话题]#﻿ ﻿#智慧人生[话题]#﻿ ﻿#zacposen[话题]#﻿ ﻿#刘雯[话题]#﻿,
7544,female,26-30,876191,周五啦啦啦啦✌,#ootd每日穿搭[话题]# #实用穿搭[话题]# #日韩杂志穿搭[话题]# #羽绒服[话题]# #优衣库神裤[话题]# #费尔岛毛衣[话题]# #鞋控的日常[话题]# #记录日常[话题]# #barn[话题]##barnfit巴恩风穿搭[话题]#,
7544,female,26-30,1359884,开箱|Randompiece新衣试穿🤎,不是全部list📝 还有些单品直播见哦 #小红书冬日秀场[话题]# #超会穿企划[话题]# #Ootd[话题]# #我的开箱日常[话题]# #新衣服可以治愈各种不开心[话题]# #冬天穿什么[话题]#,
7544,female,26-30,1664337,已经开始期待圣诞啦🎄,#穿出圣诞氛围感[话题]# #今天穿这样[话题]# #极简穿搭[话题]# #韩国欧尼穿搭[话题]# #韩国东大门[话题]#,
7544,female,26-30,1017753,vlog🏪|便利店打工人为朋友精心挑选礼物,#日常生活里的快乐瞬间[话题]# #vlog[话题]# #便利店[话题]# #我的日常[话题]#,
7544,female,26-30,1674782,今年也太爱大印花衣服啦!,女的真麻烦 口口声声说zui爱基础款 一穿上大印花:艾玛 真好看啊 #时尚是轮回[话题]# #小个子穿搭[话题]# #日常穿搭[话题]# #冬天穿什么[话题]# #毛衣[话题]#,./images/mnt/ali-sh-1/usr/lihaitao/process_0106/image/part_91/915614/4124521.jpg
7544,female,26-30,928305,日杂厚外套合集,None,
7544,female,26-30,1611169,换装Vlog|小妮儿正在收拾打扮中🧤,#Vlog我的一天[话题]# #穿搭OOTD[话题]# #生活vlog[话题]# #带你逛物美[话题]#,
7544,female,26-30,957058,青岛的阿姨们对我这身好感兴趣 特别是帽子,她们说看着就好暖和 说今天起风了 要把耳朵护好hhh 莫名好亲切的感觉(好客山东我又要说了) #秋冬氛围感[话题]# #每天都有值得记录的瞬间[话题]# #超会穿企划[话题]# #来拍照了[话题]# #青岛[话题]# #冬日旅行计划[话题]##保暖穿搭[话题]#,
7544,female,26-30,1608578,姐妹们第一次遇到红薯蹲蹲文化 是什么意思,是蹲我链接吗 那我再发作品 她留言蹲蹲就能刷到了吗 还是蹲蹲姐妹之后需要我去踢踢😶‍🌫️,./images/mnt/ali-sh-1/usr/lihaitao/process_0106/image/part_98/988956/4452349.jpg
7544,female,26-30,1341011,我老公手有多快?????,手快是不是只有东北人才说 形容扔东西 破坏东西 手特别神速 我们的车是租的 我先和宝宝回民宿 我老公整理车内杂物 回来他说发现上一位租车的是韩国人 车里捡到一瓶韩文儿童防晒 我说那防晒呢 他说扔垃圾桶里了 哥们 那是我给宝宝新买的啊🥹 我妈我老公 手都贼快 我服气,
7544,female,26-30,1445051,今天暖暖的🍂,"穿了新买的民族风毛毛外套,感觉衣服里像有个火炉一样哈哈哈哈,豆豆鞋再不穿穿不上啦,抓住秋天的我尾巴",
7544,female,26-30,1668716,没导演给他俩递本子吗!!!!,"谁懂啊真的好喜欢3.0版本的林栋哲庄筱婷,他俩完完全全把青春期的感觉演出来了!!!给我二搭青春剧!!!! 插一句感觉林栋哲像时代峰峻的人哈哈哈哈哈哈峰峻脸谁懂!!#青春期[话题]# #生活美学[话题]# #小巷人家[话题]# #小街小巷收集器[话题]# #林栋哲[话题]# #庄筱婷[话题]# #林栋哲庄筱婷[话题]# #时代峰峻[话题]#",
8150,female,31-35,968587,日本交通-自行车教程,"1、使用:日本的自行车都比较贵(人民币1000多起步)要爱惜哦;小红书上有卖2手的可以自己搜,运气好的话也有200元一辆的[赞R]。友情提示:有的酒店可以免费租用哦! 2、规则:日本自行车上路要求,不可以载人,不可以没车灯... 3、骑行:日本车辆一般靠左行驶,每条道路都有自行车道,有的自行车道和人行道分开,有的和人行道是一条。大胆骑行就行!有时候道路维修你可以去右侧人行道骑行!反正我经常看到人行道上逆行的(这个不太懂,有懂得老铁可以补充) 4、停车:一般商店钱都有免费自行车停车处!但是繁华市区禁止停车,会有提示。不过禁停区域周边会有收费停车厂,一般2小时免费(无料),也有4小时免费的!大胆停就好收费也不贵!有的有机械臂,停了自动给你上锁,走的时候在旁边上输入停车号,自动开锁(前两小时免费的话)。有的无人管收费停车场,也没设备,一般说是两小时内免费,但是好像没人管。 5、修车:一般大商场旁边会有修车店,一般买自行车的地方可修车。也可以去bic camera买自行车零件自己修#自行车[话题]# #日常骑行[话题]# #日本自由行[话题]# #日本[话题]# #日本骑行[话题]# #日本出行[话题]# #日本自行车[话题]# #日本代购[话题]# #签证[话题]# #日本旅行攻略[话题]#",
8150,female,31-35,1395010,11.23实拍|能见度10的雪盖富士山终于轮到我,"“谁能凭爱意将富士山私有” 是我!是我!是我!🙋🏻 来日本前面两天不是下雨就是多云笼罩 一点富士山的影子都看不到 真的以为富士山之行要留遗憾了 没想到今天一早6点半打开窗,一整个富士山就在眼前 不仅大放晴,还能见度超高,雪顶也铺上了~ 借了旅馆的单车沿着河口湖骑行 一路开去枫叶回廊和大石公园方向 沿途都是枫叶、芦苇荡、银杏、波光粼粼的湖面 真的好美啊! 后面几天的能见度都不错 这个季节来看富士山 墙裂建议一定要沿河口湖骑行游览一次 - 🚴分享我的骑行路线: 河口湖西宫庄旅馆(P8.P9)➠八木崎公园(P6)➠河口湖大桥(P4)➠枫叶回廊(P10)➠古贺政男纪念公园(P11-13)➠长崎公园(P1.P2.P14)➠沿路返回(体力充足还可以一路开去大石公园) - 来了才知道,原来不是每个本地人都看见过富士山 很多本地游客见到富士山比我们还激动 第一次来就看到能见度这么高的真的很幸运 真想分享这份旅行的好运给大家 - #日本旅行[话题]# #富士山[话题]# #秋游记[话题]# #留下我的赏秋机位[话题]# #冬日旅行收藏夹[话题]# #秋天枫叶拍照[话题]# #秋天赏枫叶[话题]# #原来动漫里的场景真的存在[话题]# #不为打卡的旅行[话题]# #逛逛雪山下的城市[话题]# #令人难忘的景点[话题]# #旅行随手拍[话题]# #日本富士山[话题]# #河口湖[话题]# #富士山河口湖[话题]#",./images/mnt/ali-sh-1/usr/lihaitao/process_0106/image/part_59/598730/2630189.jpg|./images/mnt/ali-sh-1/usr/lihaitao/process_0106/image/part_59/598730/2630190.jpg|./images/mnt/ali-sh-1/usr/lihaitao/process_0106/image/part_59/598730/2630191.jpg|./images/mnt/ali-sh-1/usr/lihaitao/process_0106/image/part_59/598730/2630192.jpg|./images/mnt/ali-sh-1/usr/lihaitao/process_0106/image/part_59/598730/2630193.jpg|./images/mnt/ali-sh-1/usr/lihaitao/process_0106/image/part_59/598730/2630194.jpg|./images/mnt/ali-sh-1/usr/lihaitao/process_0106/image/part_59/598730/2630195.jpg|./images/mnt/ali-sh-1/usr/lihaitao/process_0106/image/part_59/598730/2630196.jpg
8150,female,31-35,1391930,一张图带你了解富士山|附温泉酒店测评♨️,"秋冬的富士山真的很美 下雪天泡着温泉,甚是惬意 我见过富士山的一年四季 想起陈奕迅那句歌词 谁能凭爱意要富士山私有 整理了富士山3日游攻略 供大家参考[派对R] 📮【路线参考】 D1️⃣ ❶新宿站有大巴直达河口湖站,单程1h45min,2000日元,或者坐JR/富士急行线也可以 ❷抵达河口湖 ❸大石公园:小花&芦苇荡&咖啡厅,拍照很好看 ❹长崎公园:看富士山与湖面倒影 ❺枫叶回廊:红叶季必去 D2️⃣ ❶河口湖美术馆 芝生广场 ❷河口湖大桥:站在桥上看富士山 ❸罗森河口湖站前店:河口湖很多罗森店前都可看到富士山 ❹河口湖天上山公园:坐缆车上山,俯瞰湖景、城镇、富士山 ❺新苍山公园:15min上到山顶,远眺富士山&俯瞰城镇 ❻日川时计店:街道和富士山同框 D3️⃣ ❶忍野八海:若时间有限,可舍弃此处 ❷山中湖环湖游玩:日出时分湖面还有梦幻晨雾 ❸长池亲水公园:租个自行车绕湖骑行观景 ❹平野の浜:看倒影的绝佳之处(山、人、湖) ❺回东京 ⭐️【温泉酒店评测】 推荐5家非常不错的富士山温泉酒店(排名不分先后),另外告诉大家一个小妙招,通过Klook订可以享受额外优惠(新客9折优惠码 KLOOKXHSNEW ),还送新干线95折券,非常划算,我日本旅行都常用Klook,酒店、交通、门票、一日游等一应俱全,详见图11 ❶湖乐御宿富士吟景 位于富士河口湖畔,房间及露天温泉可以直接看到富士山,饭店的一泊二食相当实惠 ❷风之露台KUKUNA酒店 新装修设施新,也可以远眺富士山和河口湖,自助早餐很精致又好吃,露天浴池也很棒 ❸秀峰阁 湖月 在湖边,正对着富士山,房间内就能欣赏富士山,温泉很舒服,…",
8150,female,31-35,1503552,11.27的富士山,"提前一天看了天气决定要来,能见度10是真的,山顶有积雪 #被雪山治愈的瞬间[话题]# #富士山[话题]# #富士山河口湖[话题]#",./images/mnt/ali-sh-1/usr/lihaitao/process_0106/image/part_105/1056606/4746384.jpg|./images/mnt/ali-sh-1/usr/lihaitao/process_0106/image/part_105/1056606/4746385.jpg|./images/mnt/ali-sh-1/usr/lihaitao/process_0106/image/part_105/1056606/4746386.jpg
8150,female,31-35,1258599,关于箱根缆车,坐过箱根缆车的嘴真的都挺严的 排队排了巨长时间!! 下了一段缆车 还要再排第二段[叹气R] 到了缆车排队的地方才发现缆车可以提前预约 但是当天貌似不太行 因为这次没预约感觉排了快两个小时吧 真的建议能预约的都提前预约一下[叹气R] #箱根[话题]# #箱根旅行[话题]# #箱根缆车[话题]# #箱根大涌谷缆车[话题]#,./images/mnt/ali-sh-1/usr/lihaitao/process_0106/image/part_93/936659/4216957.jpg
8150,female,31-35,1225817,"十一月末去日本, 河口湖还是箱根","去东京前想留两天,姐妹们推荐河口湖还是箱根呢 想泡温泉,远看富士山,顺便看看风景,参观点啥 想要住日式那种酒店,房间里吃怀石😂😂 求推荐#酒店推荐[话题]# #河口湖[话题]# #箱根[话题]#",./images/mnt/ali-sh-1/usr/lihaitao/process_0106/image/part_90/905338/4079400.jpg
8150,female,31-35,1557498,箱根到河口湖交通攻略终于搞明白了!,"从箱根游玩完后要前往富士山河口湖,以桃园台为例:出发站:箱根桃源台站(始发时间为早上7:30) 车名与乘车路线:【新宿・箱根線[W]30便】(新宿駅西口[小田急ハルク前]行) 换乘路线:御殿场站 换乘【富士急行线】御殿场-河口湖站(河口湖行) 到达站:河口湖站 合计时间:约150分钟 其他站点的话路线可以看p2-p6 ,有什么问题可以发出来讨论🙋 #我的小众旅行攻略[话题]# #箱根旅行[话题]# #河口湖交通[话题]# #箱根到河口湖[话题]# #日本旅行攻略[话题]#",./images/mnt/ali-sh-1/usr/lihaitao/process_0106/image/part_75/756188/3389095.jpg|./images/mnt/ali-sh-1/usr/lihaitao/process_0106/image/part_75/756188/3389096.jpg|./images/mnt/ali-sh-1/usr/lihaitao/process_0106/image/part_75/756188/3389097.jpg|./images/mnt/ali-sh-1/usr/lihaitao/process_0106/image/part_75/756188/3389098.jpg|./images/mnt/ali-sh-1/usr/lihaitao/process_0106/image/part_75/756188/3389099.jpg|./images/mnt/ali-sh-1/usr/lihaitao/process_0106/image/part_75/756188/3389100.jpg|./images/mnt/ali-sh-1/usr/lihaitao/process_0106/image/part_75/756188/3389101.jpg|./images/mnt/ali-sh-1/usr/lihaitao/process_0106/image/part_75/756188/3389102.jpg
8150,female,31-35,1484039,河口湖三天两晚看这里 上篇,"东京行程的最后为了花火大会所以放在了周末 东京站到河口湖站 提前一个月订了富士急行巴士(图三)带着孩子所以选择点对点的大巴 两大一小网络价格4750日元,全程指定席 还有洗手间 2小时左右可达富士地区 住宿:河口湖度假酒店 含早1300元/晚 离车站1公里有酒店巴士 购买了缆车➕游览船➕2日周游巴士的套票 游船和缆车是redline 第九站 我们下午去的所以基本不需要排队 游船20分钟 缆车送到山顶 上面很小有个秋千500日元一次 3:30关门 每一处的富士山都很美根本不需要罗森富士山 晚餐:车站对面的 ほうとう店 生意不错 晚上七点关门 提前就会不接客 day2 河口湖生活馆 森林音乐美术馆 具体下篇再说",./images/mnt/ali-sh-1/usr/lihaitao/process_0106/image/part_63/635977/2800259.jpg|./images/mnt/ali-sh-1/usr/lihaitao/process_0106/image/part_63/635977/2800260.jpg|./images/mnt/ali-sh-1/usr/lihaitao/process_0106/image/part_63/635977/2800261.jpg|./images/mnt/ali-sh-1/usr/lihaitao/process_0106/image/part_63/635977/2800262.jpg|./images/mnt/ali-sh-1/usr/lihaitao/process_0106/image/part_63/635977/2800263.jpg|./images/mnt/ali-sh-1/usr/lihaitao/process_0106/image/part_63/635977/2800264.jpg|./images/mnt/ali-sh-1/usr/lihaitao/process_0106/image/part_63/635977/2800265.jpg|./images/mnt/ali-sh-1/usr/lihaitao/process_0106/image/part_63/635977/2800266.jpg
8150,female,31-35,1279461,富士山之行会惩罚每一个P人,"[点赞R]去富士山:提前买了新宿-河口湖的巴士票(提前一天半买的,2200),虽然有点晚点但总算也摇晃到了 返程的票没提前买巴士是因为不确定想玩到几点(我们p人是这样的),刷小红书攻略说不着急,就一直等到快要走了才去买的,在河口湖车站买了河口湖-大月站的富士山急行线,1170 [叹气R]重点来了 到了大月站之后,因为我没有IC卡,只能去机器上买票。旁边有一个工作人员,我就想让她直接帮我买大月站-仙台的票,省去我到了东京再买票的时间 她帮我买了大月站-新宿的JR急行和东京-仙台的新干线,总共13370,给了我3张票(当时太着急了没拍),分别是两张大月站-新宿和一张东京-仙台 我进的时候塞了一张乘车票进去,但忘记拿出来了,问了工作人员说没问题。等到了新宿出站时,我把另一张大月站-新宿的票塞进去了,没弹出来,我就直接走了旁边的人工通道 坐J R线到东京站之后还去美美吃了寿司🍣(这家确实挺好吃的) [哭惹R]重中之重来了 塞仅剩的一张票进不去!!跟工作人员你画我猜半天,他跟我说他没时间去新宿给我找票,让我再买一张[哭惹R][哭惹R]损失了300大洋,重新花6050买了一张车票[捂脸R] 真的不要买联程啊!!日本交通会惩罚每一个不做攻略的p人[再见R][再见R] 插句题外话,幸好在富士山到处问人换了点现金,不然真没钱买票了[失望R] #东京[话题]# #东京交通攻略[话题]# #富士山一日游[话题]# #河口湖[话题]# #富士山回东京[话题]#",
8150,female,31-35,1197036,河口湖内交通真急死个P人,"河口湖内有红蓝绿三条线,都是环线。只有两日通票,大人1700。可以在河口湖站里面最边上的售票厅排队购买。如果不买通票,可以刷西瓜卡。只可以购买当日,就算是晚上也只能买当天开始的。运行时间差不多是9:00-17:00左右,红线经营的相对晚点,别的结束更早。通常景点基本都在红线上,但也得三条线一起买。不包括山口湖。就一些当地公园、美术馆的景点。 这个公交真的急死个人,你说他准点吧,我晚一分钟眼见着车开走了,直接等了半小时,当中少了一班。距离不算长,还会碰到塞车延误。运气不好还挤不上去。就连买二日票都排队半小时以上你敢信。[暗中观察R] 所以如果没有租车,真的玩不了几个景点。复盘了半天,玩两个地方差不多了。除非超级大J人,安排的明明白白可挑战三个。当然其实定个带温泉的酒店,躺在房里乖乖看富士山就好了,根本没必要跑来跑去的。 除了公交车还要好好利用酒店、温泉酒店、游乐园等shuttle bus 。一般时间在酒店的官网上可以查询到,热门的眺望温泉♨️免费接驳车还需要在网上先预定。河口湖站门前有个长方形广场,有10个站台。一般10号站台就是自家酒店接人的地方。[害羞R][害羞R] 想看个日出、日落啥的真的就是得暴走,因为交通真的很不方便,能租车效率会高很多。打车超级贵,我试过打八公里,4600元。三公里的话大概1700。给大家做参考。河口湖站有个taxi等候点,但是车也非常少,扬招也失败了,最后吃个饭,然后厚脸皮的求饭店里的老板直接给打的电话,不然我都说不清楚我在哪里。通常十分钟就来了。如果自己可以打电话可以试试最后一张图上的电话,旅客中心简报上看到的。天黑了,荒郊野岭真的很无助(为了看烟…",./images/mnt/ali-sh-1/usr/lihaitao/process_0106/image/part_102/1023452/4606784.jpg|./images/mnt/ali-sh-1/usr/lihaitao/process_0106/image/part_102/1023452/4606785.jpg|./images/mnt/ali-sh-1/usr/lihaitao/process_0106/image/part_102/1023452/4606786.jpg|./images/mnt/ali-sh-1/usr/lihaitao/process_0106/image/part_102/1023452/4606787.jpg|./images/mnt/ali-sh-1/usr/lihaitao/process_0106/image/part_102/1023452/4606788.jpg|./images/mnt/ali-sh-1/usr/lihaitao/process_0106/image/part_102/1023452/4606789.jpg|./images/mnt/ali-sh-1/usr/lihaitao/process_0106/image/part_102/1023452/4606790.jpg|./images/mnt/ali-sh-1/usr/lihaitao/process_0106/image/part_102/1023452/4606791.jpg
8150,female,31-35,941951,富士急行巴士|三岛~河口湖往返巴士攻略,"三岛⬅️➡️河口湖往返的富士急行巴士。 🚌车次: 去程: 三岛站南口(2号站台)➡️富士山山中湖➡️富士急乐园➡️河口湖(6号站台) 每天共有10个车次 1.三岛站南口(2号站台)发车-08:20/09:20/10:20/11:20/12:20/13:20/13:50/14:20/15:20/16:20 2.富士山山中湖- NA/10:25(后面车次时间以此类推) 3.富士急乐园-09:30(后面车次时间以此类推) 4.河口湖(6号站台)—09:40/10:50/11:50/12:50/13:50/14:50/15:20/15:50/16:50/17:50 回程: 河口湖站(6号站台)➡️富士急乐园➡️富士山山中湖➡️三岛站北口➡️三岛站南口(2号站台) 每天有13个车次 1.河口湖站(6号站台)发车-09:20/09:55/10:20/10:55/11:20/12:20/13:20/14:00/15:00/16:00/17:0017:50/19:10 2.富士急乐园-09:30(后面车次以此类推) 3.富士山山中湖-09:45(后面车次以此类推) 4.三岛站北口-10:50(后面车次以此类推) 5.三岛站南口(2号站台)-11:00/11:35/12:00/12:35/13:00/14:00/15:00/15:40/16:40/17:40/18:40/19:2020:40 🎫单程票价: 1.成人:145元/人 2.儿童:80元/人 指️提示: 全程行驶时间约1.5小时,可提前一个月预定,可选座。 预定前需仔细确认出行日期及班次时间,预订成功后会提供乘车凭证,出发前一天可改签(…",./images/mnt/ali-sh-1/usr/lihaitao/process_0106/image/part_99/994517/4476200.jpg|./images/mnt/ali-sh-1/usr/lihaitao/process_0106/image/part_99/994517/4476201.jpg|./images/mnt/ali-sh-1/usr/lihaitao/process_0106/image/part_99/994517/4476202.jpg|./images/mnt/ali-sh-1/usr/lihaitao/process_0106/image/part_99/994517/4476203.jpg|./images/mnt/ali-sh-1/usr/lihaitao/process_0106/image/part_99/994517/4476204.jpg
8150,female,31-35,1379382,箱根-河口湖交通,"我们住的箱根雪月花温泉,出门左手边就是强罗车站和登山小火车。窗口人工买的箱根两日票图4,一人5000日元,可以无限次乘坐当地各种交通工具。 凭这个票第二天可以直接坐公交巴士去御殿场站,班次见图5。因为直达御殿场站班次太早,我们先坐车去御殿场打折村,同站台下来立马扫码见图6买了去河口湖的巴士。中间等待的时间还可以逛一下打折村,欣赏下富士山🗻 #箱根[话题]##河口湖[话题]##御殿场到河口湖[话题]#",./images/mnt/ali-sh-1/usr/lihaitao/process_0106/image/part_80/802431/3606815.jpg|./images/mnt/ali-sh-1/usr/lihaitao/process_0106/image/part_80/802431/3606816.jpg|./images/mnt/ali-sh-1/usr/lihaitao/process_0106/image/part_80/802431/3606817.jpg|./images/mnt/ali-sh-1/usr/lihaitao/process_0106/image/part_80/802431/3606818.jpg|./images/mnt/ali-sh-1/usr/lihaitao/process_0106/image/part_80/802431/3606819.jpg
8150,female,31-35,1334949,箱根强罗至河口湖超清晰交通攻略,"不迷路指南 如果你打算从箱根去到河口湖,这篇交通指南还请收藏。 前几篇有提到住箱根强罗站的优势,这里不再赘述。从箱根到河口湖没有直达的公共交通,如果住在强罗站附近,可以将交通简化2️⃣段,需要在御殿场奥特莱斯中转一下。 [一R]强罗站 — 御殿场奥特莱斯 强罗站比较小,巴士站很好找,基本只要看到排队的站台,就是要搭乘的M线。站牌见图3️⃣,M线时刻表见图2️⃣(分为平日和周末,第一列为小时,第二列是分钟,比如第一班是9:46)。这时买箱根周游券的好处就体现了,只要周游券未过期,上下车出示周游券即可。至终点站御殿场奥特莱斯下车,实测行驶时间约为40分钟。 [二R]御殿场奥特莱斯 — 河口湖 从M线巴士下来,差不多同站台,即3️⃣号站台就是去往河口湖的巴士站。站牌见图4️⃣,由于这个巴士是上高速的,实行一人一座,车票相对紧张,建议直接扫站牌上的二维码购票,不要等发车前工作人员来了再买,可能会买不到当次车票。用手机自带扫码功能扫码,始发站和到达站选择见图5️⃣,首选VISA卡支付。我们坐的是12:40的特急,实测行驶时间约为50分钟。 这里请注意一下图7️⃣的时刻表,特急只停两站,富士急和河口湖,全程约60分钟,但一天只有两班,12:40和15:40。其他的班次属于站站停,全程可能需要110分钟,时长翻倍。所以如果要搭乘特急,一定要算好前序M线的时间,以及下车立马扫码购买车票。我们是周中去的,有不少人是等车来了才找司机买票的,最后车上空位所剩不多。可以想象周末是什么样的情况。 到达河口湖站后,可以选择当地的交通路线前往酒店或者开始游玩。也可以搭乘酒店的shuttle bus 前往酒店…",
8150,female,31-35,1013368,✅最新版|东京👉富士山交通攻略(超详细,"去日本的宝子没有不想去富士山的吧❓ 11月后的富士山漫山红叶与皑皑白雪交相辉映 真的算是颜值巅峰期了[萌萌哒R] 那句“谁能凭爱意将富士山私有”🎶 仿佛在这一刻变得触手可及 东京到富士山距离140km,出国游zui麻烦的就是交通啦,下面附上交通攻略👇 ✅交通方式 1️⃣JR 从新宿站直达河口湖,但每天只有四班车 PS.至少得提前一周在官网购买,每天只有四班车,价格略高❗️ 2️⃣巴士直达 搜索highwaybus购买 准点发车,上车点难找,要预留充分的时间,如果没有赶上,当天是买不到第二张车票的[捂脸R] 3️⃣列车(JR中央线+富士急行线) 新宿站乘坐👉JR中央线到大月站换👉富士急行线至河口湖下 ❗️这个方法中间需要换乘,对拿行李的宝子不太友好 4️⃣包车 可以从东京任何地点上门来接,适合家庭出游、英文日文不好、带行李物件多的宝子。而且可以自己设置途径点,把行李放车上,下车打卡景点,还可以解放双手👐 注意!!️从东京坐公共交通只能到达河口湖,如果想要在有限的时间内,去到更多的景点,包车是首选! ✅富士山打卡机位 🔸日川时计店 超火街道打卡点,整条路都直对着富士山,嘎嘎出片,但是得注意来往车辆哦 🔸河口湖 罗森便利店排队拍照,人超多,推荐走远一点去河口湖町役场前的罗森,人会少很多 🔸忍野八海 是一个小的村落,可以看见富士山,还有一条室内购物街 ...... PS.富士山各景点距离很远,需要坐公交,Google显示的班次和站点是英文,很容易就坐错公交车了,所以还是建议选择包车游🚗 ✅2日游线路 D1:东京—忍野八海—日川时计店—河口湖—富士山 D2:富士山—大涌谷—箱根神社—芦之…",./images/mnt/ali-sh-1/usr/lihaitao/process_0106/image/part_75/752316/3371939.jpg|./images/mnt/ali-sh-1/usr/lihaitao/process_0106/image/part_75/752316/3371940.jpg|./images/mnt/ali-sh-1/usr/lihaitao/process_0106/image/part_75/752316/3371941.jpg|./images/mnt/ali-sh-1/usr/lihaitao/process_0106/image/part_75/752316/3371942.jpg|./images/mnt/ali-sh-1/usr/lihaitao/process_0106/image/part_75/752316/3371943.jpg|./images/mnt/ali-sh-1/usr/lihaitao/process_0106/image/part_75/752316/3371944.jpg|./images/mnt/ali-sh-1/usr/lihaitao/process_0106/image/part_75/752316/3371945.jpg|./images/mnt/ali-sh-1/usr/lihaitao/process_0106/image/part_75/752316/3371946.jpg
8150,female,31-35,1546598,"河口湖→御殿场奥莱,公交太久,但是风景甚美","河口湖站6号站台,直接排队坐就是了 我坐的10.30的,公交一样的巴士,停的站点有点多 过去2小时。。。。 我记得有攻略说是有急行直达的,只要1小时 有知道的可以滴滴我[笑哭R][失望R] 但是也有好处!一路上!!经过山中湖,富士山,基本上等于周游富士山了!大大小小各种景点都停! 我在山中湖角落看见了富士山的奶盖!![哇R][哇R] 对于目的地不明确,时间充裕的,完全可以坐上去兜一圈,想去的景点就下车~还是很惬意的 #游记[话题]# #一日游[话题]# #一个人的旅行[话题]# #旅行日记[话题]# #旅行[话题]# #出去玩[话题]# #动车[话题]# #travel[话题]# #出境游[话题]# #富士山河口湖[话题]# #富士山旅行[话题]# #山中湖观富士山[话题]# #富士山箱根周游券[话题]#",./images/mnt/ali-sh-1/usr/lihaitao/process_0106/image/part_110/1100122/4932018.jpg
8150,female,31-35,809540,没人写的!箱根汤本➡️御殿场➡️河口湖交通,"⚠️箱根汤本➡️御殿场可以用周游券(最后2张图)最好早上过去,不然就要转车才行没那么方便 1⃣️御殿场➡️河口湖 真的找不到这个攻略,没人写! 都是现场去摸索着买的,希望对你们有帮助 2⃣️到图2-3的位置,打图4电话需要会英文, 如果不会可以找工作人员帮忙 3⃣️车辆都是预约制 但是我看见有的人来了有位置一样可以上车 4⃣️报姓名给纸条,下车付款的,车很快也很舒服,睡到河口湖 有不明白可以留言给我,还有啊御殿场其实没有多划算,箱根只有早上直达车过来,去河口湖只有下午时间,故意要你留着买东西 5⃣️最后一张图是谷歌截图, 9点发车,倒数第二张图片位置排队上车 周游券出示一下就可以 #游记[话题]# #日本旅行[话题]# #日本旅行攻略[话题]# #箱根汤本[话题]# #河口湖[话题]# #御殿场奥特莱斯[话题]# #河口湖[话题]#",
8150,female,31-35,934622,nan,河口湖往返御殿场奥特莱斯bus时刻表 千万别坐错车啦!!#富士山河口湖[话题]# #日本御殿场奥特莱斯[话题]# #巴士时刻表[话题]# C2 !C2 !C2!,./images/mnt/ali-sh-1/usr/lihaitao/process_0106/image/part_99/997854/4490620.jpg|./images/mnt/ali-sh-1/usr/lihaitao/process_0106/image/part_99/997854/4490621.jpg|./images/mnt/ali-sh-1/usr/lihaitao/process_0106/image/part_99/997854/4490622.jpg|./images/mnt/ali-sh-1/usr/lihaitao/process_0106/image/part_99/997854/4490623.jpg|./images/mnt/ali-sh-1/usr/lihaitao/process_0106/image/part_99/997854/4490624.jpg|./images/mnt/ali-sh-1/usr/lihaitao/process_0106/image/part_99/997854/4490625.jpg|./images/mnt/ali-sh-1/usr/lihaitao/process_0106/image/part_99/997854/4490626.jpg|./images/mnt/ali-sh-1/usr/lihaitao/process_0106/image/part_99/997854/4490627.jpg
8150,female,31-35,968835,看富士山再也不去河口湖了!御殿场奥莱真香,"自由行的第一大优势,行程由我不由天! 因为今天富士山能见度10-20%,临时决定去箱根玩玩。从河口湖出发去箱根的路上,bus会经停御殿场outlet station,想着怎么也是全日本最大的奥特莱斯,就去逛逛吧~ 重在选择,惊喜来了! 上午10:30在河口湖的时候富士山是图5的样子,中午到了御殿场奥莱富士山就挂在眼前,图1-图4,而且各个角度都可以看到!真的超级幸运有没有?河口湖还是看不到,心疼去河口湖看山的友友们~ 建议后见面想看富士山的朋友可以来御殿场奥莱,这样既可以观景色又可以逛街两不误。 晚些我整理一下在奥莱的收获~价格是真便宜啊!#御殿场奥特莱[话题]# #富士山拍照机位[话题]# #日常碎片PLOG[话题]# #日本自由行[话题]# #箱根旅行[话题]# #河口湖富士山最佳机位[话题]#",
8150,female,31-35,1033015,富士山-河口湖呆一天嫌多,"说实话富士山就是一座山,住一晚足够了,真没啥好玩的。经验不足竟然买了回程票,第二天上午毅然决定去御殿场,不再回河口湖坐大巴去新宿。所以回程不需要提前买票,觉得不好玩了就随时跑路。我到河口湖尺到了ticket Office直接把去新宿的票退了,买了去御殿场outlet的巴士票,就是个破破的公交车,哈哈现在过去路上。",./images/mnt/ali-sh-1/usr/lihaitao/process_0106/image/part_88/882829/3982529.jpg|./images/mnt/ali-sh-1/usr/lihaitao/process_0106/image/part_88/882829/3982530.jpg|./images/mnt/ali-sh-1/usr/lihaitao/process_0106/image/part_88/882829/3982531.jpg|./images/mnt/ali-sh-1/usr/lihaitao/process_0106/image/part_88/882829/3982532.jpg|./images/mnt/ali-sh-1/usr/lihaitao/process_0106/image/part_88/882829/3982533.jpg|./images/mnt/ali-sh-1/usr/lihaitao/process_0106/image/part_88/882829/3982534.jpg|./images/mnt/ali-sh-1/usr/lihaitao/process_0106/image/part_88/882829/3982535.jpg|./images/mnt/ali-sh-1/usr/lihaitao/process_0106/image/part_88/882829/3982536.jpg
8150,female,31-35,1230877,🆘从御殿场奥莱最晚几点可以回河口湖,"大早起没看到富士山🗻,本来想下午转一下山中湖的平野之滨,结果却做过了站直接到了御殿场,就顺道去了奥莱,但本来打算今天回东京的,不知道奥莱去河口湖最晚几点,求助家人们!!",
8226,male,26-30,1575397,车评人不敢说 那我来说,"这辆车足够展现目前的华为合作的车企没有设计自信 1.作为一辆要买到这个价位的车,我实在是不理解为什么还要“致敬”外企的豪车设计,这不就是恰恰证明,没有双拼色,没有大饼轮毂就觉得自己配不上这个价位么? 2.从问界m5开始“致敬”macan,到现在已经做到月销这么高,如果到现在还没有自己的设计语言,和文化自信,那如何才能站稳高端市场,难不成要想卖到高端价位,只能不断的跟随宾利 劳 迈巴赫么 3.我们国产并不是没有好的设计产品,极星 阿维塔 蔚来 理想,都有很强的家族风格和设计体系。并且也都得到了消费者的认可。可是到了各种“界”这里,代表我们国家尖端科技的华为,不能再这样靠借鉴来设计车了。 4.例如比亚迪的仰望,虽然设计的丑,但贵在有自己的辨识度,有自己的技术去撑起高端的售价,这完全没问题的。这尊界难道只想靠一个看似豪华的名字和借鉴的外观撑起这样的售价么? 5.车评人可能由于被充值,或者不敢面对华为说真话,看完之后都发表自己被强大气场被震撼,被豪华感所征服,说属于中国的豪华车终于来了。我看到真是面红耳赤,这难道不是一种狐假虎威么(因为实在很像迈巴赫)。如果大部分车评人都不敢说真话,那车评的意义在于什么?帮厂家说话,拿钱办事?不客观做什么车评人! 6.举例说一辆我觉得还不错的豪华车:雷克萨斯的ls不借鉴依然能做到很好的豪华感,做到属于自己设计风格的豪华。我们国家的内涵和文化远远强于日本,我们更应该做出属于自己国家审美的豪华车。 7.正是看到中国车这些年的崛起,看到这么大的品牌现在还在走借鉴这条路,深觉“付不起的阿斗”,希望好的公司可以走难而正确的路,也希望中国的车企并不是昙花一现。 以…",./images/mnt/ali-sh-1/usr/lihaitao/process_0106/image/part_65/651002/2887688.jpg|./images/mnt/ali-sh-1/usr/lihaitao/process_0106/image/part_65/651002/2887689.jpg
8226,male,26-30,1932556,犀牛不知道怎么多出来几个相同的功能,#犀牛[话题]# #犀牛建模[话题]# #求助[话题]# #建模[话题]#,./images/mnt/ali-sh-1/usr/lihaitao/process_0106/image/part_79/793540/3556163.jpg
8226,male,26-30,1358015,原来看大众平台打分是这样看的,"#美食[话题]# #探店[话题]# #选餐厅[话题]# #走街窜巷找美食[话题]# 好吃的店一般开的比较久了,都是社区楼下的,很少再去打分。3.8-4.2分的,真的可以",./images/mnt/ali-sh-1/usr/lihaitao/process_0106/image/part_74/743910/3334831.jpg|./images/mnt/ali-sh-1/usr/lihaitao/process_0106/image/part_74/743910/3334832.jpg|./images/mnt/ali-sh-1/usr/lihaitao/process_0106/image/part_74/743910/3334833.jpg
8226,male,26-30,1279628,"探索纹理新境界,艺术和科技的融合。",#CMF[话题]# #阳极氧化[话题]# #生活美学[话题]# #外观设计专利[话题]# #工业产品外观设计[话题]# #创新外观工艺[话题]# #图案纹样设计[话题]# #手机外壳[话题]# #纳米纹理[话题]# #私人订制[话题]#,./images/mnt/ali-sh-1/usr/lihaitao/process_0106/image/part_86/864974/3890739.jpg|./images/mnt/ali-sh-1/usr/lihaitao/process_0106/image/part_86/864974/3890740.jpg|./images/mnt/ali-sh-1/usr/lihaitao/process_0106/image/part_86/864974/3890741.jpg|./images/mnt/ali-sh-1/usr/lihaitao/process_0106/image/part_86/864974/3890742.jpg|./images/mnt/ali-sh-1/usr/lihaitao/process_0106/image/part_86/864974/3890743.jpg
8226,male,26-30,1166160,圣诞饼饼露露+ʚ🐰ིྀɞʚ🐶ྀིɞ💕🩵,粉蓝色和小公主们绝配🩵🩷答应了要和你们过每个圣诞节 ❄️🎄期待下次见啦[萌萌哒R][萌萌哒R] #露露[话题]# #星黛露[话题]# #可琦安[话题]# #饼饼[话题]# #圣诞饼饼[话题]# #壁纸[话题]#,./images/mnt/ali-sh-1/usr/lihaitao/process_0106/image/part_59/596643/2620762.jpg|./images/mnt/ali-sh-1/usr/lihaitao/process_0106/image/part_59/596643/2620763.jpg|./images/mnt/ali-sh-1/usr/lihaitao/process_0106/image/part_59/596643/2620764.jpg|./images/mnt/ali-sh-1/usr/lihaitao/process_0106/image/part_59/596643/2620765.jpg|./images/mnt/ali-sh-1/usr/lihaitao/process_0106/image/part_59/596643/2620766.jpg
8226,male,26-30,1308678,一人一句他的台词,#画画[话题]# #插画[话题]# #唐人街探案[话题]# #头像分享[话题]# #画画的日常[话题]# #原创插画[话题]# #头像约稿[话题]# #绘画日常[话题]# #影视角色[话题]##绘画[话题]#@画画薯 @小红书创作学院,
8226,male,26-30,855926,求助建模!,求教犀牛建模大佬! 蓝色框的 这种形状怎么建模! 求求!谢谢谢谢!,
8226,male,26-30,1692748,"MUJI最良心产品,没有之一","无印良品的卡夹 全铝合金打造 边缘都做了打磨处理没毛刺 做工好,容量大,没任何恶心的品牌logo 20来块,居然还有双面弹簧夹 金属爱好者狂喜 神一样的单品 【PS:因为这是个密闭的全金属盒子,形成了一个完美的法拉第电笼,所以它的优点是可以防止近场感应盗刷卡 (也就是贴卡消费,被刷身份证之类的操作,和RIMOWA卡夹宣传的那个科技感满满的功能是一模一样的,但其实是结构决定的,跟他们工艺和技术一点关系都没有)】",
8226,male,26-30,1214339,打工人必备apple id 头像,原图放后面啦 大家可以自取 [仙女R][仙女R] #头像[话题]# #apple[话题]# #打工人精神状态[话题]# #appleid头像[话题]# #无事小猫[话题]#,./images/mnt/ali-sh-1/usr/lihaitao/process_0106/image/part_69/695122/3094026.jpg|./images/mnt/ali-sh-1/usr/lihaitao/process_0106/image/part_69/695122/3094027.jpg|./images/mnt/ali-sh-1/usr/lihaitao/process_0106/image/part_69/695122/3094028.jpg|./images/mnt/ali-sh-1/usr/lihaitao/process_0106/image/part_69/695122/3094029.jpg|./images/mnt/ali-sh-1/usr/lihaitao/process_0106/image/part_69/695122/3094030.jpg|./images/mnt/ali-sh-1/usr/lihaitao/process_0106/image/part_69/695122/3094031.jpg|./images/mnt/ali-sh-1/usr/lihaitao/process_0106/image/part_69/695122/3094032.jpg|./images/mnt/ali-sh-1/usr/lihaitao/process_0106/image/part_69/695122/3094033.jpg
8226,male,26-30,1469088,怎么看露露脸甜不甜,有没有仙女帮看看这个正吗?脸甜应该怎么看啊?#她好像知道自己很可爱[话题]# #星黛露公仔[话题]# #星黛露[话题]# #脸甜[话题]# #迪士尼星黛露[话题]#,
8226,male,26-30,1265249,真心建议! 少喂点毒猫条吧,"有很多刚开始养猫的朋友们可能因为经验不足,买猫条之前也没有做足功课,就算买到品质不太好的猫条也完全不知道,小猫咪哪里懂什么是好猫条还是坏猫条呀,没有选到合适的猫条真的是在害猫! ✅希宝猫条 配方是真鱼真肉的,含肉量高达85%我家小猫咪特爱吃这个猫条!是绵密的慕斯质地,适口性很棒,而且没有香精、诱食剂,防腐剂添加,玻璃胃猫咪可以放心吃 ✅阿飞和巴弟 配料表实打实的干净,我家玻璃胃小猫吃着也挺好的,挤出来的肉条很扎实,并且多种口味可以选择 ✅海洋之星 这款功能性猫条口味还是蛮多的,我只买过鸡肉牡蛎的这个含水量会高些,里面还有添加猫咪所需的牛磺酸 ✅万物一口 有挪威超纯鱼油的添加,补充营养的同时还能柔顺毛发,闻着也没什么鱼腥味,我家挑嘴怪也会吃 ✅蓝氏 口味独特丰富,一盒里面有不同三种口味,有优质的鹑/乳鸽添加,营养价值是真的很高,肉条很绵密细腻 ✅尾巴生活 是生骨肉配方的,挑嘴小猫也会很爱!能满足猫咪的食肉天性,特别适合给猫咪解馋一适口性挺好的! ✅探索 肉源都比较稀有,都是产地限定的,满满优质蛋白营养价值丰富!买来给猫咪换换口味还挺好的!完美公式是温和单一的鸡肉配方,含肉量还蛮高的,里面还添加了南极磷虾油,能很好的养护猫咪毛发! ✅布兰德 优质鲜肉为原料,低脂肪高蛋白含量,营养长肉,里面还添加了维生素等营养物质,适合给猫猫日常补充 ✅伊纳宝 平时拿来当零食奖励互动还不错,口味蛮多的,不过感觉都有点胶质感,更适合肠胃好的铁胃猫咪 ✅纯福 挤出来的是很绵密扎实的肉条,单一肉源更易消化不过口味也相对来说基础些,不挑食的猫咪直接入 ✅网易天成 闻着香香的,肉质紧实绵密,猫咪吃起来也很方便…",./images/mnt/ali-sh-1/usr/lihaitao/process_0106/image/part_79/798942/3587107.jpg|./images/mnt/ali-sh-1/usr/lihaitao/process_0106/image/part_79/798942/3587108.jpg|./images/mnt/ali-sh-1/usr/lihaitao/process_0106/image/part_79/798942/3587109.jpg|./images/mnt/ali-sh-1/usr/lihaitao/process_0106/image/part_79/798942/3587110.jpg|./images/mnt/ali-sh-1/usr/lihaitao/process_0106/image/part_79/798942/3587111.jpg
8226,male,26-30,1296220,真的只有我一个人觉得丑吗?,"不是,为什么网上全是好看、尊?这车最基本的设计、线条真的没问题吗?#S800[话题]# #尊界s800[话题]#",
8226,male,26-30,1460031,全网寻找11月23日青浦山姆这两个女的,"11月23日上午10点35分左右,青浦嘉松中路山姆地下车库此两女用购物车把我车又后门砸了个坑,并且底漆都出来了,已报警希望你们看到后主动联系,或者认识此二女的请通知一下他们! ====================================== *更新一下,看来两位小仙女已经看到了还举报了是吧,别急哈帽子叔叔今天告知正在做人像比对,等找上门了可就不大好看了哦[doge][doge][doge] #全网寻找[话题]# #山姆[话题]# #青浦[话题]#山姆停车场 #山姆购物车安全[话题]# #山姆购物车事件[话题]# #山姆停车场混乱[话题]#",./images/mnt/ali-sh-1/usr/lihaitao/process_0106/image/part_63/632943/2786666.jpg
8226,male,26-30,1560329,《毛选》怎么克服畏难情绪,"畏难往往来源于对未知的不了解和恐惧,以及对自己的不自信,害怕失败等,从而焦虑、拖延,放弃了很多的机会。 1、克服害怕失败的心理 革命的道路,同世界上一切事物活动的道路一样,总是曲折的,不是笔直的。 我们不能要求事实上的长胜将军,这是从古以来就很少的。 PS:很多事情并不是一做就能成功的,戒掉完美主义。 2、行动起来 读书是学习,使用也是学习,而且(使用)是更重要的学习。常常不是先学好了再干,而是干起来再学习,干就是学习。 人们的认识,都是一步又一步由低级向高级发展,即由浅入深,由片面到更多的方面。 PS:先完成,再完美。要接受自己此刻认知/能力的不足,正如俗语所说:先学会走再学会跑,给自己成长的空间,没有谁一上来就是王者。 #毛选[话题]# #畏难情绪[话题]# #教员[话题]##伟人[话题]# #毛泽东选集[话题]# #畏难[话题]# #毛选每日一读[话题]# #毛选摘录[话题]#",./images/mnt/ali-sh-1/usr/lihaitao/process_0106/image/part_97/971987/4380012.jpg|./images/mnt/ali-sh-1/usr/lihaitao/process_0106/image/part_97/971987/4380013.jpg
8226,male,26-30,1260451,看到冠佑的手真的忍不住心疼,"以前一直都知道佑爸的手红红的,这次在看台用了比较清晰的设备拍了大屏幕,在团员介绍这一part看到了佑爸红红的手掌,当时就眼泪汪汪,想到佑爸和我妈妈一样大,突然对年龄有了实感,谢谢你们,多多休息,请一定要照顾好自己!🥹🥹🥹",
8226,male,26-30,1953206,创意分享|充电宝的思维革新,"这款充电器设计成手表的形式,使得充电玩手机一手搞定,能够展示时间和剩余电池寿命。简洁设计与时尚外观的搭配,使用户眼前一亮。 #工业设计[话题]##产品设计[话题]##设计考研[话题]# #设计素材[话题]##优秀设计案例[话题]# #好设计看这里[话题]# #笔记灵感[话题]##经典设计[话题]# #设计灵感[话题]# #设计干货[话题]#",./images/mnt/ali-sh-1/usr/lihaitao/process_0106/image/part_93/935459/4211898.jpg|./images/mnt/ali-sh-1/usr/lihaitao/process_0106/image/part_93/935459/4211899.jpg|./images/mnt/ali-sh-1/usr/lihaitao/process_0106/image/part_93/935459/4211900.jpg|./images/mnt/ali-sh-1/usr/lihaitao/process_0106/image/part_93/935459/4211901.jpg|./images/mnt/ali-sh-1/usr/lihaitao/process_0106/image/part_93/935459/4211902.jpg|./images/mnt/ali-sh-1/usr/lihaitao/process_0106/image/part_93/935459/4211903.jpg|./images/mnt/ali-sh-1/usr/lihaitao/process_0106/image/part_93/935459/4211904.jpg|./images/mnt/ali-sh-1/usr/lihaitao/process_0106/image/part_93/935459/4211905.jpg
8226,male,26-30,1928693,"💖星黛露的美,可爱又迷人✨",#梦想起舞吧星黛露[话题]# #星黛露[话题]# #迪士尼冬日巡游[话题]# #达菲和朋友们[话题]#,./images/mnt/ali-sh-1/usr/lihaitao/process_0106/image/part_95/957722/4318682.jpg|./images/mnt/ali-sh-1/usr/lihaitao/process_0106/image/part_95/957722/4318683.jpg|./images/mnt/ali-sh-1/usr/lihaitao/process_0106/image/part_95/957722/4318684.jpg|./images/mnt/ali-sh-1/usr/lihaitao/process_0106/image/part_95/957722/4318685.jpg
8226,male,26-30,1267368,红茶公司 推荐点单!这两杯真的没有对手,"⭐️大溪地香草溪兰 甜度10% 一定要加珍珠! 他家的珍珠很特别qq弹弹糯糯的😍 虽然是冰沙,但拿到手已经变奶茶了 香草溪兰奶味很浓🥛 自从喜茶降价以后 好久没喝过这么好喝的奶茶了[暗中观察R] ⭐️荆棘玫瑰牛乳茶 甜度50%(个人感觉10%也足够了)玫瑰奶缇 加芋圆!!!!! 玫瑰味很重,打开来看满满的玫瑰花瓣🌹 玫瑰奶缇感觉是玫瑰咸奶盖 也吼吼喝 很用心出品的奶茶🥤 ps:一定要在小程序提前点单! 做好直接去拿很方便! #红茶公司[话题]# #红茶公司上海[话题]# #红茶公司深圳[话题]# #红茶公司武汉[话题]# #红茶公司南京[话题]# #红茶公司杭州[话题]# #奶茶推荐[话题]# #上海[话题]# #奶茶[话题]#",./images/mnt/ali-sh-1/usr/lihaitao/process_0106/image/part_99/992475/4467317.jpg|./images/mnt/ali-sh-1/usr/lihaitao/process_0106/image/part_99/992475/4467318.jpg|./images/mnt/ali-sh-1/usr/lihaitao/process_0106/image/part_99/992475/4467319.jpg|./images/mnt/ali-sh-1/usr/lihaitao/process_0106/image/part_99/992475/4467320.jpg
8226,male,26-30,1383896,被裁员后成功入职英伟达,"9月被通知裁员,10月底last day。 如今已经入职英伟达一周时间。 同时拿了华为和pdd的offer。找工作真的太难了,大环境太差。 英子还有大量hc。 大家加油 平时多刷点leetcode哈 ————————————————— 9月️初,美国的manager早上设了1on1,一看到这个早上时间的邀请,我就知道要发生什么了。结果部门下面的中国员工都被layoff。 整个找工作的阶段是无比无比无比无比无比焦虑 😐,我非常幸运有一位可爱的太太一直支持我,每天都为我加油。 其实有许许多多的简历投递都没有任何反应。大部分猎头都是拿到简历后面就消失了,靠谱的猎头少之甚少。再加上许多公司职位重复贴在招聘平台 (公司名匿名,无数猎头发放),导致简历投递的效率低下。 非常感谢一位华为hr,虽然是主动联系我的,但是全程都非常耐心,主动帮我推社招进度,十分专业热心。投递简历的时候找个靠谱的猎头或hr相当重要,内推是最好的选择。 刷题的话,还是要注重质量。 有些很妖的解法(需要死记硬背的)我都没背过,全是理解后自己写一遍,然后接下来几天,每天再写一遍来加深印象。一开始刷的时候,按照题目类型刷会比较高效,我会把每种题型的经典题目每天再刷一遍,直到自己完全相信自己能应付这种题型。 需要面试准备的也可以评论或者私聊我。 ———————————————————— 职位机会可以戳这里,很多岗位机会(可帮忙内推) https://nvidia.wd5.myworkdayjobs.com/NVIDIAExternalCareerSite 最后送大家一张今年初拍摄的挪威极光照。 祝所有人都能找到心仪的工作,运…",./images/mnt/ali-sh-1/usr/lihaitao/process_0106/image/part_88/887592/4003013.jpg|./images/mnt/ali-sh-1/usr/lihaitao/process_0106/image/part_88/887592/4003014.jpg
8226,male,26-30,1705767,不懂就问...这个小萝卜是什么意思??,蕞近...感觉大家都在打卡这个小萝卜! 而且就是北外滩这边每个人手里都有一个 要么就是背着 是哪里可以领吗??为什么大家都有我没有😭😭😭 #北外滩[话题]# #上海探店[话题]# #上海[话题]# #上海萝卜[话题]#,
8455,female,23-25,1598895,婚礼现场🎎40岁之前我终于喝上自己的喜酒🥂,"回看婚礼当天晚宴敬酒环节的一些物料~ 熬到最后一个造型却很兴奋! 可以看得出来喝上自己的喜酒 真的很开心![皱眉R] 没想到32岁的这年,跟自己“讨厌”的人步入婚姻殿堂。 含泪挥别自由自在的单身生活[捂脸R] 谢谢我的魔法师 阿纯的给我打造成红毯女明星,太爱我的敬酒服造型啦!jolipoli的礼服真的能把女人的曲线展现到💯!蚂蚁腰本腰~ 朋友们说我像女明星来参加fanmeeting哈哈哈哈[皱眉R] #jolipoli[话题]# #敬酒服[话题]# #敬酒服造型[话题]# #温州婚礼跟妆[话题]# #婚礼现场[话题]# #喜酒喝起来[话题]##婚礼晚宴[话题]# #女明星红毯造型[话题]# #新娘造型[话题]##温州婚礼[话题]#",
8455,female,23-25,917133,11月27日 大金子怎么了?,#今日金价[话题]# #国际金价[话题]# #结婚三金[话题]# #结婚五金[话题]# #黄金首饰[话题]# #黄金知识[话题]#,./images/mnt/ali-sh-1/usr/lihaitao/process_0106/image/part_67/676035/3006272.jpg
8455,female,23-25,958315,美甲💅🏻|好米秋冬奶茶!,秋冬怎么能缺少软糯奶茶色美甲! #美甲[话题]##秋冬美甲[话题]# #显白美甲[话题]# #温柔美甲[话题]# #氛围感美甲[话题]# #气质高级感美甲[话题]# #耐看美甲[话题]# #奶茶色美甲[话题]# #穿戴甲[话题]##纯欲美甲[话题]#,
8455,female,23-25,1051351,简约高级感婚甲合集💅备婚姐妹值得收藏!!️,"不做美美的婚甲怎么表现仙女落泪啊! ✨建议婚甲以裸色、裸粉色、奶白色、法式为主,可以点缀Bulingbling的钻或者亮晶晶的闪片 ✨简单高级的款式,拍出来肯定超好看的! ⏰一个小提醒: 婚礼仪式有交换戒指环节的话,左手无名指不要贴太大颗的钻喔 #婚甲[话题]# #备婚[话题]# #备婚日记[话题]# #备婚大作战[话题]# #备婚攻略[话题]# #美甲[话题]# #法式美甲[话题]#",./images/mnt/ali-sh-1/usr/lihaitao/process_0106/image/part_62/626368/2757284.jpg|./images/mnt/ali-sh-1/usr/lihaitao/process_0106/image/part_62/626368/2757285.jpg|./images/mnt/ali-sh-1/usr/lihaitao/process_0106/image/part_62/626368/2757286.jpg|./images/mnt/ali-sh-1/usr/lihaitao/process_0106/image/part_62/626368/2757287.jpg|./images/mnt/ali-sh-1/usr/lihaitao/process_0106/image/part_62/626368/2757288.jpg|./images/mnt/ali-sh-1/usr/lihaitao/process_0106/image/part_62/626368/2757289.jpg|./images/mnt/ali-sh-1/usr/lihaitao/process_0106/image/part_62/626368/2757290.jpg
8455,female,23-25,1623991,一眼心动💓的30款美甲~,疯狂心动啊💗 #美甲[话题]# #婚甲[话题]# #超好看的美甲[话题]# #婚纱照美甲[话题]# #结婚美甲[话题]# #超好看的美甲[话题]# #仙女美甲[话题]# #备婚[话题]# #美甲分享[话题]# #高级美甲[话题]#,
8455,female,23-25,842815,公主们👸该换新美甲啦!!(美图分享),#高级美甲[话题]# #美甲还原度挑战[话题]# #气质高级感美甲[话题]# #简约款美甲[话题]# #百搭美甲[话题]# #白月光美甲[话题]# #美甲推荐[话题]# #好看的美甲[话题]# #仙气美甲[话题]# #婚甲[话题]#(图片来源非本人),
8455,female,23-25,1065146,自己收集的一些短指甲美甲💅✨,#小众美甲[话题]# #ins风美甲[话题]# #美甲分享[话题]#,./images/mnt/ali-sh-1/usr/lihaitao/process_0106/image/part_97/973221/4385484.jpg|./images/mnt/ali-sh-1/usr/lihaitao/process_0106/image/part_97/973221/4385485.jpg|./images/mnt/ali-sh-1/usr/lihaitao/process_0106/image/part_97/973221/4385486.jpg|./images/mnt/ali-sh-1/usr/lihaitao/process_0106/image/part_97/973221/4385487.jpg|./images/mnt/ali-sh-1/usr/lihaitao/process_0106/image/part_97/973221/4385488.jpg|./images/mnt/ali-sh-1/usr/lihaitao/process_0106/image/part_97/973221/4385489.jpg|./images/mnt/ali-sh-1/usr/lihaitao/process_0106/image/part_97/973221/4385490.jpg|./images/mnt/ali-sh-1/usr/lihaitao/process_0106/image/part_97/973221/4385491.jpg
8455,female,23-25,1382084,急❗简约婚甲选哪个?,"选了一些简约大气白搭的新娘美甲款式,感觉这样带钻戒💍方便,怕指甲上的钻太大喧宾夺主[害羞R] 姐妹们看看你们的婚甲呀。 投票来看看哪个好看吧[暗中观察R] #婚甲[话题]# #帮我选美甲[话题]# #在小红书做美甲[话题]# #新娘美甲[话题]# #新娘美甲气质美甲仙气美甲[话题]# #简约美甲[话题]# #好看的美甲[话题]# #备婚[话题]# #婚甲简约好还是华丽好 [PK]#",
8455,female,23-25,1646047,live图好真实🤣再也不做美甲了!!,"穿戴甲这么好看,谁还做美甲啊[大笑R] 猫眼太清透了,任何光线都美的不像话!!! 很显白,我狠狠爱这幅!!! #美甲[话题]# #穿戴甲[话题]# #手绘美甲[话题]# #短甲[话题]# #ins美甲[话题]# #美甲分享[话题]# #穿戴甲推荐[话题]# #美甲款式2024高级显白[话题]# #夏天美甲[话题]# #live图美甲[话题]# #ins美甲[话题]# #婚甲[话题]# #蝴蝶美甲[话题]# #显白美甲[话题]# #爆闪美甲[话题]# #仙女美甲[话题]# #氛围感美甲[话题]# #耶西手工穿戴甲[话题]# #耶西穿戴甲[话题]#",./images/mnt/ali-sh-1/usr/lihaitao/process_0106/image/part_61/611308/2688579.jpg|./images/mnt/ali-sh-1/usr/lihaitao/process_0106/image/part_61/611308/2688580.jpg|./images/mnt/ali-sh-1/usr/lihaitao/process_0106/image/part_61/611308/2688581.jpg
8455,female,23-25,1145958,闪闪婚甲合集|备婚姐妹先收藏 💞,"20款绝美婚甲,备婚先收藏,等结婚做起来 😆 好适合婚礼上拍照,闪闪的富家千金甲💎 #气质高级感美甲[话题]# #超级好看的美甲[话题]# #氛围感美甲[话题]# #高级显白美甲[话题]# #百搭美甲[话题]# #美甲款式推荐[话题]# #婚甲[话题]# #备婚[话题]# #备婚大作战[话题]# #婚甲系列[话题]#",
8455,female,23-25,942974,"新年美甲,本甲美甲,短甲款式筛选中🌷","姐妹们,哪款好看呀~ 纠结中💅 交出你们的新年美甲🧩 #简约款美甲[话题]# #裸色美甲[话题]# #百搭美甲[话题]#",./images/mnt/ali-sh-1/usr/lihaitao/process_0106/image/part_73/737829/3307491.jpg|./images/mnt/ali-sh-1/usr/lihaitao/process_0106/image/part_73/737829/3307492.jpg|./images/mnt/ali-sh-1/usr/lihaitao/process_0106/image/part_73/737829/3307493.jpg|./images/mnt/ali-sh-1/usr/lihaitao/process_0106/image/part_73/737829/3307494.jpg|./images/mnt/ali-sh-1/usr/lihaitao/process_0106/image/part_73/737829/3307495.jpg|./images/mnt/ali-sh-1/usr/lihaitao/process_0106/image/part_73/737829/3307496.jpg|./images/mnt/ali-sh-1/usr/lihaitao/process_0106/image/part_73/737829/3307497.jpg
8455,female,23-25,1045970,💎这款婚甲太仙了叭!,#百搭美甲[话题]# #仙气蝴蝶美甲[话题]# #富家千金美甲[话题]# #婚甲[话题]# #超级好看的美甲[话题]# #高级美甲[话题]# #氛围感美甲[话题]# #气质高级感美甲[话题]# #百搭美甲[话题]#,./images/mnt/ali-sh-1/usr/lihaitao/process_0106/image/part_99/990883/4460577.jpg|./images/mnt/ali-sh-1/usr/lihaitao/process_0106/image/part_99/990883/4460578.jpg|./images/mnt/ali-sh-1/usr/lihaitao/process_0106/image/part_99/990883/4460579.jpg|./images/mnt/ali-sh-1/usr/lihaitao/process_0106/image/part_99/990883/4460580.jpg|./images/mnt/ali-sh-1/usr/lihaitao/process_0106/image/part_99/990883/4460581.jpg
8455,female,23-25,1170628,简约高级感美甲💅2024新年战甲收藏,"马上过年了,选择好你的战甲了吗[doge] #我的法式态度[话题]# #氛围感美甲[话题]# #百搭美甲[话题]# #约会美甲[话题]# #超好看的美甲[话题]# #高级美甲[话题]# #美甲图片[话题]# #美甲还原度挑战[话题]# #美甲推荐[话题]# #甜美美甲[话题]# #中长款美甲[话题]#",./images/mnt/ali-sh-1/usr/lihaitao/process_0106/image/part_100/1008980/4543273.jpg|./images/mnt/ali-sh-1/usr/lihaitao/process_0106/image/part_100/1008980/4543274.jpg|./images/mnt/ali-sh-1/usr/lihaitao/process_0106/image/part_100/1008980/4543275.jpg|./images/mnt/ali-sh-1/usr/lihaitao/process_0106/image/part_100/1008980/4543276.jpg|./images/mnt/ali-sh-1/usr/lihaitao/process_0106/image/part_100/1008980/4543277.jpg
8455,female,23-25,1531438,备婚日记|美甲篇,选择困难症犯了#温柔风美甲[话题]#,./images/mnt/ali-sh-1/usr/lihaitao/process_0106/image/part_60/606174/2664507.jpg|./images/mnt/ali-sh-1/usr/lihaitao/process_0106/image/part_60/606174/2664508.jpg|./images/mnt/ali-sh-1/usr/lihaitao/process_0106/image/part_60/606174/2664509.jpg|./images/mnt/ali-sh-1/usr/lihaitao/process_0106/image/part_60/606174/2664510.jpg|./images/mnt/ali-sh-1/usr/lihaitao/process_0106/image/part_60/606174/2664511.jpg|./images/mnt/ali-sh-1/usr/lihaitao/process_0106/image/part_60/606174/2664512.jpg|./images/mnt/ali-sh-1/usr/lihaitao/process_0106/image/part_60/606174/2664513.jpg|./images/mnt/ali-sh-1/usr/lihaitao/process_0106/image/part_60/606174/2664514.jpg
8455,female,23-25,1308943,🎀备婚日记|新娘美甲/婚纱照美甲来抄作业,"春暖花开🌸,拍婚纱照季节要来了 要拍婚纱照的看着拿图去做美甲了 结婚好日子大家一定做美美的美甲💅 #我的备婚日记[话题]# #备婚大作战[话题]# #备婚攻略[话题]# #备婚[话题]# #新娘美甲[话题]# #备婚日记[话题]# #裸色系美甲[话题]# #小众婚纱照[话题]# #婚纱照攻略[话题]# #婚纱照推荐[话题]# #婚纱照风格[话题]# #美甲[话题]# #ins美甲[话题]# #法式美甲[话题]# #夏天美甲[话题]# #手绘美甲[话题]#",
8455,female,23-25,1130244,急!6.14婚纱照婚甲选哪个!?,"6.14就要去做婚纱照美甲了,还在纠结 感觉blingbling的会比较出片,这些都是裸色打底的 有小姐妹做过这几款的吗!求推荐! #仙女美甲[话题]# #适合拍婚纱照的美甲[话题]# #帮我选美甲款式[话题]# #婚甲推荐[话题]# #裸色美甲[话题]# #婚甲[话题]#",
8455,female,23-25,817097,经典永不过时的裸色美甲 家人们快来帮我选!,#裸色美甲[话题]# #美甲[话题]# #美甲分享[话题]# #新年美什么甲[话题]#,
8455,female,23-25,1212654,年度美甲总结💅🏻是法式忠实粉丝了,一年的美甲看下来 💅🏻发现自己真的很喜欢简单干净的款式😆 [doge][doge][doge]当然我的美甲师就不简单了哈哈哈哈哈今年画了好多法式 问题来了 新年要整个什么款式[萌萌哒R] #法式美甲[话题]# #极简美甲[话题]# #方型美甲[话题]# #百搭美甲[话题]# #简单美甲[话题]# #高级美甲[话题]# #美甲推荐[话题]# #分享美甲[话题]# #我的年度美甲[话题]# #新年[话题]# #新年美甲[话题]# #新年战甲💅[话题]#,./images/mnt/ali-sh-1/usr/lihaitao/process_0106/image/part_68/687688/3059720.jpg|./images/mnt/ali-sh-1/usr/lihaitao/process_0106/image/part_68/687688/3059721.jpg|./images/mnt/ali-sh-1/usr/lihaitao/process_0106/image/part_68/687688/3059722.jpg|./images/mnt/ali-sh-1/usr/lihaitao/process_0106/image/part_68/687688/3059723.jpg|./images/mnt/ali-sh-1/usr/lihaitao/process_0106/image/part_68/687688/3059724.jpg|./images/mnt/ali-sh-1/usr/lihaitao/process_0106/image/part_68/687688/3059725.jpg|./images/mnt/ali-sh-1/usr/lihaitao/process_0106/image/part_68/687688/3059726.jpg|./images/mnt/ali-sh-1/usr/lihaitao/process_0106/image/part_68/687688/3059727.jpg
8455,female,23-25,1493322,带钻高级美甲🥰🥰🥰,#仙气美甲[话题]# #超级好看的美甲[话题]# #富家千金美甲[话题]# #手上有璀璨星河[话题]# #仙女美甲[话题]# #高级美甲[话题]# #美甲[话题]# #美甲分享[话题]# #氛围感美甲[话题]# #富家千金[话题]#,
8455,female,23-25,1545592,白月光气质新娘婚甲💅结婚时候做!极限6选1,#白月光美甲[话题]# #超级好看的美甲[话题]# #仙气美甲[话题]# #婚甲[话题]# #美甲推荐[话题]# #温柔风美甲[话题]# #百搭美甲[话题]# #美甲[话题]# #婚甲款式[话题]# #婚甲系列[话题]#,
8601,female,23-25,1369618,移动话费|50减10活动,"亲测有效! 今天收到短信提示话费不多了 然后想着小红书搜一下移动充值薅羊毛方法 方法: 在移动App搜索“动感人设” 完成几个小任务,一分钟不用 然后大家记得要分享出去噢 分享了才有50-10的优惠 可以分享到微信文件传输助手(因为不想打扰别人) 然后过一两分钟到“我的”“卡券”那里查看 看到有优惠券到账(图二) 就可以直接充值啦,轻轻松松怒省10元 提示:该活动仅限30周岁以下移动用户参与~ #话费[话题]# #划算[话题]# #手机套餐[话题]# #移动充值[话题]# #话费充值优惠[话题]#",
8601,female,23-25,1575585,移动充话费 50一20,"三个软件移动 云闪付 建行生活 1️⃣中国移动搜动感人设,点进去做六个小任务就可以集齐拼图,然后点分享我的人设卡就会弹出 50一10的话费券 2️⃣使用优惠券,选择云闪付支付 3️⃣选择建行生活建行卡支付➖10 下一篇笔记还可以继续薅易捷加油20➖10 #话费[话题]# #话费充值[话题]# #话费充值优惠[话题]# #移动话费[话题]##建行生活[话题]#",./images/mnt/ali-sh-1/usr/lihaitao/process_0106/image/part_87/873042/3933500.jpg|./images/mnt/ali-sh-1/usr/lihaitao/process_0106/image/part_87/873042/3933501.jpg|./images/mnt/ali-sh-1/usr/lihaitao/process_0106/image/part_87/873042/3933502.jpg
8601,female,23-25,877617,幽魂的正确用法,#游戏[话题]# #蛋搭子[话题]# #蛋仔[话题]# #蛋仔派对[话题]##游戏日常[话题]##笔记灵感[话题]#,./images/mnt/ali-sh-1/usr/lihaitao/process_0106/image/part_84/843392/3794837.jpg
8601,female,23-25,1324441,想捞一下这个号的号主,"有点想收他这个号,想问一下这个号的号主,这个号多少钱?",./images/mnt/ali-sh-1/usr/lihaitao/process_0106/image/part_112/1120517/5017367.jpg
8601,female,23-25,1611935,谁懂这张图的好笑程度,"吃点油面筋压压惊,再开个电风扇[萌萌哒R]#许嵩[话题]#",
8601,female,23-25,1098193,"孩子一口都没吃就走了,我该怎么办","中午辛辛苦苦做好了饭,孩子一口都不吃就走了,郁闷了一下午,这个饭看起来很难吃吗?无美颜无滤镜,孩子大了也不知道怎么跟她沟通#正确的引导孩子陪伴孩子[话题]# #不爱吃饭[话题]# #做菜我是认真的[话题]# #每日美食分享[话题]# #人生的意义[话题]# #我有一个小问题[话题]# #跟着小红书学做菜[话题]# #生活美学[话题]# #难受想哭[话题]# 第二次编辑,当时发完这个就去做其他事情了,没有想到会有这样的反响。帖子我没有改动过,当时可能有点情绪上头,就发了这样的吐槽帖子。并没有真的怪孩子的意思,我和孩子也都还在不断的成长当中,成为更好的自己,也希望网友们也都开开心心的不要争吵,每天都能吃到自己想吃的饭菜,过好自己的每一天,谢谢! 以后也不会再发负能量的帖子,谢谢大家!",./images/mnt/ali-sh-1/usr/lihaitao/process_0106/image/part_99/993422/4471411.jpg|./images/mnt/ali-sh-1/usr/lihaitao/process_0106/image/part_99/993422/4471412.jpg|./images/mnt/ali-sh-1/usr/lihaitao/process_0106/image/part_99/993422/4471413.jpg
8601,female,23-25,787513,小鸡🐥学的英语棒吧😋,(音频:🎶@去spa)#蛋仔派对[话题]#,./images/mnt/ali-sh-1/usr/lihaitao/process_0106/image/part_72/721271/3218354.jpg|./images/mnt/ali-sh-1/usr/lihaitao/process_0106/image/part_72/721271/3218355.jpg
8601,female,23-25,1387266,?,#蛋搭子[话题]# #蛋仔派对[话题]# #游戏[话题]# #游戏日常[话题]##蛋仔[话题]##笔记灵感[话题]#,./images/mnt/ali-sh-1/usr/lihaitao/process_0106/image/part_76/767045/3437887.jpg|./images/mnt/ali-sh-1/usr/lihaitao/process_0106/image/part_76/767045/3437888.jpg|./images/mnt/ali-sh-1/usr/lihaitao/process_0106/image/part_76/767045/3437889.jpg|./images/mnt/ali-sh-1/usr/lihaitao/process_0106/image/part_76/767045/3437890.jpg
8601,female,23-25,1340920,我朝九晚六双休9600➕剪辑师的一天😭,"做视频剪辑快四年了,目前每月到手[九R][六R][零R][零R]➕,想了很久还是决定辞职了,准备去旅行好好放松一下,这几年也带了不少剪辑新手,收藏了很多干货,留着也没什么必要了[放大镜R] #打工人的日常[话题]# #神仙工作[话题]# #加油打工人[话题]# #打工日记[话题]# #工作日常[话题]# #打工人[话题]# #职场日常[话题]# #剪辑教程[话题]# #剪辑[话题]# #剪辑师[话题]#",
8601,female,23-25,1357619,看看农村大席前一天我的村厨爸妈能有多忙碌,跟爸妈去买菜卤肘子卤到凌晨四点的一天#记录真实生活[话题]##农村美食[话题]##全职女儿[话题]##美的冰箱[话题]##美的540[话题]##美的m60冰箱[话题]#,
8601,female,23-25,1195866,全职女儿的一天|有个村厨老爸吃点啥-糖醋鱼,"老爸做的糖醋鱼全家人都很爱吃,外酥里嫩,这个糖醋汁蘸鞋底都好吃!#记录真实生活[话题]# #农村美食[话题]# #全职女儿[话题]# #糖醋鱼[话题]#",
8601,female,23-25,1037128,找到8个了,#dongdong羊[话题]# #蛋仔派队[话题]# #找一找[话题]# #蛋仔派对[话题]#,./images/mnt/ali-sh-1/usr/lihaitao/process_0106/image/part_105/1056588/4746290.jpg|./images/mnt/ali-sh-1/usr/lihaitao/process_0106/image/part_105/1056588/4746291.jpg|./images/mnt/ali-sh-1/usr/lihaitao/process_0106/image/part_105/1056588/4746292.jpg|./images/mnt/ali-sh-1/usr/lihaitao/process_0106/image/part_105/1056588/4746293.jpg|./images/mnt/ali-sh-1/usr/lihaitao/process_0106/image/part_105/1056588/4746294.jpg|./images/mnt/ali-sh-1/usr/lihaitao/process_0106/image/part_105/1056588/4746295.jpg|./images/mnt/ali-sh-1/usr/lihaitao/process_0106/image/part_105/1056588/4746296.jpg
8601,female,23-25,1493822,带饭六个月 存了两万四,今天吃了圆圆豆和鸡肉 我买的圆圆豆就是冷冻的一包 8💰一包可以吃好几次 当然是当配菜的情况下 大概四次吧 我用不了特别多 要当主菜的花两次差不多 鸡肉块是前一天晚上吃的 我挖了一点剩下的 早上加热之后装进了碗里 现在的鸡肉不是很贵 贵的是蔬菜 所以我经常吃鸡肉 不想浪费太多钱在嘴巴里 吃多了对身体不好 小炒鸡一直都很喜欢吃 而且荤菜隔夜的花危害好像也还行吧 绿色菜听说危害比较大 算了 比外卖好 快年底了 存了多少钱过年呀 你们呢 吃什么 #上班族带饭[话题]# #打工人的午餐[话题]# #带饭日记[话题]# #一人食吃什么[话题]# #带饭[话题]# #今天把饭吃光光[话题]# #上班族带饭日常[话题]# #打工人的打工餐[话题]# #上班族带饭[话题]#,
8601,female,23-25,1347546,寝室关系求助!!!!!!!!,室友每天都要跑过来看我吃什么 每天都要过来闻我的饭 因为他们总闻我的饭要不要让他们a饭钱啊。[哭惹R][哭惹R][哭惹R][哭惹R][哭惹R][哭惹R][哭惹R][哭惹R][哭惹R][哭惹R]很介意他们闻我的饭。要不要跟她们说啊#大学宿舍关系[话题]# #求助万能网友[话题]# #大学生互相帮助[话题]# #一周美食打卡[话题]# #一人食吃什么[话题]# #吃什么[话题]# #今天吃什么呢[话题]# #今天吃点啥[话题]# 二编:我带抽象的tag了大家刷到的乐呵乐呵吧#抽象[话题]#,
8601,female,23-25,1358481,nan,深井叨叨@蛋仔叨叨 #蛋仔派对[话题]#,./images/mnt/ali-sh-1/usr/lihaitao/process_0106/image/part_65/651091/2888198.jpg|./images/mnt/ali-sh-1/usr/lihaitao/process_0106/image/part_65/651091/2888199.jpg|./images/mnt/ali-sh-1/usr/lihaitao/process_0106/image/part_65/651091/2888200.jpg
8601,female,23-25,819180,想问一下你们都是多少存款离职的,崩溃了不想上班了#要不要辞职[话题]# #离职[话题]#,
8601,female,23-25,952469,"你怎么这么省,天天带饭吃","对象说你公司有没有人说你天天带饭吃 我说没有,天天带饭能说啥,说我这么省啊[捂脸R][捂脸R]#打工人的打工餐[话题]# #干饭了干饭了[话题]# #带饭[话题]#",
8601,female,23-25,1698603,运用了什么手法?,#我和我的蛋搭基[话题]# #蛋仔[话题]# #蛋仔派对[话题]# #蛋仔日常[话题]#,./images/mnt/ali-sh-1/usr/lihaitao/process_0106/image/part_79/794866/3563501.jpg
8601,female,23-25,1610515,一场暴雪后的阿勒泰,#我的阿勒泰[话题]# #禾木[话题]# #阿勒泰深度游[话题]# #喀纳斯[话题]# #冬天[话题]#,./images/mnt/ali-sh-1/usr/lihaitao/process_0106/image/part_92/924796/4165001.jpg|./images/mnt/ali-sh-1/usr/lihaitao/process_0106/image/part_92/924796/4165002.jpg|./images/mnt/ali-sh-1/usr/lihaitao/process_0106/image/part_92/924796/4165003.jpg|./images/mnt/ali-sh-1/usr/lihaitao/process_0106/image/part_92/924796/4165004.jpg|./images/mnt/ali-sh-1/usr/lihaitao/process_0106/image/part_92/924796/4165005.jpg|./images/mnt/ali-sh-1/usr/lihaitao/process_0106/image/part_92/924796/4165006.jpg|./images/mnt/ali-sh-1/usr/lihaitao/process_0106/image/part_92/924796/4165007.jpg|./images/mnt/ali-sh-1/usr/lihaitao/process_0106/image/part_92/924796/4165008.jpg
8601,female,23-25,1118061,nan,"在美国待久了,都快抑郁了,一到周末就不知道干点啥,好想回国[可怜R][可怜R] 亚特兰大或者chattanooga周边有什么好玩的或者好逛的吗",./images/mnt/ali-sh-1/usr/lihaitao/process_0106/image/part_76/766501/3435384.jpg
8742,female,16-18,1053335,KKV蜡笔小新周边,#蜡笔小新[话题]# #蜡笔小新周边[话题]#,./images/mnt/ali-sh-1/usr/lihaitao/process_0106/image/part_81/815286/3669946.jpg|./images/mnt/ali-sh-1/usr/lihaitao/process_0106/image/part_81/815286/3669947.jpg|./images/mnt/ali-sh-1/usr/lihaitao/process_0106/image/part_81/815286/3669948.jpg|./images/mnt/ali-sh-1/usr/lihaitao/process_0106/image/part_81/815286/3669949.jpg|./images/mnt/ali-sh-1/usr/lihaitao/process_0106/image/part_81/815286/3669950.jpg|./images/mnt/ali-sh-1/usr/lihaitao/process_0106/image/part_81/815286/3669951.jpg|./images/mnt/ali-sh-1/usr/lihaitao/process_0106/image/part_81/815286/3669952.jpg|./images/mnt/ali-sh-1/usr/lihaitao/process_0106/image/part_81/815286/3669953.jpg
8742,female,16-18,1348680,学到新的拍谷方式👀,#闪耀暖暖[话题]##暖暖[话题]##暖暖周边[话题]##叠纸奇贱店[话题]#,./images/mnt/ali-sh-1/usr/lihaitao/process_0106/image/part_72/725308/3242104.jpg
8742,female,16-18,813292,深圳原来也有了!!!!!!!!,#深圳[话题]# #三丽鸥[话题]# #三丽鸥sanrio[话题]#,./images/mnt/ali-sh-1/usr/lihaitao/process_0106/image/part_107/1072671/4817904.jpg|./images/mnt/ali-sh-1/usr/lihaitao/process_0106/image/part_107/1072671/4817905.jpg|./images/mnt/ali-sh-1/usr/lihaitao/process_0106/image/part_107/1072671/4817906.jpg|./images/mnt/ali-sh-1/usr/lihaitao/process_0106/image/part_107/1072671/4817907.jpg|./images/mnt/ali-sh-1/usr/lihaitao/process_0106/image/part_107/1072671/4817908.jpg|./images/mnt/ali-sh-1/usr/lihaitao/process_0106/image/part_107/1072671/4817909.jpg|./images/mnt/ali-sh-1/usr/lihaitao/process_0106/image/part_107/1072671/4817910.jpg|./images/mnt/ali-sh-1/usr/lihaitao/process_0106/image/part_107/1072671/4817911.jpg
8742,female,16-18,1474374,小学门口物价震撼到我的一天...!怎么会是这样,#街头美食[话题]# #路边摊美味[话题]# #街头小吃[话题]# #校门口的美食[话题]# #小学生摆摊[话题]# #小摊上的人间烟火[话题]# #行走的火锅杯[话题]# #小学门口美食[话题]#,./images/mnt/ali-sh-1/usr/lihaitao/process_0106/image/part_96/960860/4332298.jpg|./images/mnt/ali-sh-1/usr/lihaitao/process_0106/image/part_96/960860/4332299.jpg|./images/mnt/ali-sh-1/usr/lihaitao/process_0106/image/part_96/960860/4332300.jpg|./images/mnt/ali-sh-1/usr/lihaitao/process_0106/image/part_96/960860/4332301.jpg|./images/mnt/ali-sh-1/usr/lihaitao/process_0106/image/part_96/960860/4332302.jpg|./images/mnt/ali-sh-1/usr/lihaitao/process_0106/image/part_96/960860/4332303.jpg
8742,female,16-18,1093623,mini12📷 好价出💰已出完,刚回国 热乎出啦~ 可走pt~🐟 需要的宝子看视频选款 成色不同价格相差二三十 都是裸机!!带原装手绳 相纸电池自配! 南京可自提 现场选 #拍立得[话题]# #拍立得mini12[话题]# #急出[话题]#,./images/mnt/ali-sh-1/usr/lihaitao/process_0106/image/part_103/1039301/4673902.jpg
8742,female,16-18,1097182,全网最大手作球后续!,挑战成功啦!居然捏不到底!#新人报道a[话题]# #手作球[话题]# #fys[话题]# #史莱姆slime[话题]# #挑战成功[话题]#,./images/mnt/ali-sh-1/usr/lihaitao/process_0106/image/part_61/612926/2696121.jpg|./images/mnt/ali-sh-1/usr/lihaitao/process_0106/image/part_61/612926/2696122.jpg|./images/mnt/ali-sh-1/usr/lihaitao/process_0106/image/part_61/612926/2696123.jpg|./images/mnt/ali-sh-1/usr/lihaitao/process_0106/image/part_61/612926/2696124.jpg|./images/mnt/ali-sh-1/usr/lihaitao/process_0106/image/part_61/612926/2696125.jpg|./images/mnt/ali-sh-1/usr/lihaitao/process_0106/image/part_61/612926/2696126.jpg|./images/mnt/ali-sh-1/usr/lihaitao/process_0106/image/part_61/612926/2696127.jpg
8742,female,16-18,919014,"我妈尝了一口,让我原地开店!!","金针菇炒蛋巨香! 金针菇脆爽,搭配滑嫩蓬松的鸡蛋,鲜香味美,巨下饭!大人小孩都爱吃,姐妹们快来试试吧~ #家常快手菜[话题]# #一人食吃什么[话题]# #超级下饭的家常菜[话题]# #下饭菜[话题]# #小红书爆款美食[话题]# #金针菇[话题]# #金针菇鸡蛋[话题]# #金针菇的神仙吃法[话题]# #笔记灵感[话题]#",./images/mnt/ali-sh-1/usr/lihaitao/process_0106/image/part_84/844780/3800987.jpg|./images/mnt/ali-sh-1/usr/lihaitao/process_0106/image/part_84/844780/3800988.jpg|./images/mnt/ali-sh-1/usr/lihaitao/process_0106/image/part_84/844780/3800989.jpg|./images/mnt/ali-sh-1/usr/lihaitao/process_0106/image/part_84/844780/3800990.jpg|./images/mnt/ali-sh-1/usr/lihaitao/process_0106/image/part_84/844780/3800991.jpg|./images/mnt/ali-sh-1/usr/lihaitao/process_0106/image/part_84/844780/3800992.jpg
8742,female,16-18,920425,谁能拒绝在被窝里看一集蜡笔小新呢~,#蜡笔小新[话题]# #野原新之助[话题]# #蜡笔小新动漫[话题]# #治愈动漫[话题]#,
8742,female,16-18,839786,关于白嫖 蹭景 大家怎么看,"一直觉得这个话题比较敏感 说了会被骂但最近屡次的自己感受到了...... 我非常能理解探店拍照,因为我自己也很喜欢!我觉得出门探店就是要拍照片,吃好吃的但前提是我尊重商家,我消费,商家提供应有的服务。 其实我特别爱花钱布置我的店,我喜欢仪式感 我觉得我布置的美美哒大家来拍照,喜欢我的布置,我也很开心,店里也很热闹。 不得不提不消费拍照,换位拍照,借景的人非常多,美其名说是给我宣传但我觉得是不尊重。 你可以说我甜品不好吃饮品不好喝,商家要接受消费者的反馈和意见,我都可以接受。 其实我只是爱布置我的小店,所有布置都是景上添花,而不是摄影空间 正常拍照所有店都是可以的。 同行说的很对 “白嫖的客人占着位置 正常消费的轮不到位置” 我们商家 每天没有运营开支的吗?门口拍照 摄影师难道都是免费的吗?我是为摄影师提供景的吗? 客人永远可以避雷商家 ,一言不合就是避雷差评不知我们付出了多少心血和热爱。 希望大家都能互相尊重。生活很美好。 #拒绝白嫖[话题]# #富贵的茶蚌埠宝龙店[话题]# #蚌埠探店[话题]# #蚌埠[话题]#",./images/mnt/ali-sh-1/usr/lihaitao/process_0106/image/part_61/613770/2699947.jpg|./images/mnt/ali-sh-1/usr/lihaitao/process_0106/image/part_61/613770/2699948.jpg|./images/mnt/ali-sh-1/usr/lihaitao/process_0106/image/part_61/613770/2699949.jpg|./images/mnt/ali-sh-1/usr/lihaitao/process_0106/image/part_61/613770/2699950.jpg|./images/mnt/ali-sh-1/usr/lihaitao/process_0106/image/part_61/613770/2699951.jpg|./images/mnt/ali-sh-1/usr/lihaitao/process_0106/image/part_61/613770/2699952.jpg|./images/mnt/ali-sh-1/usr/lihaitao/process_0106/image/part_61/613770/2699953.jpg|./images/mnt/ali-sh-1/usr/lihaitao/process_0106/image/part_61/613770/2699954.jpg
8742,female,16-18,1621804,"“第一张照片,不太敢亲密的”|从校服到婚纱","第一张双人合影拍摄于2016年10月。 高二校运会,一个志愿者一个运动员,在田径场上生涩地留下照片,还隔着远远的距离。 那个时候我们是好朋友,是学号连在一起的同班同学,上实验课玩游戏要互相打掩护,一到周日就借彼此的作业来抄。经历了高一高二漫长的朋友生涯,才在高三确认了不只是朋友的心意,成为情侣。 后来我们都长大了,在成人世界里,见证了很多如潮水一样匆匆的感情。快速上头,进入关系,然后散场。还会有恋人愿意拍一张间隔很远的照片吗? 才怀念起年少时,“爱是想触碰又收回的手”。 —— 回学校拍婚纱照的时候,专门到操场复刻了这张照片。 从现在到未来,都将会是最亲密无间的我们。 #你可以永远相信校园爱情[话题]# #情侣约拍[话题]# #我们最甜的合照[话题]# #从校服到婚纱[话题]#",
8742,female,16-18,1457655,库迪咖啡-蜡笔小新第2弹,"光栅冰箱贴先睹为快,质量杠杠的[蹲后续H]#库迪咖啡[话题]# #蜡笔小新周边[话题]#",
8742,female,16-18,1691659,求你们了快被烦死了,"没钱就别发长期收物贴[失望R] ,谁愿意等你有钱给你预留五六个月#有时候真的很无助[话题]# #我的命也是命[话题]#",./images/mnt/ali-sh-1/usr/lihaitao/process_0106/image/part_83/837850/3769753.jpg
8742,female,16-18,1980543,冬天里的一碗面,#美食[话题]# #沈阳美食[话题]# #冬天吃什么[话题]# #泡面[话题]#,./images/mnt/ali-sh-1/usr/lihaitao/process_0106/image/part_98/981355/4420377.jpg|./images/mnt/ali-sh-1/usr/lihaitao/process_0106/image/part_98/981355/4420378.jpg|./images/mnt/ali-sh-1/usr/lihaitao/process_0106/image/part_98/981355/4420379.jpg|./images/mnt/ali-sh-1/usr/lihaitao/process_0106/image/part_98/981355/4420380.jpg|./images/mnt/ali-sh-1/usr/lihaitao/process_0106/image/part_98/981355/4420381.jpg|./images/mnt/ali-sh-1/usr/lihaitao/process_0106/image/part_98/981355/4420382.jpg
8742,female,16-18,1034695,急!这是黑木耳吗?还是老鼠肉,"正常吗?这不是老鼠肉吧??(对不起dy刷很多)怎么有花纹??能吃吗,不怎么吃木耳#螺蛳粉推荐[话题]# #螺蛳粉[话题]#",./images/mnt/ali-sh-1/usr/lihaitao/process_0106/image/part_91/916862/4130231.jpg
8742,female,16-18,1175496,nan,真的很避雷这个点去赵一鸣啊 应该是要下班了在上货 很着急的样子 眼睛也不看路的 被不同的店员踩到 第一次是一个女店员 应该是推那个柜子太用力我在她后面挑方便面 非常大力撞到我啊 第二次是一个男店员 也是直接踩到我脚啊!!!希望店长好好培训下啊 !!,./images/mnt/ali-sh-1/usr/lihaitao/process_0106/image/part_93/934154/4206092.jpg|./images/mnt/ali-sh-1/usr/lihaitao/process_0106/image/part_93/934154/4206093.jpg|./images/mnt/ali-sh-1/usr/lihaitao/process_0106/image/part_93/934154/4206094.jpg
8742,female,16-18,1042148,沉浸式打包|拒绝廉价感!国风才是最diao的!!️,今天的晚安视频来噜~ 与大家约定的直播时间依旧是8点 大家的热情比我们想象的多得多 孤品准备得不够了[自拍R]撑不到11.11号 所以今天就播最后一场啦~ 等下次我们准备更多好物会再群内通知开播时间!🥳 #沉浸式打包[话题]# #打包分享[话题]# #打包[话题]# #睡眠[话题]# #沉浸式[话题]# #packing[话题]# #解压视频[话题]# #原声打包[话题]# #助眠视频[话题]# #解压视频[话题]# #饰品[话题]# #小众饰品[话题]# #宝藏饰品大公开[话题]# #配饰分享[话题]# #首饰就要blingbling[话题]# #新中式[话题]# #浪漫生活的记录者[话题]# #中式[话题]# #手链[话题]# #项链[话题]##送给闺蜜的礼物[话题]# #生日礼物[话题]# #首饰[话题]# #文玩女孩[话题]# #手串[话题]# #串珠[话题]# #疗愈[话题]# #治愈[话题]# #浪漫生活的记录者[话题]# #项链[话题]# #项链小众高级[话题]# #女高中生[话题]# #大学[话题]# #手作饰品[话题]# #礼物开箱[话题]# #入秋显眼包[话题]# #玛瑙[话题]# #手作[话题]# #每个女孩子都值得拥有[话题]# #给生活加点仪式感[话题]# #蝴蝶元素[话题]# #小红书秋日焕新[话题]# #沉浸式开箱体验[话题]# #初秋穿搭[话题]# #饰品打包vlog[话题]# #礼物开箱[话题]# #推荐[话题]# #我的开箱日常[话题]# #开箱[话题]# #我的日常[话题]#,./images/mnt/ali-sh-1/usr/lihaitao/process_0106/image/part_70/704215/3135430.jpg
8742,female,16-18,1612582,谁家大学食堂3个菜八元呀!,#食堂[话题]# #吃播[话题]# #一人食吃什么[话题]# #美食分享[话题]# #家常菜[话题]##沉浸式[话题]#,
8742,female,16-18,1276274,这个蛋糕放在全国也很炸裂,"gelato蛋糕供应,gelato相关培训#gelato[话题]# #gelato培训[话题]# #gelato冰淇淋蛋糕[话题]# #抹茶蛋糕[话题]# #抹茶冰淇淋[话题]# #一口惊艳的gelato[话题]#",
8742,female,16-18,1004455,34岁的鹿晗什么时候能娶关晓彤,34岁的鹿晗为什么还不娶关晓彤啊~[喝奶茶R][喝奶茶R][喝奶茶R][喝奶茶R] 感觉盼人结婚比劝人分开难多了~[捂脸R][捂脸R][捂脸R][捂脸R] #鹿晗[话题]# #关晓彤[话题]# #关晓彤鹿晗[话题]# #鹿晗关晓彤官宣[话题]#,
8742,female,16-18,1313326,爆辣曹氏小火锅给我辣哭了呜呜,爆辣曹氏小火锅给我辣哭了呜呜今天大家吃了什么好吃的呀#我的日常[话题]##日常vlog[话题]#,./images/mnt/ali-sh-1/usr/lihaitao/process_0106/image/part_95/952896/4297958.jpg|./images/mnt/ali-sh-1/usr/lihaitao/process_0106/image/part_95/952896/4297959.jpg|./images/mnt/ali-sh-1/usr/lihaitao/process_0106/image/part_95/952896/4297960.jpg|./images/mnt/ali-sh-1/usr/lihaitao/process_0106/image/part_95/952896/4297961.jpg|./images/mnt/ali-sh-1/usr/lihaitao/process_0106/image/part_95/952896/4297962.jpg|./images/mnt/ali-sh-1/usr/lihaitao/process_0106/image/part_95/952896/4297963.jpg|./images/mnt/ali-sh-1/usr/lihaitao/process_0106/image/part_95/952896/4297964.jpg|./images/mnt/ali-sh-1/usr/lihaitao/process_0106/image/part_95/952896/4297965.jpg
8778,female,36-40,1280568,"太不容易了,马上都要放弃了居然成了","刚开始💎然后➡️碎片➡️积分,积分回到0.01进入后期➡️元宝,元宝也会到0.01➡️有的出副卡,有的锦鲤鱼。大额的副卡好难啊😦成了又开心的不得了!加油吧#助力[话题]# #拼多多现金大转盘[话题]# #双十一活动[话题]# #拼多多助力[话题]#",
8778,female,36-40,1142347,所以大家到底是怎么判定有没有钱的?,大家到底是怎么判定有没有钱的 感觉身边的有钱人是不是都很低调.... 原作者:@1. #看起来很rich[话题]# #美女[话题]# #氛围感[话题]# #贵气感[话题]# #有钱人[话题]# #富家女[话题]# #穷人[话题]# #老板[话题]# #公司老板[话题]# #气质[话题]#,./images/mnt/ali-sh-1/usr/lihaitao/process_0106/image/part_109/1098338/4924551.jpg
8778,female,36-40,788837,北京新出的!!🎄圣诞浓度好超前。。。,好漂亮好好看啊啊啊...#北京[话题]# #北京旅游[话题]# #北京美食[话题]# #圣诞[话题]# #圣诞节[话题]# #周末去哪玩[话题]# #北京周末去哪儿[话题]#,
8778,female,36-40,1983259,nan,"在信誉楼买了一个草莓蛋糕,为啥蛋糕胚子发绿呢?别的地方买的没遇到过这样的,有清楚是啥原因吗?这还能吃吗?#石家庄信誉楼裕华[话题]# #信誉楼[话题]#",
8778,female,36-40,1736767,"“备注了,凭什么不帮我做两杯”",#离谱[话题]# #离谱[话题]# #奶茶[话题]# #啥人[话题]# #无理要求[话题]#,./images/mnt/ali-sh-1/usr/lihaitao/process_0106/image/part_90/904358/4075025.jpg|./images/mnt/ali-sh-1/usr/lihaitao/process_0106/image/part_90/904358/4075026.jpg
8778,female,36-40,1511479,我靠 拼多多疯了还是我疯了,#拼多多[话题]# 今天竟然提现了三次 我朋友有很多也提现了一两次的 大家赶紧去提现呀,./images/mnt/ali-sh-1/usr/lihaitao/process_0106/image/part_96/965575/4352700.jpg|./images/mnt/ali-sh-1/usr/lihaitao/process_0106/image/part_96/965575/4352701.jpg|./images/mnt/ali-sh-1/usr/lihaitao/process_0106/image/part_96/965575/4352702.jpg
8778,female,36-40,945525,卧卧卧!!!不是城阳!!在市区也能吃到了!!,"终于市区也吃到这种原味蒸牛尾了!!!! 真的好爱这一口!!!他家好吃!!冬天和朋友来吃上这么一锅热乎乎好舒服!! 蒸好端上来就可以直接吃,牛尾骨是那种有咬头的!还有很多牛筋好好吃! 吃一会就一起倒入汤中再煮一会就是软烂脱骨了 汤原汁原味的好喝,可以自己调味! 他家的生拌牛肉和炒饭也好吃!!!小菜也好吃解腻! #青岛美食[话题]# #青岛旅游攻略[话题]# #青岛韩料[话题]# #青岛旅行[话题]# #青岛新店[话题]# #吃下这一口烟火气[话题]# #吃遍一座城的烟火气[话题]# #青岛韩国料理[话题]# #青岛攻略[话题]# #冬日旅行收藏夹[话题]#",
8778,female,36-40,1598662,拼多多你敢不敢在恶心点,"拼多多现金大转盘真的太恶心可,我拉了好多人,还有两个新用户,结果只显示我一个新用户,然后到后来就一直出来这个锦鲤附体的卡,不停的拉人结果都是这个#拼多多[话题]# 你是不是玩不起,这么恶心的骚操作也真的只有你了,以后再也不相信拼多多了",./images/mnt/ali-sh-1/usr/lihaitao/process_0106/image/part_97/976984/4401654.jpg
8778,female,36-40,1104255,"想成为PDD锦鲤,你只需要这么做!","不知道是不是锦鲤附体,一天的时候成功了3个50,惊呆了 第一轮:邀请人数约8人,集齐碎片就提现了,非常快 第二轮:邀请人数10人,也是集齐碎片就提现了,最后的关键1人是系统提示让我邀请的人第三轮:邀请人数15人,多了一个积分环节,按系统要求,邀请关键2人,外加一个非微信好友的扫码助力第四轮:邀请人数依|旧15人,其他情况和第三轮大体相 同 第五轮:邀请人数约20人,反正肯定没超过,出现了坑爹的元宝,邀请情况和第三第四轮差不多不知道是不是锦鲤附体了,同- -天时间,居然提现了3次,而且其中邀请的人很多人是重复的,所以大概全部一共找了30个人的样子#拼多多互助[话题]# #拼多多推金币互助pdd推金币[话题]# #拼多多现金大转盘助力[话题]# #拼多多推金币[话题]# #互帮互助群[话题]#",
8778,female,36-40,881096,一辈子的噩梦,所以这个拼多多到底要点多少张这个卡才能体现啊 点到0.1元开始 我说马上提现了 邀请朋友助力后 还要0.09元 到了0.01元我说最后一个人可以提现了吧 开始是金币了 金币过后又来了元宝 终于到了最后0.01元宝 就一直抽锦鲤附体的卡 真的无语死了 拼多多你真的该死啊 #助力[话题]# #拼多多[话题]#,./images/mnt/ali-sh-1/usr/lihaitao/process_0106/image/part_94/941268/4241650.jpg|./images/mnt/ali-sh-1/usr/lihaitao/process_0106/image/part_94/941268/4241651.jpg
8778,female,36-40,1671813,拼多多提现无限循环!,"本人已疯!已疯!已疯! 我的路线:一分钱—————-钻石—————-兑换卡—————兑换卡碎片————————-积分—————————-元宝 ——————————-福卡 邀请人数:大约60多个吧 最终结果就是 我到了最后一步福卡 然后福卡就差一张幸福 就死活抽不到 然后接着是重复卡 抽到了敬业 说五张重复卡可以兑换打款 结果我用五个敬业卡 兑换了两分钱的打款 最后缺少了敬业卡和幸福卡 接下来我接着邀请人 后面直接不出卡了 邀请了十个之后 每次都抽不到 全是锦鲤附体 “官方祝我一定要提现”再次看见这几个字 破防了 真的想喷死拼多多 我以后再也不喜欢拼多多了 再也不用拼多多了 买东西全上tb 看见拼多多就恶心 来气 一整个就是被这个东西搞崩溃了 太搞人心态了 真是特别后悔为什么要把精力放在了这次不切实际的东西上 浪费了时间和精力 浪费了这么久,最后什么也没得到,心情还很糟糕!必须来这吐槽一下 另外提醒各位朋友:拼多多的套路太深了 如果这种拼多多套路都跨不过去 以后还有各种各样的问题 然后就是一般是到了碎片和积分这两个步骤的时候 能提现的就到账了 不能提现的就继续深造了 希望大家到了元宝这一步就果断放弃 不要攀比 别人能领 全是拼多多设置好的 有多少人能领到 就有十倍的人领不到 很可惜我们不是幸运的那一个 但是我们会在其他地方幸运 远离拼多多 #拼多多互助群[话题]# #拼多多提现套路深[话题]# #拼多多提现好坑[话题]# #拼多多提现骗人[话题]# #pdd垃圾[话题]#",./images/mnt/ali-sh-1/usr/lihaitao/process_0106/image/part_55/555102/2405924.jpg|./images/mnt/ali-sh-1/usr/lihaitao/process_0106/image/part_55/555102/2405925.jpg|./images/mnt/ali-sh-1/usr/lihaitao/process_0106/image/part_55/555102/2405926.jpg
8778,female,36-40,1033864,pdd我上早八,"拼多多我上早八!!!!啊啊啊啊啊气死了,拉了四五十个人,最后给我出这个。锦鲤附体!我醉了真的会谢啊#锦鲤附体[话题]# #还有人不知道[话题]# #拼多多[话题]# #拼多多商家[话题]# #拼多多[话题]# #拼多多提现[话题]# #拼多多购物分享[话题]# #拼多多互助[话题]#",./images/mnt/ali-sh-1/usr/lihaitao/process_0106/image/part_69/691630/3078081.jpg|./images/mnt/ali-sh-1/usr/lihaitao/process_0106/image/part_69/691630/3078082.jpg
8778,female,36-40,1683656,"又摸出了一个拼多多返现的小套路,笑死","昨天50元成功提现了3次,每次大概9个人左右,感觉运气超好!!! 然后今天下午开始了第4次,笑死 为了积累一点好人缘,怕被人烦,所以第四次只找了3个微信小伙伴助力,结果很顺利到了最后一步 —————— 为了不打扰朋友,我随便选择了一家TB购买砍刀数,还别说,卖家是有点实诚的,2.7元买10次,我买了2次[笑哭R]第一次差不多给了我12次左右,第二次给了我16次左右,我惊呆了!!!在这很久之前,我买过两次(不是同一家店),一次还给我整成功了,一次被吞了很多,白买了,所以这次没吞我次数,感觉还挺好!!! 但是,拼多多套路还蛮足的,哈哈哈哈,又一次验证了昨天的想法,集中邀人有时候真的没啥用,因为到最后,点出来的都是锦鲤附体了哈哈哈哈哈哈 当然有可能昨天成功次数太多,被系统标记了,也有可能系统设置了成功次数上限,就好像我玩🐑了个🐑从来没有应该过 anyway,还是感谢拼多多的慷慨,还蛮有趣的[笑哭R] 大家凑个热闹看,凑个热闹玩,这次不行下次呗哈哈哈哈 #拼多多[话题]# #拼多多转盘助力[话题]#",./images/mnt/ali-sh-1/usr/lihaitao/process_0106/image/part_69/691727/3078499.jpg
8778,female,36-40,1979814,nan,"拼多多现金大转盘成功提现700-小... 小红书 小红书App 你的生活指南 打开看看 心态要好,不要一直去拼多多有没有人助力,你只需要猛地发二维码发消息就行,10分钟看一次,你会发现有很多助力 我没有拉到新用户,但是那些活跃度不高的用户也会增加提现成功率在没有新用户的前提下,做好至少40人以上的准备,因为确实有点难 最后一点我感觉就是最近半个月再你拼多多买了很多东西,算了下,将近1000块吧(把凌乱的家 整理大扫除了,买了很多收纳的东西) 可能系统 感觉我是优质用户,所以给的提现金额大一些,成功可能性也大一些吧 最后希望所有的姐妹们都能提现成功,不成功也没关系,给朋友发助力就当联络感情了吧我提现 成功后,给大家报了喜,从7点聊到11点半 一些 以前玩得很好的朋友,好久没联系了的,就这个助力提现吐槽,再聊起大家现在的情况,我觉得也挺好的圈 #拼多多现金大转盘[话题]##拼多多提现[话题]##拼多多套路深[话题]##PDD提现攻略[话题]#",./images/mnt/ali-sh-1/usr/lihaitao/process_0106/image/part_101/1019640/4590798.jpg
8778,female,36-40,1179636,"狗拼多多,让我来击败你叭!","狗拼多多,让我来击败你叭!#拼多多[话题]# #助力[话题]# #互助[话题]# #拼多多助力[话题]# #拼多多互助[话题]# #现金大转盘[话题]# #推金币[话题]# #拼多多推金币[话题]# #pdd[话题]#",./images/mnt/ali-sh-1/usr/lihaitao/process_0106/image/part_61/616225/2711192.jpg|./images/mnt/ali-sh-1/usr/lihaitao/process_0106/image/part_61/616225/2711193.jpg|./images/mnt/ali-sh-1/usr/lihaitao/process_0106/image/part_61/616225/2711194.jpg|./images/mnt/ali-sh-1/usr/lihaitao/process_0106/image/part_61/616225/2711195.jpg
8778,female,36-40,1068259,野生咖啡,天每天越来越早的黑 又到一年快结尾 #咖啡[话题]# #咖啡日常[话题]# #咖啡机[话题]# #气动咖啡机[话题]# #治愈[话题]# #氛围感[话题]# #享受这悠闲时光[话题]# #享受独处[话题]# #今天你喝咖啡了吗[话题]###没有星期八气动咖啡机[话题]#,
8778,female,36-40,1339180,女生频繁抽烟的代价就是。。,"就是牙黄脸黄啊,真的是不知道怎么回事,抽烟抽着抽着就成这个样子了,现在牙黄的不能行,也没办法刷牙刷掉,现在真的不知道怎么搞了,大家有出现我这种情况吗?#吸烟有害身体健康[话题]# #抽烟[话题]##抽烟女生[话题]#",
8778,female,36-40,1010402,实在无法拒绝kitty圣诞塔蛋糕🥂,Kitty门永存#蛋糕[话题]# #西安蛋糕[话题]# #网红蛋糕[话题]# #kitty蛋糕[话题]# #圣诞蛋糕[话题]# #啃啃蛋糕[话题]#,
8778,female,36-40,785594,咖啡圈乱不乱?,#沉浸式做咖啡[话题]# #咖啡拉花[话题]# #咖啡日常[话题]# 咖啡圈乱不乱我不知道 反正练少了麦穗就乱 哈哈哈哈 做好自己 最重要,
8778,female,36-40,1930932,店铺今日装修进度80%,强迫症真的不适合装修 店铺修修补补装了好几个月 可装到最后哪哪都不满意 想推翻重装可实力不允许[哭惹R] 后期靠软装来支撑一下吧#记录装修过程[话题]# #装修日记[话题]# #洞石[话题]# #微水泥[话题]# #童装实体店[话题]# #我的童装店[话题]# #慈溪探店[话题]#,
8931,female,26-30,1063144,"出一只多的未拆兔子,未拆雪纳瑞,一只小鸡",#bob搪胶[话题]# #潮玩开箱[话题]# #盲盒手感分享[话题]# #当潮玩融入生活[话题]# #大人也要玩玩具[话题]# #玩具开箱[话题]#,./images/mnt/ali-sh-1/usr/lihaitao/process_0106/image/part_83/836920/3765745.jpg|./images/mnt/ali-sh-1/usr/lihaitao/process_0106/image/part_83/836920/3765746.jpg|./images/mnt/ali-sh-1/usr/lihaitao/process_0106/image/part_83/836920/3765747.jpg
8931,female,26-30,1669641,通讯录抽盲盒也只能抽到🐻和🐷,#大人也要玩玩偶[话题]# #farmerbob[话题]# #🌈[话题]#,
8931,female,26-30,980591,整理复数翻出这么些如今h价的栗子,话说也没多久前(今年上半年吧 中华饭店栗子馒头再贩 虽然没抢到官网 但是煤炉也是非常正常的价切到的 1开头 阪急栗子是非常喜欢的款 于是赶脚复数 国内外切 最贵那只全新未拆大概200+ 镜饼栗子更是便宜 当时切煤才几十块 现在买栗子 好难好难🤯 声明:所有的复数不出不出不出 不要蹲也不要问我出不出🙏 #chiikawa[话题]# #chiikawa栗子馒头[话题]# #阪急栗子[话题]##镜饼栗子[话题]# #中华饭店栗子[话题]#,./images/mnt/ali-sh-1/usr/lihaitao/process_0106/image/part_58/588454/2583110.jpg
8931,female,26-30,1976632,东武池袋三丽鸥你真棒棒,别的三丽鸥都能做到 限制人数限购数量 你家就是开门把所有黄牛都放进去[黑薯问号R][黑薯问号R][黑薯问号R] 既然如此 早上排队的意义是什么 还是输在了没有经验上 完全抢不到一点 被人挤过来挤过去 黄牛进来直接把货架都给踹了 还得是你们 这家店和黄牛沆瀣一气 大避雷👎👎👎 #三丽鸥[话题]# #三丽鸥sanrio[话题]# #三丽鸥草莓蛋糕系列[话题]# #美乐蒂[话题]# #美乐蒂蛋糕[话题]# #Kitty[话题]# #东武池袋[话题]#,
8931,female,26-30,1316125,Sanrio swimmer,三丽鸥 swimmer 系列 #hellokitty50周年[话题]# #kitty控[话题]# #三丽鸥[话题]# #kitty挂件[话题]# #Kitty衣服[话题]# #大耳狗20周年[话题]# #美乐蒂控[话题]# #酷洛米[话题]# #sanrioswimmer[话题]# #大人也要玩玩具[话题]#,./images/mnt/ali-sh-1/usr/lihaitao/process_0106/image/part_73/734761/3293013.jpg
8931,female,26-30,1000063,终于有点实用性功能,#原来还能这么玩[话题]# #有点东西在的[话题]# #出乎意料的发现[话题]# #bob搪胶[话题]# #bob搪胶毛绒[话题]# #farmerbob[话题]# #搪胶毛绒[话题]# #搪胶挂件[话题]# #大人也要玩玩具[话题]# #bob考拉[话题]# @FARMERBOB,
8931,female,26-30,795013,"小鹦鹉实在太多,养不过来了","[勾引R]应有尽有的成都粉丝见面会:带你看新品、抽鹦鹉盲盒、麻将健身局、吃火锅...连吃带拿,真是美滋滋 本霸总联名的小鹦鹉盲盒,有想养的吗?[得意R] #洁柔[话题]# #洁柔铁粉[话题]# #洁柔铁粉见面会[话题]# #用洁柔当霸总[话题]# #一起囤洁柔[话题]# #小鹦鹉bebe[话题]# #线下活动[话题]# #新品[话题]# #盲盒[话题]##抽纸[话题]# #纸巾[话题]# #卫生纸[话题]# #纸[话题]# #厨房纸巾[话题]#",
8931,female,26-30,1529897,宝宝 你是一个小蛋糕🍰,怎么可以这么可爱啊啊啊啊 好喜欢😻 没买到mm和kitty 但是库洛米也好可爱 #库洛米[话题]# #三丽鸥白草莓[话题]#,./images/mnt/ali-sh-1/usr/lihaitao/process_0106/image/part_60/600304/2637402.jpg|./images/mnt/ali-sh-1/usr/lihaitao/process_0106/image/part_60/600304/2637403.jpg|./images/mnt/ali-sh-1/usr/lihaitao/process_0106/image/part_60/600304/2637404.jpg|./images/mnt/ali-sh-1/usr/lihaitao/process_0106/image/part_60/600304/2637405.jpg|./images/mnt/ali-sh-1/usr/lihaitao/process_0106/image/part_60/600304/2637406.jpg|./images/mnt/ali-sh-1/usr/lihaitao/process_0106/image/part_60/600304/2637407.jpg|./images/mnt/ali-sh-1/usr/lihaitao/process_0106/image/part_60/600304/2637408.jpg|./images/mnt/ali-sh-1/usr/lihaitao/process_0106/image/part_60/600304/2637409.jpg
8931,female,26-30,1346663,有没有宝宝拼单的!!(满),"泡泡玛特珍宝珠联名 一个59的话是一个颜色的全ip,像p2这样的有点单调,想找个五个人拼单每个人拼成p1这样的每个颜色都有的!!!!! 可以和我指定想要的ip的颜色,不冲突的话都可以满足!!就是邮费要自理 #泡泡玛特[话题]# #泡泡玛特盲盒[话题]# #潮玩[话题]##泡泡玛特萌粒[话题]# #泡泡玛特珍宝珠甜蜜联名[话题]#",./images/mnt/ali-sh-1/usr/lihaitao/process_0106/image/part_68/689831/3069601.jpg|./images/mnt/ali-sh-1/usr/lihaitao/process_0106/image/part_68/689831/3069602.jpg|./images/mnt/ali-sh-1/usr/lihaitao/process_0106/image/part_68/689831/3069603.jpg|./images/mnt/ali-sh-1/usr/lihaitao/process_0106/image/part_68/689831/3069604.jpg
8931,female,26-30,971976,冲了三百块钱奈雪送了这么多周边!,"该有的都送了,竹蜻蜓,冰箱贴,美少年包还有飞天小女警双肩包!唯一行李扣没有了好可惜!爱了爱了",./images/mnt/ali-sh-1/usr/lihaitao/process_0106/image/part_62/622339/2739186.jpg|./images/mnt/ali-sh-1/usr/lihaitao/process_0106/image/part_62/622339/2739187.jpg|./images/mnt/ali-sh-1/usr/lihaitao/process_0106/image/part_62/622339/2739188.jpg
8931,female,26-30,815357,🥹呜呜呜我哭了 第一个妈生隐藏是bob给的🥳,想要兔兔的来着 居然误打误撞抽到了隐藏 我哭死 #隐藏[话题]# #盲盒隐藏[话题]# #盲盒[话题]# #bob盲盒[话题]# #bob糖胶[话题]# #糖胶娃娃[话题]# #盲盒隐藏[话题]# #手感[话题]#,
8931,female,26-30,1295521,桂桂茶大气!,第一次只买两杯奶茶就可以获得那么多赠品!而且苏州文化宫的桂桂茶还可以选择纸袋另装! #蜡笔小新恐龙日记周边[话题]# #蜡笔小新恐龙[话题]# #蜡笔小新桂桂茶[话题]# #桂桂茶蜡笔小新电影联名[话题]#,
8931,female,26-30,1407254,不是想要的...,#farmerbob[话题]#,
8931,female,26-30,996196,置换古茗Bebe盲盒,"图一换图二标注的,广州同城交易#古茗联名鹦鹉bebe[话题]#",./images/mnt/ali-sh-1/usr/lihaitao/process_0106/image/part_109/1098448/4924997.jpg|./images/mnt/ali-sh-1/usr/lihaitao/process_0106/image/part_109/1098448/4924998.jpg
8931,female,26-30,993358,围观了大哥和露思的新剧拍摄!,#彭冠英[话题]# #赵露思[话题]# #电视剧恋人[话题]# #杭州inpark[话题]#,
8931,female,26-30,922732,关于我的朋友去买bob搪胶气到昏厥,关于我朋友一大早信誓旦旦的去杂物社去买bob搪胶满满整盒完美避开八个他想要的 抽到了最不想要的小鸡和小猪 这个概率也是没谁了!#bob怪奇守护者[话题]#,
8931,female,26-30,1045666,乐乐茶草莓🍓系列❗小红帽奶茶太可爱啦~,"一觉醒来被乐乐茶新品硬控3⃣分钟!草莓🍓脑袋大爱!! 酸酸甜甜的草莓奶茶🥤,再搭配小红帽杯饰,冬日❄氛围拉满~ 还有juju可爱的草莓捏捏!一整个期待住了❗❗ 「奶油草莓鲜牛乳」 草莓搭配鲜牛乳,酸甜可口,层次丰富~外包装还是可回收的复古“小红帽”奶瓶🍼!敲可爱!! 「雪山草莓酸奶油」 酸奶油搭配草莓冰沙,清爽绵密🩵,满口果肉!加上“小红帽”杯饰!由外到内的甜~ 「草莓麻薯生打椰」 喜欢😘麻薯的宝子直接冲!酸甜的草莓和清甜的生椰乳🌴搭配奶味十足的麻薯真的绝配!建议点热♨的,冬天喝上一杯暖暖的糯叽叽...超幸福! 「大口草莓桃」 满满的果肉!甜甜的桃汁🍑!酸酸甜甜特别清爽💨!粉粉💓的颜值超高!热饮喝起来感觉又不一样,和热红酒一样的冬天氛围感🧣饮品~ 买「草莓捏捏」套餐➕3r还有一个草莓捏捏~~ Ps:任意购买草莓系列2杯✌ 新周边草莓捏捏也太Q了叭!真的被拿捏住了! 喜欢吃草莓🍓的姐妹一定不要错过啦!! ⏰11.29号全国上新!!快艾特你身边的甜妹儿一起冲! #乐乐茶[话题]# #乐乐茶推荐[话题]# #乐乐茶新品[话题]# #乐乐茶草莓[话题]# #戴上小红帽甜莓过冬[话题]##奶茶[话题]##奶茶分享[话题]##圣诞节[话题]##一起嚯奶茶[话题]##捏捏乐[话题]##草莓[话题]#",./images/mnt/ali-sh-1/usr/lihaitao/process_0106/image/part_102/1022882/4604421.jpg|./images/mnt/ali-sh-1/usr/lihaitao/process_0106/image/part_102/1022882/4604422.jpg|./images/mnt/ali-sh-1/usr/lihaitao/process_0106/image/part_102/1022882/4604423.jpg|./images/mnt/ali-sh-1/usr/lihaitao/process_0106/image/part_102/1022882/4604424.jpg
8931,female,26-30,810313,寻找独角兽最厉害了!!!,"全网首发,2秒的单子等到线下抽盒和店铺都铺货随便买了,还没发货,人家后拍的单子都拿到货不知道多少天了,还没发货。 好不容易忍到在20几天后收到货了,哇,没有赠品! 好,可能是我的错,让你们给下单顺序,你们没有! 哈哈哈哈哈哈,你们页面写的先到先得,你告诉我后面有赠品退单回流,以下单页面为准。这叫先到先得??????都拍回流的,叫做比我2秒的单子先? 真的见识了!!! 你们让我太长见识了!!! #寻找独角兽[话题]#",./images/mnt/ali-sh-1/usr/lihaitao/process_0106/image/part_64/647205/2865217.jpg
8931,female,26-30,1442760,跑了好几家才买到......,怎么突然这么多人[石化R][石化R]群里宝子们都没买齐[哭惹R][哭惹R] #日本扫街[话题]# #快乐吃谷[话题]# #三丽鸥[话题]# #sanrio[话题]#,./images/mnt/ali-sh-1/usr/lihaitao/process_0106/image/part_74/741649/3324777.jpg
8931,female,26-30,1595207,我想要个BOB虎鲸兽~一抽一个不吱声,#我的日常[话题]# #日常生活里的快乐瞬间[话题]# #日常[话题]# #生活需要分享欲[话题]# #我的日常Vlog[话题]# #bob[话题]# #盲盒[话题]# #挂件[话题]# #打工人[话题]# #我的盲盒分享[话题]#,./images/mnt/ali-sh-1/usr/lihaitao/process_0106/image/part_55/555694/2409444.jpg|./images/mnt/ali-sh-1/usr/lihaitao/process_0106/image/part_55/555694/2409445.jpg|./images/mnt/ali-sh-1/usr/lihaitao/process_0106/image/part_55/555694/2409446.jpg|./images/mnt/ali-sh-1/usr/lihaitao/process_0106/image/part_55/555694/2409447.jpg|./images/mnt/ali-sh-1/usr/lihaitao/process_0106/image/part_55/555694/2409448.jpg|./images/mnt/ali-sh-1/usr/lihaitao/process_0106/image/part_55/555694/2409449.jpg|./images/mnt/ali-sh-1/usr/lihaitao/process_0106/image/part_55/555694/2409450.jpg
9102,female,19-22,1711608,西区食堂上新|沙威玛鸡肉卷饼,"上新时间:11月20日起,每天早上7:00售卖(大约30个) 上新地点:西区食堂一层北厅7号窗口 价格:10元/个 东区食堂沙威玛先出牌,西区食堂后出牌所以抢先发售了,早上就满口蒜味也有点麻烦,30个也差不多,大家尝尝鲜应个景就好[微笑R][微笑R][微笑R]",
9102,female,19-22,1146905,nan,"每一个人都可以成为生活中的阳光。用我们的微笑、用我们的善良、用我们的热情去温暖这个世界。让我们一起传递阳光正能量,让这个世界因我们而更加美好。",./images/mnt/ali-sh-1/usr/lihaitao/process_0106/image/part_75/757682/3395824.jpg
9102,female,19-22,798705,谁说我们莱欧斯利没复刻?,#原神[话题]##原神创作者激励计划[话题]# #莱欧斯利[话题]# 这不是复刻了么? 已私拼好饭中毒后幻想ing......,./images/mnt/ali-sh-1/usr/lihaitao/process_0106/image/part_58/587051/2577017.jpg
9102,female,19-22,1273766,这款58元的谷美和我1元的谷子是绝配,"可挂可立有粒粒,还有加购层可以放58mm的吧唧 买的镭射款配上莱欧的祈愿收藏透卡真的是绝配 (习惯性撕膜+之前配吧唧外出当过一段时间特种兵, 所以请无视掉指纹划痕那些...) #谷美[话题]# #不要怀疑一个拍谷人的滤镜[话题]# #莱欧斯利[话题]# #吃谷人的快乐[话题]#",./images/mnt/ali-sh-1/usr/lihaitao/process_0106/image/part_109/1096289/4916043.jpg|./images/mnt/ali-sh-1/usr/lihaitao/process_0106/image/part_109/1096289/4916044.jpg
9102,female,19-22,1733037,不要污名化女仆风,#Lolita[话题]#,./images/mnt/ali-sh-1/usr/lihaitao/process_0106/image/part_111/1118468/5008993.jpg
9102,female,19-22,1166129,"好好笑,卫生巾要起诉我们消费者了","卫生巾一边道歉,一边要起诉,真有意思 #卫生巾[话题]# #我为消费者发声[话题]# #麦琳[话题]#",
9102,female,19-22,1059135,细思极恐。。太可怕了,突然发现莱欧斯利从来都没有否认过他是莱特...天奶...打这段话的时候我手都在发抖... 莱特是莱欧斯利的证据有: 1他们都姓莱 2他们的大招都是欧拉欧拉 3他们都很大 4他们从未同时出现过 ...... #原神[话题]# #绝区零[话题]# #莱欧斯利[话题]# #莱特[话题]# #原神创作者激励计划[话题]#,./images/mnt/ali-sh-1/usr/lihaitao/process_0106/image/part_56/568591/2486226.jpg
9102,female,19-22,840325,打开后被击中心脏🫀,"镭射底和拉丝白冰亚克力色纸打样 Os:打我,打我(bushi #莱欧斯利[话题]# #原神[话题]#",
9102,female,19-22,777087,【森太/CPSP摊宣】,森太授权 主狱审公钟刃恒 #原神[话题]# #崩坏星穹铁道[话题]# #莱欧斯利[话题]# #公钟[话题]# #狱审[话题]# #莱那[话题]# #饮月君[话题]# #丹恒[话题]# #达达利亚[话题]# #cpsp[话题]# #cpsp2024[话题]# #cpsp漫展[话题]#,./images/mnt/ali-sh-1/usr/lihaitao/process_0106/image/part_99/992189/4466080.jpg|./images/mnt/ali-sh-1/usr/lihaitao/process_0106/image/part_99/992189/4466081.jpg|./images/mnt/ali-sh-1/usr/lihaitao/process_0106/image/part_99/992189/4466082.jpg
9102,female,19-22,1670652,cpgz06 贰P21-22随缘摊宣,"随缘摊宣,买xx的请主动出示相关自证领取购物点菜单#cpgz06[话题]# #公钟[话题]# #理砂[话题]# #狱审[话题]##刃恒[话题]#",
9102,female,19-22,1526970,好🐻的欧宝!,"没拆盒随手拍了一下嘿嘿嘿,牛奶丝➕无敌软的硅胶!目前已经上架,限量嗷#原神[话题]# #莱欧斯利[话题]#",
9102,female,19-22,1083899,魔都原神&崩铁ONLY 摊宣,"【星辰纪行-魔都原神&崩坏星穹铁道ONLY】摊宣 摊位号是D19-D20,无料大放送哦! 是森太和marimo 太太的小代理~熊猫猫社团🎵 这次带了森太的两本💧🔶和一本⚔️🍁以及好多亚克力和纸片哦! Marimo 太太的Q版和正比小朋友也超级无敌可爱! 欢迎大家来摊位看看哦! #原神[话题]# #崩坏星穹铁道[话题]#",./images/mnt/ali-sh-1/usr/lihaitao/process_0106/image/part_103/1033484/4649352.jpg|./images/mnt/ali-sh-1/usr/lihaitao/process_0106/image/part_103/1033484/4649353.jpg
9102,female,19-22,1940109,没事吧??爱猫,"吃到一个瓜,挺炸裂的[暗中观察R][暗中观察R] #爱猫的瓜[话题]##爱猫君[话题]#",./images/mnt/ali-sh-1/usr/lihaitao/process_0106/image/part_60/608015/2673214.jpg
9102,female,19-22,955112,nan,要不要为了熊猫换个社团呀 上次我们社团好像一共才换到18只那档的奖励 虽然我四只都做完了但是后续商店的奖励好像只兑换了一个小电池 而且有一个也集齐的已经退团了......但是我们社团助力点得挺快的又别的没有什么要求 所以有点纠结🚬 #四季合合[话题]#,./images/mnt/ali-sh-1/usr/lihaitao/process_0106/image/part_86/861612/3875720.jpg
9102,female,19-22,1195536,【理砂/森太授权转载】《OUTSIDE BET》新刊封面,"森太理砂新刊封面 授权汉化实体待通知哦♪( ́ε` )# PS:这里是熊猫猫社团,森太授权转载,不是卖资源的,拜托别来后台求资源,非常感谢🙏。 PSS:森太漫本的所有电子版都是盗版,森太没有任何扫描版或者电子版的授权,请各位咪们注意,谢谢大家对正版的支持! #崩坏星穹铁道[话题]# #理砂[话题]# #真理医生[话题]# #砂金[话题]#",
9102,female,19-22,1731472,让人眼前一新的模特图,"偶然间刷淘宝看见的,好有创意呀,要是一些女装店也这样就好了,可以给买家多一点参考维度。不过这家衣服我还没买过,只是感觉图片拍的真的很有创意!天气冷下来可能会去买一件试试。 二编 本意只是想夸夸,这样的模特图,很有活力,也很有女性美。大致就是我置顶评论那个意思,我的嘴比较笨hhh。不是广告!这是我发碎碎念的小号!我把我自己的购买截图放在p3了(精打细算的女人凑了满减)也是最近刚买的,穿着还可以,但是穿久了会不会不好我也不清楚,就买了两三天,大家理性种草哇。评论区有说1688同源,是不是真的我也不清楚,大家自行鉴别喔。 三编 [微笑R]置顶评论怎么不见了,谁能还给我,我的嘴说不出这么好的话。有些评论下面的评论也不见了,小红📕我恨你...... 写在最后 希望美是多元的,健康的,而不是一味地追求白幼瘦。希望无论胖瘦,都能有自己合身的衣服。希望世界变得越来越包容。[拥抱R][拥抱R][拥抱R] #秋衣秋裤[话题]# #模特[话题]# #淘宝[话题]#",
9102,female,19-22,961181,他攻速好快啊!,#崩坏星穹铁道[话题]# #星穹铁道二创[话题]# #崩坏星穹铁道创作者激励计划[话题]# #星穹铁道日更挑战[话题]# #星穹铁道星期日[话题]# #星期日[话题]#,./images/mnt/ali-sh-1/usr/lihaitao/process_0106/image/part_63/637132/2805572.jpg
9102,female,19-22,1505759,鹿晗音乐节的最大受害者出现了,真的要被黄子韬的评论区笑死了 #搞笑[话题]# #搞笑的日常[话题]# #评论区[话题]# #鹿晗工作室:下一站北京见[话题]# #黄子韬徐艺洋[话题]# #黄子韬直播[话题]#,./images/mnt/ali-sh-1/usr/lihaitao/process_0106/image/part_88/881306/3975891.jpg
9102,female,19-22,1659101,宝宝你是一块小蛋糕🍰,好可爱🥺 这个动作有点ooc但是真的很可爱 #ob11[话题]# #12分bjd[话题]# #莱欧斯利[话题]# #,./images/mnt/ali-sh-1/usr/lihaitao/process_0106/image/part_61/616918/2714538.jpg
9173,female,13-15,1389068,注意看这只猫终于有约稿条了,"画加ID:猫小虞 可直接在画加约,也可直接私 约稿请私@小薰儿 接各种oc,同人 目前只接Q版,不接没有Q版形象的成男角色 有什么画面上的要求直接提,很好说话,谢谢大家! #画手约稿[话题]# #接稿接稿[话题]# #绘圈[话题]# #头像约稿[话题]# #白菜价约稿接稿[话题]# #白菜价约稿快来找我画画画吧[话题]#",./images/mnt/ali-sh-1/usr/lihaitao/process_0106/image/part_85/858886/3863094.jpg|./images/mnt/ali-sh-1/usr/lihaitao/process_0106/image/part_85/858886/3863095.jpg|./images/mnt/ali-sh-1/usr/lihaitao/process_0106/image/part_85/858886/3863096.jpg|./images/mnt/ali-sh-1/usr/lihaitao/process_0106/image/part_85/858886/3863097.jpg|./images/mnt/ali-sh-1/usr/lihaitao/process_0106/image/part_85/858886/3863098.jpg|./images/mnt/ali-sh-1/usr/lihaitao/process_0106/image/part_85/858886/3863099.jpg|./images/mnt/ali-sh-1/usr/lihaitao/process_0106/image/part_85/858886/3863100.jpg|./images/mnt/ali-sh-1/usr/lihaitao/process_0106/image/part_85/858886/3863101.jpg
9173,female,13-15,1535186,这么可爱的小熊头像确定不来一个吗,小泡芙萌萌嘟 客单展示~ #奥比岛头号11月之星[话题]# #奥比岛梦想国度[话题]# #头像约稿[话题]# #奥比岛头像约稿[话题]# #稿件展示[话题]# #勿存勿用[话题]#,./images/mnt/ali-sh-1/usr/lihaitao/process_0106/image/part_55/555632/2409145.jpg|./images/mnt/ali-sh-1/usr/lihaitao/process_0106/image/part_55/555632/2409146.jpg|./images/mnt/ali-sh-1/usr/lihaitao/process_0106/image/part_55/555632/2409147.jpg
9173,female,13-15,869894,页游的无偿小熊噢!,页游的小熊太精致啦(。ò ∀ ó。) #奥比岛穿搭[话题]# #奥比岛页游[话题]# #我的奥比岛我自己来安利[话题]# #奥比岛无偿[话题]# #无偿约稿[话题]#,./images/mnt/ali-sh-1/usr/lihaitao/process_0106/image/part_71/718530/3202110.jpg|./images/mnt/ali-sh-1/usr/lihaitao/process_0106/image/part_71/718530/3202111.jpg
9173,female,13-15,1286550,不要放过这个教授,#第五人格[话题]# #无cp向[话题]# @有深井就骂 喜婉梦女,
9173,female,13-15,1430232,两个很可爱的宝宝,"和亲友画的表格,开心 两个都特别可爱❤️ #黑塔利亚[话题]##弗朗西斯波诺弗瓦[话题]# #偶像梦幻祭2[话题]# #七种茨[话题]# #偶像梦幻祭[话题]#",./images/mnt/ali-sh-1/usr/lihaitao/process_0106/image/part_64/640973/2828105.jpg
9173,female,13-15,1536811,nan,"一起许愿也太可爱了,真的被感动到了#星纳[话题]# #奥比岛手游[话题]# #奥比岛[话题]#",
9173,female,13-15,1475141,一、二、三......?,"一变三,奥比岛你好会玩#同人图[话题]# #奥比岛[话题]# #奥比岛手游[话题]# #黑古拉[话题]# #星纳[话题]#",
9173,female,13-15,1048230,重伤,怎么会有熊为了救奥比受了重伤但却什么也不说啊...... 既然奥子没画受伤那我就偷偷造谣画一下[害羞R]#奥比岛手游[话题]# #奥比岛[话题]# #黑古拉[话题]##奥比岛梦想国度[话题]#,
9173,female,13-15,1450979,要一起去推雪球吗?,#星纳[话题]# #奥比岛手游[话题]# #奥比岛[话题]# #奥比岛梦想国度[话题]#,./images/mnt/ali-sh-1/usr/lihaitao/process_0106/image/part_109/1093800/4905580.jpg
9173,female,13-15,874964,圆珠笔画,#奥比岛百妖夜行[话题]# #奥比岛[话题]# #奥比岛头号11月之星[话题]#,./images/mnt/ali-sh-1/usr/lihaitao/process_0106/image/part_77/777443/3483938.jpg|./images/mnt/ali-sh-1/usr/lihaitao/process_0106/image/part_77/777443/3483939.jpg|./images/mnt/ali-sh-1/usr/lihaitao/process_0106/image/part_77/777443/3483940.jpg
9173,female,13-15,1623926,小花仙夏安安手机壁纸1.0版,"小花仙夏安安手机壁纸1.0版 素材来源于网络 仅供自用交流学习,侵联删 #小花仙[话题]##夏安安[话题]# #库库鲁[话题]# #小花仙壁纸[话题]# #壁纸[话题]# #小花仙夏安安[话题]# #动态壁纸[话题]# #回忆杀来一波[话题]#",
9173,female,13-15,1731249,"Queen never cry风雪之心版,哈哈哈哈哈哈哈",#创人[话题]# #画手精神状态[话题]# #风雪之心[话题]# #音韵公主[话题]# #小马宝莉[话题]# #Queennevercry[话题]#,./images/mnt/ali-sh-1/usr/lihaitao/process_0106/image/part_58/587126/2577363.jpg|./images/mnt/ali-sh-1/usr/lihaitao/process_0106/image/part_58/587126/2577364.jpg
9173,female,13-15,1697516,🔥️奥比岛的夏天🔥️,20分钟的小抽象东西哈哈哈哈哈哈#奥比岛[话题]# #奥比岛二创[话题]# #奥比岛头号玩家pro计划[话题]# #奥比岛头号11月之星[话题]# #星纳[话题]# #星奥[话题]# #梗图[话题]# #美人鱼的夏天[话题]#,
9173,female,13-15,1187102,把旅行者「莉卡」带回家啦!,"“我是拥有很多很多很多爱的小龙!” 恶龙怨念汇聚成的三头龙,在奥比的帮助下蜕变为人形,并且有了新的名字——莉卡!莉卡加入了奥比和星纳的家庭,这里有她最爱吃的蛇眼睛馅饼,也有家人们给她无微不至的关爱,这些都让她确信,自己就是世界上最幸福的小龙~ 😈11月28日「龙之心」活动限时开启,旅行者「莉卡」获取概率限时提升!快来参与活动获取莉卡旅行者,了解她的故事吧! ✨通过莉卡语录或万能语录还可以点亮旅行者「莉卡」的星图,点亮天赋二星和天赋五星时分别可以解锁莉卡专属皮肤「甜蜜居家」和「糖心馋龙」。提高「莉卡」的好感度可以获得她的同款装扮「莉卡套装」,在异世图书馆的时空商店,还可以获取「莉卡个性套装」哦~ ⭐活动时间⭐ 11月28日05:00-12月11日23:59 ⭐活动说明⭐ 1、活动期间,使用“购书券”可随机获得奖励,奖励包含旅行者、记忆链接、旅行者语录、旅行者礼物等。 2、当“购书券”不足时,可使用晶钻进行购买。 3、活动期间,在奥柏百货将会上架超值的“龙之心特惠”限时活动礼包,买完即止。 4、活动结束后,未使用的""购书券""不会进行回收。 ※ 每使用20次“购书券”,必定获得一名旅行者(该旅行者为限时旅行者「莉卡」的概率最高)。 ※ 每使用40次“购书券”,必定获得旅行者「莉卡」。 ※ 每使用90次“购书券”,必定获得莉卡专属记忆链接「恶龙布偶」。 ※ 概率详情可于活动开启后在游戏内活动界面查看。 温馨提示:旅行者「莉卡」的星图通过莉卡语录或万能语录进行点亮,本次活动无法使用传记借阅凭证参与;在活动结束后,旅行者「莉卡」暂不会加入异世图书馆。活动期间,参与活动完成剧情任务可免费获得…",./images/mnt/ali-sh-1/usr/lihaitao/process_0106/image/part_61/612359/2693613.jpg|./images/mnt/ali-sh-1/usr/lihaitao/process_0106/image/part_61/612359/2693614.jpg|./images/mnt/ali-sh-1/usr/lihaitao/process_0106/image/part_61/612359/2693615.jpg|./images/mnt/ali-sh-1/usr/lihaitao/process_0106/image/part_61/612359/2693616.jpg|./images/mnt/ali-sh-1/usr/lihaitao/process_0106/image/part_61/612359/2693617.jpg
9173,female,13-15,1441007,画头像吗?包抽象的,"感谢小奥比们对《逢妖记》剧组的支持,今天的大合照分享给大家!(顺便附上奶油在线为小奥比绘制的抽象头像) 💡直播专属兑换码【年度好剧逢妖记】(内含:晶钻服装彩蛋锤*1、稀有泡芙卡盒*2、典藏泡芙卡盒*1),11月25日23:59前都可以前往游戏内兑换福利哦~(兑换方式:游戏右上角书本-设置-兑换奖励) 🎁🎁🎁🎁🎁 1留言奖励:在本条笔记下方评论你对奶油咖啡直播的祝福,发送直播大合照 11月30日前将随机选取10位幸运奥比送出【奥比的好熊友系列便利贴】 2加码奖励:奶油听说很多小奥比都喜欢她的抽象大作,于是她决定在评论区随机为3位小奥比绘制【抽象头像(随机款)】,小奥比们可以将自己的穿搭分享到评论区参与活动哦~ 3直播间手动开奖中奖名单: -恭喜以下玩家在直播游戏环节夺得MVP,获得【奥比重逢徽章】: 弥月朔、白景悦、神阶、渊里 -恭喜以下玩家在头像绘制环节幸运中奖,获得【奥比家族闪卡】 睡满、万事胜意、晚烟呐、啊嗌、小蛇_ ⭐请以上小奥比在11月30日23:59前按照以下格式发送获奖信息到官方邮箱(见评论区)领奖,奖品将在收到信息后60个工作日内发放,请耐心等候~ 1、📮命名:【奥比岛逢妖记+获奖游戏昵称/小红书昵称】 2、正文需包含:小红书获奖需发送小红书主页截图+快递信息(包含姓名+电话+地址),游戏内获奖需发送游戏个人主页截图+快递信息(包含姓名+电话+地址) 在直播间福袋中奖的小奥比们也不要忘了留意后台信息,及时填写中奖信息避免逾期哦~ #奥比岛[话题]# #奥比岛手游[话题]# #奥比岛逢妖记[话题]# #直播[话题]#",./images/mnt/ali-sh-1/usr/lihaitao/process_0106/image/part_79/795677/3568081.jpg|./images/mnt/ali-sh-1/usr/lihaitao/process_0106/image/part_79/795677/3568082.jpg|./images/mnt/ali-sh-1/usr/lihaitao/process_0106/image/part_79/795677/3568083.jpg
9173,female,13-15,1603974,🎁旅行者「莉卡」11月28日上线!角色PV首曝,"“蛇眼睛捏一捏,莉卡最爱的蛇眼睛馅饼做好啦~” 😋幸福而平静的日子,还有吃不完的蛇眼睛馅饼...莉卡历经诸多波折后,总算过上了自己梦寐以求的生活。可突然冒出来的一个念头,又让她深深陷入了不安之中...要到哪里才能寻得一个独立于时空之外的“世外桃源”呢?她想和最爱的家人永远不分离! ⭐11月28日,「龙之心」活动限时开启,参与活动即有机会获得旅行者「莉卡」,解锁星图星级可解锁其专属皮肤「甜蜜居家」和「糖心馋龙」,提高「莉卡」的好感度还可以获得她的同款装扮 #奥比岛[话题]# #奥比岛手游[话题]# #莉卡[话题]# #奥比岛逢妖记[话题]#",./images/mnt/ali-sh-1/usr/lihaitao/process_0106/image/part_108/1087418/4879085.jpg|./images/mnt/ali-sh-1/usr/lihaitao/process_0106/image/part_108/1087418/4879086.jpg|./images/mnt/ali-sh-1/usr/lihaitao/process_0106/image/part_108/1087418/4879087.jpg|./images/mnt/ali-sh-1/usr/lihaitao/process_0106/image/part_108/1087418/4879088.jpg|./images/mnt/ali-sh-1/usr/lihaitao/process_0106/image/part_108/1087418/4879089.jpg|./images/mnt/ali-sh-1/usr/lihaitao/process_0106/image/part_108/1087418/4879090.jpg|./images/mnt/ali-sh-1/usr/lihaitao/process_0106/image/part_108/1087418/4879091.jpg|./images/mnt/ali-sh-1/usr/lihaitao/process_0106/image/part_108/1087418/4879092.jpg
9173,female,13-15,1559755,且熊为刀俎我为鱼肉,又去看了一遍剧情 感觉就一直被推动着走诶 #奥比岛[话题]# #奥比岛大逃杀[话题]# #奥比岛二创[话题]# #奥比岛手游[话题]# #黑古拉[话题]# #星纳[话题]#,./images/mnt/ali-sh-1/usr/lihaitao/process_0106/image/part_67/674831/3001134.jpg|./images/mnt/ali-sh-1/usr/lihaitao/process_0106/image/part_67/674831/3001135.jpg|./images/mnt/ali-sh-1/usr/lihaitao/process_0106/image/part_67/674831/3001136.jpg
9173,female,13-15,781793,想观察这世界和你,"是史瓦西的点图呀 拖了很久终于画完啦 考虑搞个手书玩玩,接着点图下一位 或者整点桌宠,live2d,鼠标指针那种电子东西? #下一个点什么 [投票]# #奥比岛[话题]# #奥比岛大逃杀[话题]# #奥比岛二创[话题]# #奥比岛手游[话题]# #史瓦西[话题]# #黑古拉[话题]# #星纳[话题]# #莉卡[话题]#",./images/mnt/ali-sh-1/usr/lihaitao/process_0106/image/part_91/918682/4137876.jpg|./images/mnt/ali-sh-1/usr/lihaitao/process_0106/image/part_91/918682/4137877.jpg|./images/mnt/ali-sh-1/usr/lihaitao/process_0106/image/part_91/918682/4137878.jpg
9173,female,13-15,1076702,"原来是奥比啊,我还以为是猫猫","原作【原来是炼金术师啊,我还以为是猫猫】 本手书为描改,ooc致歉 上一次投票最后手书赢了 不过还是托oc的福 搞完oc的顺手就把奥比岛的画了 下一张还是画图吧,可能有兴致也会剪手书? 也可以推荐一下,感兴趣就会去剪 手里面有两个构图,天狼莉卡二选一 #奥比岛[话题]# #奥比岛百妖夜行[话题]# #奥比岛二创[话题]# #黑古拉[话题]# #星纳[话题]# #史瓦西[话题]# #莉卡[话题]# #天狼[话题]##奥比岛手游[话题]# #下张点图角色 [PK]#",./images/mnt/ali-sh-1/usr/lihaitao/process_0106/image/part_89/893912/4029499.jpg|./images/mnt/ali-sh-1/usr/lihaitao/process_0106/image/part_89/893912/4029500.jpg|./images/mnt/ali-sh-1/usr/lihaitao/process_0106/image/part_89/893912/4029501.jpg|./images/mnt/ali-sh-1/usr/lihaitao/process_0106/image/part_89/893912/4029502.jpg|./images/mnt/ali-sh-1/usr/lihaitao/process_0106/image/part_89/893912/4029503.jpg|./images/mnt/ali-sh-1/usr/lihaitao/process_0106/image/part_89/893912/4029504.jpg|./images/mnt/ali-sh-1/usr/lihaitao/process_0106/image/part_89/893912/4029505.jpg|./images/mnt/ali-sh-1/usr/lihaitao/process_0106/image/part_89/893912/4029506.jpg
9173,female,13-15,1007276,公主从不哭泣,"反正也无人在意我,抽象一波 #小马宝莉[话题]##小马宝莉紫悦[话题]# #小马宝莉宇宙公主[话题]# #小马宝莉月亮公主[话题]# #小马宝莉音韵公主[话题]# #ooc致歉一切[话题]# #ooc致歉[话题]# #ooc自行避雷[话题]# #抽象[话题]#",./images/mnt/ali-sh-1/usr/lihaitao/process_0106/image/part_86/864189/3887152.jpg
9385,female,13-15,1063131,救命~轻松熊围巾来啦🧸🥨泰泰泰泰好看啦,快来快来快来~我疯啦 泰泰泰泰泰可爱啦 没想到上身这么绝...... 蹲de宝宝往这看 #提前被圣诞的浪漫包围[话题]# #轻松熊[话题]# #毛绒围巾[话题]# #萌[话题]# #围巾[话题]# #轻松熊围巾[话题]# #熊哥[话题]# #熊妹[话题]# #氛围感[话题]#,./images/mnt/ali-sh-1/usr/lihaitao/process_0106/image/part_89/897428/4044717.jpg|./images/mnt/ali-sh-1/usr/lihaitao/process_0106/image/part_89/897428/4044718.jpg|./images/mnt/ali-sh-1/usr/lihaitao/process_0106/image/part_89/897428/4044719.jpg|./images/mnt/ali-sh-1/usr/lihaitao/process_0106/image/part_89/897428/4044720.jpg|./images/mnt/ali-sh-1/usr/lihaitao/process_0106/image/part_89/897428/4044721.jpg|./images/mnt/ali-sh-1/usr/lihaitao/process_0106/image/part_89/897428/4044722.jpg|./images/mnt/ali-sh-1/usr/lihaitao/process_0106/image/part_89/897428/4044723.jpg|./images/mnt/ali-sh-1/usr/lihaitao/process_0106/image/part_89/897428/4044724.jpg
9385,female,13-15,920275,mp新品 到了一部分一拍一下,mezzopiano新品太可爱了 等都到了再拍一下 #mezzopiano钢琴兔[话题]# #mezzopiano[话题]#,
9385,female,13-15,960360,nan,冬天到了 感觉自己就像阿呆哈哈哈哈哈 一直有鼻涕[捂脸R]#阿呆[话题]# #一些片刻[话题]# #过敏体质[话题]# #,
9385,female,13-15,1730957,有没有适合冬天吃的零食啊啊啊啊啊!,想要入冬零食🥹就是那种打开直接吃完全不脏手(因为洗手好冷)吃了有满满幸福感的零食!🙏姐妹推荐,./images/mnt/ali-sh-1/usr/lihaitao/process_0106/image/part_85/858264/3860250.jpg
9385,female,13-15,1179168,nan,"希望我能抢到 这次定好闹钟,我一定要抢到[色色R][kissR] 代购都好贵,不想从代购买了,价格贵,还担心买假的[石化R] #hellokitty[话题]#",./images/mnt/ali-sh-1/usr/lihaitao/process_0106/image/part_102/1028446/4627718.jpg|./images/mnt/ali-sh-1/usr/lihaitao/process_0106/image/part_102/1028446/4627719.jpg
9385,female,13-15,1241812,是谁收到了好朋友送的手机壳!,#好朋友给买的手机壳[话题]# #这个手机壳真的长在我心巴上了[话题]##美乐蒂[话题]# #美乐蒂手机壳[话题]# #iphone手机壳[话题]#,./images/mnt/ali-sh-1/usr/lihaitao/process_0106/image/part_72/724033/3234451.jpg|./images/mnt/ali-sh-1/usr/lihaitao/process_0106/image/part_72/724033/3234452.jpg|./images/mnt/ali-sh-1/usr/lihaitao/process_0106/image/part_72/724033/3234453.jpg|./images/mnt/ali-sh-1/usr/lihaitao/process_0106/image/part_72/724033/3234454.jpg|./images/mnt/ali-sh-1/usr/lihaitao/process_0106/image/part_72/724033/3234455.jpg|./images/mnt/ali-sh-1/usr/lihaitao/process_0106/image/part_72/724033/3234456.jpg|./images/mnt/ali-sh-1/usr/lihaitao/process_0106/image/part_72/724033/3234457.jpg|./images/mnt/ali-sh-1/usr/lihaitao/process_0106/image/part_72/724033/3234458.jpg
9385,female,13-15,1657170,乖乖嫩嫩的套装真的好爱!,#娃娃领[话题]# #浅浅的期待一下秋冬[话题]# #乖乖女穿搭[话题]# #套装[话题]# #懒人穿搭攻略[话题]# #我的上班通勤穿搭[话题]# #约会穿搭[话题]#,
9385,female,13-15,1101934,喜留署 全出,#兔丸[话题]# #美化[话题]# #署名头像[话题]# #薯队长[话题]# #浮力[话题]# #软萌[话题]#,
9385,female,13-15,1517241,小辣椒jk一套不超过五十~,#jk[话题]# #jk拍照[话题]# #jk格裙[话题]# #平价穿搭[话题]# #超值好物[话题]# #平价[话题]#,
9385,female,13-15,1981575,韩国🇰🇷三丽鸥太可爱了吧~好多限定,"今天瞎逛,遇见好多限定,每一个都好可爱呆萌,抱小熊狗好可爱#玉桂狗[话题]# #这么可爱谁能拒绝[话题]# #三丽鸥[话题]# #三丽鸥sanrio[话题]##三丽鸥韩国[话题]# #三丽鸥玉桂狗[话题]# #三丽鸥丑鱼[话题]# #三丽鸥kitty控[话题]# #三丽鸥美乐蒂[话题]#",./images/mnt/ali-sh-1/usr/lihaitao/process_0106/image/part_105/1057197/4748972.jpg|./images/mnt/ali-sh-1/usr/lihaitao/process_0106/image/part_105/1057197/4748973.jpg|./images/mnt/ali-sh-1/usr/lihaitao/process_0106/image/part_105/1057197/4748974.jpg|./images/mnt/ali-sh-1/usr/lihaitao/process_0106/image/part_105/1057197/4748975.jpg|./images/mnt/ali-sh-1/usr/lihaitao/process_0106/image/part_105/1057197/4748976.jpg|./images/mnt/ali-sh-1/usr/lihaitao/process_0106/image/part_105/1057197/4748977.jpg|./images/mnt/ali-sh-1/usr/lihaitao/process_0106/image/part_105/1057197/4748978.jpg|./images/mnt/ali-sh-1/usr/lihaitao/process_0106/image/part_105/1057197/4748979.jpg
9385,female,13-15,1273192,pdd低至3💰满意购物分享|学生党都来抄作业,又来给老婆们出购物分享啦~这期主要是秋冬的一些衣服配饰[暗中观察R]整理了一些我比较满意的自留款!!真实消费真实评价!无广无广无广~请勿误判[皱眉R][皱眉R] #学生党[话题]# #学生党平价好物[话题]# #购物分享[话题]# #好物分享[话题]# #平价穿搭分享[话题]# #拼夕夕购物分享[话题]# #拼夕夕宝藏店铺[话题]# #pdd[话题]# #测评[话题]# #学生党平价好物[话题]#,./images/mnt/ali-sh-1/usr/lihaitao/process_0106/image/part_57/571475/2503456.jpg
9385,female,13-15,1397467,救命!真的没人喜欢蜡笔小新里的正南吗?,"商场里闲逛,发现好几款蜡笔小新的盲盒,但是清一色都没有正南,真的没人喜欢蜡笔小新里的正南吗? 正南是被春日部防卫队开除了吗?#蜡笔小新[话题]# #蜡笔小新周边[话题]#",
9385,female,13-15,1448158,白嫖双人署名壁纸 喜留,#免费壁纸[话题]# #壁纸福利[话题]# #热门壁纸[话题]# #署名壁纸[话题]# #署名壁纸浮力[话题]# #好看壁纸[话题]# #可爱壁纸[话题]# #美化壁纸[话题]# #双人壁纸浮力[话题]# #壁纸白嫖[话题]#,./images/mnt/ali-sh-1/usr/lihaitao/process_0106/image/part_69/694094/3089367.jpg
9385,female,13-15,872275,nan,"忘了穿安全裤了,肿木办",
9385,female,13-15,815584,穿jk裙下面穿n裤还是再穿个安全裤,#JK日常[话题]# #jk制服[话题]# #jk穿搭[话题]# 下面没有内衬 穿n裤还再穿个安全裤吗 [哭惹R]一层一层的 不穿又觉得太短 穿了又觉得太厚 顺便再看看你们的穿搭[害羞R],./images/mnt/ali-sh-1/usr/lihaitao/process_0106/image/part_91/919047/4139553.jpg
9385,female,13-15,1150315,软萌软萌的南瓜裤~,"又可以当安全裤又可以当睡裤!恰到好处的蕾丝,好好看! #南瓜裤[话题]# #安全裤[话题]# #舒适安全裤[话题]# #防走光安全裤[话题]#",
9385,female,13-15,798381,jk和睡裤一起穿,没穿安全裤 只好把睡裤穿出去哈哈回头率好高#JK[话题]# #jk妹[话题]##拍照[话题]# #jk穿搭[话题]#,./images/mnt/ali-sh-1/usr/lihaitao/process_0106/image/part_101/1019127/4588787.jpg|./images/mnt/ali-sh-1/usr/lihaitao/process_0106/image/part_101/1019127/4588788.jpg|./images/mnt/ali-sh-1/usr/lihaitao/process_0106/image/part_101/1019127/4588789.jpg
9385,female,13-15,1231855,我不说 谁能想到我的南瓜裤十块钱都不到,"救命🆘我真的很会买安全裤,去年夏天买了很多条低至十几块的安全裤,而且都很好看质量也很好[赞R]。就是想被认可一下我的眼光,这些照片都是原相机没修过的实图分享。这条南瓜裤真的是被我捡到宝了,便宜还送运费险,我的眼光真的很好,专挑物美价廉的买,快点收藏起来夏天买!! #笔记灵感[话题]# #pdd女孩[话题]##夏季好物分享[话题]##夏季穿搭分享[话题]# #学生党必备[话题]# #好物分享[话题]# #笔记灵感[话题]# #每秒都值得记录[话题]#",
9385,female,13-15,1316321,蓝蓝的很夏天,"也是穿上jk制服了!裙子我比较喜欢蓬一点点的,所以卷了两圈里面加了个南瓜裤,正好也可以防走光,最后两张是没有卷/只卷了一圈的可以参考一下#jk制服[话题]#",./images/mnt/ali-sh-1/usr/lihaitao/process_0106/image/part_60/600003/2635982.jpg
9493,female,unknown,1481410,冬天的第一件小白袄也太好穿了,"小白袄属于是人手一件的冬日基础款了,通勤必备,穿搭公式也超级简单,不管是同色系还是撞色都很好看 我个人比较喜欢添加一点亮色元素来打破冬日沉闷感#羽绒服[话题]# #高腰直筒裤[话题]# #方脸穿搭[话题]# #保暖穿搭[话题]#",
9493,female,unknown,1201780,别再跟风穿鲨鱼裤了!!,黑色棉袄和牛仔裤搭配也好好看!!#小个子穿搭[话题]# #每日穿搭[话题]# #大学生穿搭[话题]#,
9493,female,unknown,1528450,158cm|140斤胖女孩 这么穿也太保暖啦,"哈喽!我是奶黄包 黑色常规棉服➕纳米蓝色牛仔裤 棉服真的超级暖,纯黑简约的设计很修饰身材[萌萌哒R] 裤裤的纹理很特殊很舒服,超喜欢这个颜色,还不显胖![自拍R] #女大学生日常穿搭[话题]# #大码穿搭[话题]# #大学生穿搭[话题]# #显瘦裤子[话题]# #平价裤子分享[话题]# #胖女孩[话题]# #pmm穿搭[话题]# #小个子穿搭[话题]# #微胖女孩穿搭[话题]# #穿搭[话题]# #微胖女孩[话题]# #微胖穿搭[话题]# #日常穿搭[话题]# #ootd每日穿搭[话题]# #每日穿搭[话题]# #大码[话题]# #大码女装[话题]# #大码女孩[话题]# #大码女孩穿搭[话题]# #pmm显瘦[话题]# #PMM[话题]# #胖妹妹穿搭[话题]# #胖妹妹显瘦穿搭[话题]# #我的保暖秘诀[话题]# #保暖穿搭[话题]# #棉服[话题]# #大码棉服[话题]#",
9493,female,unknown,1632713,黑色棉服叠穿卫衣太好看啦!休闲简约我爱~,黑色棉服面料很厚实 版型很正不臃肿 非常百搭 蓝色牛仔裤 腰部比较贴合 裤型遮肉显腿直 好爱! #ootd每日穿搭[话题]# #日常穿搭[话题]# #简约穿搭[话题]# #休闲穿搭[话题]# #耐看穿搭[话题]# #学生党穿搭[话题]# #叠穿[话题]# #冬天穿什么[话题]# #冬季穿搭[话题]#,
9493,female,unknown,1068200,黑色棉服搭蓝色阔腿裤很喜欢!,#尝试一个新look[话题]# #棉服外套[话题]# #阔腿裤[话题]# #小个子穿搭[话题]#,./images/mnt/ali-sh-1/usr/lihaitao/process_0106/image/part_87/871212/3923364.jpg|./images/mnt/ali-sh-1/usr/lihaitao/process_0106/image/part_87/871212/3923365.jpg|./images/mnt/ali-sh-1/usr/lihaitao/process_0106/image/part_87/871212/3923366.jpg
9493,female,unknown,1556791,这么搭配很丑吗?,黑色羽绒服 白色内搭 加上蓝色宽松牛仔裤 我给对象这么搭他说我审美有问题 小红书上这么搭配的也不少啊 挺好看的呀 #男生穿搭[话题]# #男生冬季穿搭[话题]# #舒适干净的穿搭[话题]# #今天穿这样[话题]# #日常穿搭分享[话题]# #羽绒服[话题]# #羽绒服都搭配[话题]# #这么搭配不好看吗 [PK]#,
9493,female,unknown,1278494,黑色袄子➕牛仔裤 冬天这么穿舒服又保暖,黑色袄子简单又好搭配 内搭面料很舒服 弹性嘎嘎好 裤子版型很正 上身显瘦又显高 #黑色棉服[话题]##内搭推荐[话题]# #牛仔裤[话题]# #韩系穿搭分享[话题]# #日常穿搭[话题]# #小个子穿搭[话题]##秋冬穿搭[话题]# #休闲穿搭[话题]##今天穿什么香[话题]# #笔记灵感[话题]#,
9493,female,unknown,1345472,匡威太好配啦!!,今天很简单 [暗中观察R] 直筒裤配卫衣yyds 再来个黑色小棉袄 我爱[吐舌头H],
9493,female,unknown,832102,我就这样戒断藤井风,"在学校哭成大便,藤井风你一定要回来啊😭 #藤井风[话题]# #藤井风演唱会[话题]# #戒断反应[话题]# #哭成大便[话题]#",
9493,female,unknown,1673271,漫展上抓到真的蜂乐回了,按理说蓝锁的coser应该是真踢吧#蜂乐回[话题]# #蓝锁[话题]#,
9493,female,unknown,1115152,休息日Vlog|沉浸式独居日常,- Hii :) 欢迎回到Moonmoon的Vlog~ 在看了电影《在京都🍁小住》之后 我和我的小狗决定搬到一座新的城市生活一段时间 - 我在国内找了四个宠物友好城市 写了小纸条分别放在装着零食的纸杯里 它第一个就选了距离我之前的工作城市很近的地方 于是我们毫不犹豫地搬过来啦 - 就跟电影里的主人公每天会收到舅舅的采买任务一样 我每个礼拜也给自己安排了一个小任务 这一周要做的是: ✨去秋日的公园看小鹿🦌 #vlog日常[话题]# #独居生活[话题]# #周末快乐碎片[话题]#,./images/mnt/ali-sh-1/usr/lihaitao/process_0106/image/part_80/808198/3638756.jpg|./images/mnt/ali-sh-1/usr/lihaitao/process_0106/image/part_80/808198/3638757.jpg|./images/mnt/ali-sh-1/usr/lihaitao/process_0106/image/part_80/808198/3638758.jpg|./images/mnt/ali-sh-1/usr/lihaitao/process_0106/image/part_80/808198/3638759.jpg|./images/mnt/ali-sh-1/usr/lihaitao/process_0106/image/part_80/808198/3638760.jpg|./images/mnt/ali-sh-1/usr/lihaitao/process_0106/image/part_80/808198/3638761.jpg|./images/mnt/ali-sh-1/usr/lihaitao/process_0106/image/part_80/808198/3638762.jpg|./images/mnt/ali-sh-1/usr/lihaitao/process_0106/image/part_80/808198/3638763.jpg
9493,female,unknown,996037,nan,"求大神告知,车子买了两个月,充了3次电,图一才买的样子,图二今天看到的样子,这是怎么回事,骑行目前正常,求指点,还没去售后点",
9493,female,unknown,1315099,nan,"停课!!! 今天吓死我了,6:45了,我还以为要上学,赶紧去叫我妈,我还要值周站岗...结果我妈说不要上学☝嘻嘻",./images/mnt/ali-sh-1/usr/lihaitao/process_0106/image/part_74/747486/3350856.jpg
9493,female,unknown,1171975,room tour|生病了可以在家躺着真的太幸福了,早午饭吃了巨无敌好吃的红烧肉➕饭 吃完就去做指甲了 这次两只手都是短甲(我的舒适区) 卸甲➕做指甲差不多五个小时 好不容易弄好了 我就去洗了个澡和头发 谁懂 因为病毒感冒三天没洗头啦 明天又可以去自习室做我的无薪牛马啦 现在收拾好了房间 在家躺着吃点水果 还是老朋友橙子➕柚子 另外还有小番茄 #roomtour[话题]# #宅家自拍[话题]# #卧室[话题]##收纳[话题]##极繁主义[话题]# #intj[话题]# #我的房间[话题]# #房间布置[话题]# #房间收纳[话题]#,./images/mnt/ali-sh-1/usr/lihaitao/process_0106/image/part_101/1013591/4565147.jpg|./images/mnt/ali-sh-1/usr/lihaitao/process_0106/image/part_101/1013591/4565148.jpg|./images/mnt/ali-sh-1/usr/lihaitao/process_0106/image/part_101/1013591/4565149.jpg|./images/mnt/ali-sh-1/usr/lihaitao/process_0106/image/part_101/1013591/4565150.jpg
9493,female,unknown,1372935,Vlog🏠:宅家日常^我重复的每一天,今天喝了红茶玛奇朵 太好喝啦! #我的vlog[话题]# #vlog日常[话题]# #我的宅家日常[话题]# #我的日常Vlog[话题]# #生活vlog[话题]# #生活音[话题]# #记录吧就现在[话题]#,./images/mnt/ali-sh-1/usr/lihaitao/process_0106/image/part_99/998336/4492659.jpg|./images/mnt/ali-sh-1/usr/lihaitao/process_0106/image/part_99/998336/4492660.jpg|./images/mnt/ali-sh-1/usr/lihaitao/process_0106/image/part_99/998336/4492661.jpg|./images/mnt/ali-sh-1/usr/lihaitao/process_0106/image/part_99/998336/4492662.jpg|./images/mnt/ali-sh-1/usr/lihaitao/process_0106/image/part_99/998336/4492663.jpg|./images/mnt/ali-sh-1/usr/lihaitao/process_0106/image/part_99/998336/4492664.jpg|./images/mnt/ali-sh-1/usr/lihaitao/process_0106/image/part_99/998336/4492665.jpg|./images/mnt/ali-sh-1/usr/lihaitao/process_0106/image/part_99/998336/4492666.jpg
9493,female,unknown,1127898,骑电动车咋过冬?,"有个挡风被,有个半盔,我还需要添置点什么?骑 骑电动车上班,又不能穿的太臃肿,骑车有挡风被还是冷。 骑电动车通勤的姐妹们, 你们都是怎么抗寒的? 教教我[皱眉R] #日常文案[话题]#",./images/mnt/ali-sh-1/usr/lihaitao/process_0106/image/part_98/987677/4446900.jpg
9493,female,unknown,853115,来一镜到底看看我住的老破小吧!,#小红书居住趋势[话题]##我家的换季仪式感[话题]##家的新陈设[话题]# #家庭studio[话题]# #homewalk[话题]# #亲手营造的家[话题]##20分钟家效应[话题]##我的低耗生活[话题]##家的天然感[话题]##无边界的家[话题]##老破小[话题]##旧房改造[话题]##家的使用说明[话题]##独居生活[话题]##roomtour[话题]#@家居薯,./images/mnt/ali-sh-1/usr/lihaitao/process_0106/image/part_69/699892/3115714.jpg|./images/mnt/ali-sh-1/usr/lihaitao/process_0106/image/part_69/699892/3115715.jpg|./images/mnt/ali-sh-1/usr/lihaitao/process_0106/image/part_69/699892/3115716.jpg|./images/mnt/ali-sh-1/usr/lihaitao/process_0106/image/part_69/699892/3115717.jpg|./images/mnt/ali-sh-1/usr/lihaitao/process_0106/image/part_69/699892/3115718.jpg|./images/mnt/ali-sh-1/usr/lihaitao/process_0106/image/part_69/699892/3115719.jpg|./images/mnt/ali-sh-1/usr/lihaitao/process_0106/image/part_69/699892/3115720.jpg|./images/mnt/ali-sh-1/usr/lihaitao/process_0106/image/part_69/699892/3115721.jpg
9493,female,unknown,1663847,快来梦十四找我玩!,后面有浮力?#重庆第十四届梦乡动漫展[话题]# #静静老尸[话题]# #漫展[话题]#,
9493,female,unknown,1109288,赢 可以治好我所有的病,#学习卡点[话题]# #学习供暖计划[话题]# #学习日常[话题]# #高中[话题]# #初中[话题]# #加油[话题]# #上进[话题]# #梦想的专属话题[话题]# #TOME[话题]# #TOME彩色中性笔[话题]#,./images/mnt/ali-sh-1/usr/lihaitao/process_0106/image/part_61/619405/2725895.jpg|./images/mnt/ali-sh-1/usr/lihaitao/process_0106/image/part_61/619405/2725896.jpg|./images/mnt/ali-sh-1/usr/lihaitao/process_0106/image/part_61/619405/2725897.jpg|./images/mnt/ali-sh-1/usr/lihaitao/process_0106/image/part_61/619405/2725898.jpg|./images/mnt/ali-sh-1/usr/lihaitao/process_0106/image/part_61/619405/2725899.jpg|./images/mnt/ali-sh-1/usr/lihaitao/process_0106/image/part_61/619405/2725900.jpg|./images/mnt/ali-sh-1/usr/lihaitao/process_0106/image/part_61/619405/2725901.jpg|./images/mnt/ali-sh-1/usr/lihaitao/process_0106/image/part_61/619405/2725902.jpg
9493,female,unknown,1486553,你来啦!现在是粗腿女人的时代(^з^)-☆,"@1111中华女性粗腿骄傲日 发起的活动太棒了吧! 姐妹们一起大声说: 我腿粗我骄傲! 我感谢我的粗腿帮我站得住脚更稳、走得更远、跑得更快! 邀请朋友接力@Lain无所不能 ,大家一起庆祝1111粗腿骄傲日,释放自由的肉身[派对R] #1111中女粗腿骄傲日[话题]# #插画[话题]# #原创插画[话题]# #腿粗[话题]# #女性健康[话题]# #女性主义[话题]# #女性主义的觉醒[话题]# #服弱役[话题]# #漫画[话题]# #治愈[话题]#",
9647,female,13-15,978759,一觉醒来就看见了蓝砚!期待海灯节上线!,#原神[话题]# #蓝砚[话题]# #原神摄影[话题]# #原神攻略[话题]# #原来你也玩原神[话题]# #原神创作者激励计划[话题]# #申鹤[话题]# #闲云[话题]# #嘉明[话题]# #玛薇卡[话题]#,./images/mnt/ali-sh-1/usr/lihaitao/process_0106/image/part_62/626635/2758431.jpg|./images/mnt/ali-sh-1/usr/lihaitao/process_0106/image/part_62/626635/2758432.jpg|./images/mnt/ali-sh-1/usr/lihaitao/process_0106/image/part_62/626635/2758433.jpg|./images/mnt/ali-sh-1/usr/lihaitao/process_0106/image/part_62/626635/2758434.jpg|./images/mnt/ali-sh-1/usr/lihaitao/process_0106/image/part_62/626635/2758435.jpg|./images/mnt/ali-sh-1/usr/lihaitao/process_0106/image/part_62/626635/2758436.jpg
9647,female,13-15,1492644,看我变变变,#变装[话题]# #素材[话题]# #热门[话题]# #每日穿搭[话题]#,
9647,female,13-15,1533840,沃的姥...你告诉我还有什么是真的!!!,这年头老老实实做一件事很难么?!!靠女性发家却做不到保护女性...现在究竟还有没有可以信得过的国货啊!!!真心球分享... #女性安全[话题]# #娱乐[话题]# #国货[话题]#,./images/mnt/ali-sh-1/usr/lihaitao/process_0106/image/part_104/1049530/4716669.jpg
9647,female,13-15,1538364,嘉明和蓝砚的cp名“嘉砚”,"敲锣打鼓庆祝cp tag落成![哇R]计划过几天写一篇cp文为嘉砚添砖加瓦~ 二编:没想到会引来这么多人()我已经打了cp tag了,请不磕的人自行屏蔽...... #原神[话题]##cp[话题]# #嘉砚[话题]#",./images/mnt/ali-sh-1/usr/lihaitao/process_0106/image/part_107/1076392/4833464.jpg
9647,female,13-15,1088294,就我个人而言画设最难受的是,"会滞销😡 所以喜欢请支持小鹿→神秘号码:2叁叁2肆妖妖6妖。还是在砖上! 这次主题是,海盗武士+浮世绘+海浪!很早就有的一个脑洞,终于摸了,还玩了新的笔刷参数和笔触!#绘画[话题]# #寻找小红书绘画大神[话题]# #OC[话题]# #出设[话题]# #角色设计[话题]# #寻找小红书兴趣榜样[话题]#",
9647,female,13-15,988578,江南淡淡雨潇潇 与君暮暮复朝朝🍂,#魈梦女[话题]# #梦女[话题]# #仅展示不可使用[话题]#,./images/mnt/ali-sh-1/usr/lihaitao/process_0106/image/part_60/604112/2654917.jpg
9647,female,13-15,1341092,燃える愛の火です🔷🌸,#魈梦女[话题]# #梦女[话题]##拒一切[话题]##仅展示不可使用[话题]# #mhs虚焦点[话题]#,./images/mnt/ali-sh-1/usr/lihaitao/process_0106/image/part_55/555469/2408109.jpg
9647,female,13-15,1215671,“​满院东风• 海棠铺绣”,#梦女[话题]# #仅展示不可使用[话题]# #魈梦女[话题]#,
9647,female,13-15,1946180,°思念在发烫-%,喜欢你。。。#梦女[话题]# #仅展示不可使用[话题]# #魈梦女[话题]# #私人稿件[话题]# #拒一切[话题]#,./images/mnt/ali-sh-1/usr/lihaitao/process_0106/image/part_95/956250/4312131.jpg
9647,female,13-15,1356190,•三万年的相思*✿•,#梦女[话题]# #仅展示不可使用[话题]# #魈梦女[话题]# #同担拒否[话题]#,./images/mnt/ali-sh-1/usr/lihaitao/process_0106/image/part_105/1058112/4752633.jpg
9647,female,13-15,1696682,水蛭是如何爬进身体的,#科普一下[话题]# #涨知识[话题]# #冷知识[话题]# #水蛭[话题]#,
9647,female,13-15,1124837,做动画需要多少努力只有他们自己知道😭,画面处理有参考海兽之子﻿#绘画[话题]#﻿ ﻿#改图[话题]#﻿ ﻿#美人鱼的夏天[话题]#﻿ ﻿#自己吓自己[话题]#﻿,./images/mnt/ali-sh-1/usr/lihaitao/process_0106/image/part_77/776088/3477915.jpg
9647,female,13-15,829479,继续站在我身边吧,#oc[话题]#﻿ ﻿#bg[话题]#﻿ ﻿#泡桐组[话题]#﻿ ﻿#纯爱[话题]#﻿ ﻿#原创动漫[话题]#﻿,
9647,female,13-15,1513362,你们小画手都在用什么做参考啊!?😧,"联动服真帅🤤 抽象致歉orz( 突然看上了向佐这张表情包的光影(虽然现在都没想好要不要打光🤔 因为参考了向佐所以打了tag,不妥删 🍠补药再限我流了啊啊啊#procreate绘画[话题]# #崩坏星穹铁道[话题]# #砂金[话题]# #向佐[话题]#",./images/mnt/ali-sh-1/usr/lihaitao/process_0106/image/part_68/689667/3068891.jpg
9647,female,13-15,905291,没人告诉我纹身会学坏,"学坏到每天都想臭得瑟,才纹了一半呢,就开始大冬天穿个露肚脐的衣服臭得瑟了,洗个澡,前后照镜子总二十分钟浴室麦霸十五分钟,没别的纯自恋,南半球镶金边,彭于晏追我我都得考虑考虑 #纹身[话题]# #纹身也清新[话题]# #tatoo[话题]# #荧光纹身[话题]#",
9647,female,13-15,936722,巧克力面包,#怎么会这么好吃[话题]# #妈呀太好吃了[话题]# #吃播搬运工[话题]# #咀嚼音[话题]# 图片来源@TikTok,
9647,female,13-15,1445759,Diesel平替?我们用胶带做的连衣裙,最近这个胶带做连衣裙很火🔥首页好多博主都在拍! 其实起源就是最近的巴黎时装周Vetements 2025 SS25秀场里! 我很爱的国际超模Gigi Hadid的造型!🥰 (当时她的造型出来大家都说很像巴黎世家和disel哈哈哈!) So 我和美羊羊也来登月碰瓷一下 很好玩!我俩拿着手机支架 定时5秒 自己在小区停车场几分钟拍完了! 很轻松又好玩! 属于是普通人也尝试国际超模同款了😎 - #时尚模范生[话题]# #穿搭抄作业[话题]# #如何成为一个国际超模[话题]# @时尚薯 #胶带裙[话题]# #在家diy拍照[话题]##超会穿企划[话题]# #超模同款[话题]##gigi[话题]#,
9647,female,13-15,832658,抓住一只偷吃小猫,#小奶猫[话题]# #小奶猫成长记[话题]# #铲屎官的乐趣[话题]#,
9751,female,19-22,903493,摸了一个卢卡的表情包,我们需要更多卢卡的表情包! #第五人格[话题]##卢卡巴尔萨[话题]# #卢卡[话题]# #卢卡表情包[话题]#,./images/mnt/ali-sh-1/usr/lihaitao/process_0106/image/part_100/1008513/4540917.jpg
9751,female,19-22,1726678,"可爱的兔兔太好骗了哎,走地鸡真的..",#垂耳执事言逸[话题]# #言逸[话题]# #陆上锦[话题]#,./images/mnt/ali-sh-1/usr/lihaitao/process_0106/image/part_64/644102/2846914.jpg|./images/mnt/ali-sh-1/usr/lihaitao/process_0106/image/part_64/644102/2846915.jpg|./images/mnt/ali-sh-1/usr/lihaitao/process_0106/image/part_64/644102/2846916.jpg|./images/mnt/ali-sh-1/usr/lihaitao/process_0106/image/part_64/644102/2846917.jpg|./images/mnt/ali-sh-1/usr/lihaitao/process_0106/image/part_64/644102/2846918.jpg|./images/mnt/ali-sh-1/usr/lihaitao/process_0106/image/part_64/644102/2846919.jpg|./images/mnt/ali-sh-1/usr/lihaitao/process_0106/image/part_64/644102/2846920.jpg
9751,female,19-22,1668405,【理想vs 现实】等待大厅,#第五人格[话题]# #第五人格同人[话题]# #佣兵[话题]# #第五人格咒术师[话题]# #第五人格蜘蛛[话题]# #第五人格画家[话题]# #绘画[话题]# 图源老福特原作者海天酒瓶,./images/mnt/ali-sh-1/usr/lihaitao/process_0106/image/part_96/968149/4363782.jpg|./images/mnt/ali-sh-1/usr/lihaitao/process_0106/image/part_96/968149/4363783.jpg
9751,female,19-22,819259,这个隐士简直就是我~,#第五人格[话题]# #隐囚[话题]# #第五人格同人[话题]# 转载自老福特老干妈炖竹子,
9751,female,19-22,1323844,"我的妈呀,好萌!(连载下)",#第五人格[话题]##佣占[话题]# #摄殓[话题]# #第五人格同人[话题]# 转载自老福特帝喵--(佛更 已授杈,./images/mnt/ali-sh-1/usr/lihaitao/process_0106/image/part_103/1033331/4648628.jpg|./images/mnt/ali-sh-1/usr/lihaitao/process_0106/image/part_103/1033331/4648629.jpg|./images/mnt/ali-sh-1/usr/lihaitao/process_0106/image/part_103/1033331/4648630.jpg
9751,female,19-22,1292629,"👄我的妈呀,好萌!(连载上)",#第五人格[话题]# #佣占[话题]# #摄殓[话题]# #第五人格同人[话题]# 转载自老福特帝喵- -(佛更 已授权,./images/mnt/ali-sh-1/usr/lihaitao/process_0106/image/part_111/1111312/4979023.jpg|./images/mnt/ali-sh-1/usr/lihaitao/process_0106/image/part_111/1111312/4979024.jpg|./images/mnt/ali-sh-1/usr/lihaitao/process_0106/image/part_111/1111312/4979025.jpg|./images/mnt/ali-sh-1/usr/lihaitao/process_0106/image/part_111/1111312/4979026.jpg|./images/mnt/ali-sh-1/usr/lihaitao/process_0106/image/part_111/1111312/4979027.jpg|./images/mnt/ali-sh-1/usr/lihaitao/process_0106/image/part_111/1111312/4979028.jpg|./images/mnt/ali-sh-1/usr/lihaitao/process_0106/image/part_111/1111312/4979029.jpg|./images/mnt/ali-sh-1/usr/lihaitao/process_0106/image/part_111/1111312/4979030.jpg
9751,female,19-22,1482189,陆上锦:我生了个臭鸡蛋?!,陆上锦:我真的会谢我的好大儿们 言言:你生的?(坏笑) #人鱼陷落[话题]# #人鱼陷落by鳞潜[话题]# #漫画[话题]# #陆上锦x言逸[话题]# #兰波白楚年[话题]# #兔球毕揽星[话题]# #人鱼陷落漫画[话题]# #漫画推荐[话题]#,./images/mnt/ali-sh-1/usr/lihaitao/process_0106/image/part_93/934418/4207189.jpg|./images/mnt/ali-sh-1/usr/lihaitao/process_0106/image/part_93/934418/4207190.jpg|./images/mnt/ali-sh-1/usr/lihaitao/process_0106/image/part_93/934418/4207191.jpg|./images/mnt/ali-sh-1/usr/lihaitao/process_0106/image/part_93/934418/4207192.jpg
9751,female,19-22,1409640,小兔子:我说你是猫咪你就得是猫咪,是狮子也得憋着[失望R][失望R][失望R] #漫画[话题]# #好看的漫画推荐[话题]# #垂耳执事[话题]#,./images/mnt/ali-sh-1/usr/lihaitao/process_0106/image/part_88/881827/3978174.jpg|./images/mnt/ali-sh-1/usr/lihaitao/process_0106/image/part_88/881827/3978175.jpg|./images/mnt/ali-sh-1/usr/lihaitao/process_0106/image/part_88/881827/3978176.jpg
9751,female,19-22,1157067,当音叉狙击炮打到了一个安心修机的电击小子,#第五人格[话题]# #第五人格同人[话题]# #囚徒[话题]# #作曲家[话题]# #击球手[话题]# #红蝶[话题]# 转载自老福特我在偷看世界 已授权,./images/mnt/ali-sh-1/usr/lihaitao/process_0106/image/part_65/655060/2910479.jpg|./images/mnt/ali-sh-1/usr/lihaitao/process_0106/image/part_65/655060/2910480.jpg
9751,female,19-22,1028922,奥菲:我还不想当妈妈(?),#第五人格[话题]# #守囚[话题]# #殓邮[话题]# #佣占[话题]# #漫画[话题]# #漫画推荐[话题]# 画师:△,./images/mnt/ali-sh-1/usr/lihaitao/process_0106/image/part_111/1118549/5009324.jpg|./images/mnt/ali-sh-1/usr/lihaitao/process_0106/image/part_111/1118549/5009325.jpg|./images/mnt/ali-sh-1/usr/lihaitao/process_0106/image/part_111/1118549/5009326.jpg
9751,female,19-22,1652697,别再对我放电!,卢卡跳舞#第5人格[话题]# #卢卡巴尔萨[话题]#,./images/mnt/ali-sh-1/usr/lihaitao/process_0106/image/part_74/747279/3349843.jpg
9751,female,19-22,1392769,"【雪夜】生暖炉,静闻雪落无痕",#雪景氛围感[话题]# #下雪[话题]# #生来热烈而自由[话题]# #只是为了几个瞬间[话题]# #当然要记录啊[话题]# #兴趣能量站[话题]# #我的日常[话题]# #生活需要分享欲[话题]# #爱上秋天的瞬间[话题]#,./images/mnt/ali-sh-1/usr/lihaitao/process_0106/image/part_57/575011/2521114.jpg|./images/mnt/ali-sh-1/usr/lihaitao/process_0106/image/part_57/575011/2521115.jpg|./images/mnt/ali-sh-1/usr/lihaitao/process_0106/image/part_57/575011/2521116.jpg
9751,female,19-22,1504305,卢卡|永动机,#第五人格[话题]# 卢卡...永动机...吃#卢卡[话题]# #指绘[话题]# #q版人物[话题]#,./images/mnt/ali-sh-1/usr/lihaitao/process_0106/image/part_95/952021/4294190.jpg|./images/mnt/ali-sh-1/usr/lihaitao/process_0106/image/part_95/952021/4294191.jpg|./images/mnt/ali-sh-1/usr/lihaitao/process_0106/image/part_95/952021/4294192.jpg|./images/mnt/ali-sh-1/usr/lihaitao/process_0106/image/part_95/952021/4294193.jpg
9751,female,19-22,1670761,谁懂这一口的含金量!!!!!!,#碳水是过冬的门票[话题]# #糯叽叽[话题]# #年糕[话题]# #宝宝辅食[话题]# #笔记灵感[话题]#,./images/mnt/ali-sh-1/usr/lihaitao/process_0106/image/part_93/939884/4233910.jpg
9751,female,19-22,1582580,什么红色 鸡块不知道,剪的一坨#第五人格杰佣[话题]##杰佣[话题]##第五人格[话题]##ooc致歉[话题]# #仙剑奇侠传[话题]#,
9751,female,19-22,1618410,《攒钱买房一顿饭不超过10元》,今日总消费:3元#美食[话题]# #花菜炒肉[话题]# #家常菜[话题]#,./images/mnt/ali-sh-1/usr/lihaitao/process_0106/image/part_81/813554/3662144.jpg
9751,female,19-22,820585,"巨巨巨好吃,这个做法我怎么没早点发现!!","花菜炒肉这样做嘎香,配米饭🍚连吃三碗😆口感鲜香~花菜脆嫩爽口!肉丝嫩滑嫩滑的,大人小孩都爱吃[点赞R],快试试呦~ 食材:花菜、瘦肉、葱、蒜末 腌制:瘦肉切条加1勺生抽➕半勺老抽➕1勺淀粉➕1勺油抓匀腌制10分钟#家常快手菜[话题]# #美食日常[话题]# #一人食吃什么[话题]# #超级下饭的家常菜[话题]# #花菜炒肉[话题]# #花菜[话题]# #下饭菜[话题]# #笔记灵感[话题]# #今天晚餐长这样[话题]#",./images/mnt/ali-sh-1/usr/lihaitao/process_0106/image/part_57/573609/2514519.jpg|./images/mnt/ali-sh-1/usr/lihaitao/process_0106/image/part_57/573609/2514520.jpg|./images/mnt/ali-sh-1/usr/lihaitao/process_0106/image/part_57/573609/2514521.jpg|./images/mnt/ali-sh-1/usr/lihaitao/process_0106/image/part_57/573609/2514522.jpg|./images/mnt/ali-sh-1/usr/lihaitao/process_0106/image/part_57/573609/2514523.jpg|./images/mnt/ali-sh-1/usr/lihaitao/process_0106/image/part_57/573609/2514524.jpg
9751,female,19-22,1181915,小老鼠天然吸猫体质,#与天敌先生同居中[话题]#,./images/mnt/ali-sh-1/usr/lihaitao/process_0106/image/part_94/944829/4260663.jpg|./images/mnt/ali-sh-1/usr/lihaitao/process_0106/image/part_94/944829/4260664.jpg|./images/mnt/ali-sh-1/usr/lihaitao/process_0106/image/part_94/944829/4260665.jpg|./images/mnt/ali-sh-1/usr/lihaitao/process_0106/image/part_94/944829/4260666.jpg|./images/mnt/ali-sh-1/usr/lihaitao/process_0106/image/part_94/944829/4260667.jpg
10082,female,unknown,931190,画了晚宁 有人喜欢嘛,动作有参考 很喜欢的角色 墨燃还在画✧ ◔.̮◔ 不是稿件 自用随意 可以找我要图(小画师的自信其实0人在意) #二哈和他的白猫师尊[话题]# #楚晚宁[话题]# #同人[话题]# #Q版[话题]# #绘画[话题]# #萌萌哒[话题]##同人图[话题]##小说角色[话题]# #接稿[话题]#,./images/mnt/ali-sh-1/usr/lihaitao/process_0106/image/part_60/601753/2643936.jpg|./images/mnt/ali-sh-1/usr/lihaitao/process_0106/image/part_60/601753/2643937.jpg
10082,female,unknown,1261634,当我接了一个半月的眼睛条,会不会有些变化哈哈哈 慢慢的攒了好多 大家更喜欢单人眼睛条还是双人的呢#眼睛条[话题]# #稿子[话题]# #接稿[话题]# #梦女避雷[话题]# #稿件展示[话题]# #绘画[话题]# 二编:大家可以私我问群(丘丘)一起蹲蹲!聊天!,./images/mnt/ali-sh-1/usr/lihaitao/process_0106/image/part_81/818310/3683210.jpg
10082,female,unknown,1460432,画栈 氛围真的好好,发什么都不会无人在意 大家也都很暖心 也有很多分享自己日常生活的 都不会让话掉在地上 #画栈[话题]# #约稿软件[话题]#,./images/mnt/ali-sh-1/usr/lihaitao/process_0106/image/part_56/560836/2440468.jpg|./images/mnt/ali-sh-1/usr/lihaitao/process_0106/image/part_56/560836/2440469.jpg|./images/mnt/ali-sh-1/usr/lihaitao/process_0106/image/part_56/560836/2440470.jpg
10082,female,unknown,1679876,爱狗男,#画画[话题]# #oc[话题]# #摸鱼[话题]#,./images/mnt/ali-sh-1/usr/lihaitao/process_0106/image/part_56/562290/2449166.jpg|./images/mnt/ali-sh-1/usr/lihaitao/process_0106/image/part_56/562290/2449167.jpg
10082,female,unknown,1663327,画色彩练习思路的文字过程来啦!,"#板绘[话题]# #色彩[话题]# #人像画[话题]# #画画的日常[话题]# #速涂[话题]# #色彩练习[话题]# #画画教程[话题]# 听说有人想学,斗胆放出来抛砖引玉[doge][doge][doge] 把我的一些思路做交流分享。",
10082,female,unknown,891240,这个帽子日常也很好搭!!,出镜老师(原作者)@酷拉皮卡 #银魂[话题]# #银魂伊丽莎白[话题]#,
10082,female,unknown,1215492,冬日恋歌,#日系[话题]# #jk制服[话题]# #jk穿搭[话题]# #我的JK日常[话题]# #樱花妹[话题]# #校供感[话题]# #牛角扣大衣[话题]#,
10082,female,unknown,1666147,简简单单的校供感穿搭,#日系[话题]# #jk制服[话题]# #jk穿搭[话题]# #樱花妹[话题]# #我的jk日常[话题]#,
10082,female,unknown,1291350,JK制服穿搭|黑色牛角扣大衣,#日系[话题]# #jk穿搭[话题]# #jk制服[话题]# #jk日常[话题]# #樱花妹[话题]#,
10082,female,unknown,842951,用酷酷的保暖外套搭制服,#日系[话题]# #jk穿搭[话题]# #jk制服[话题]# #我的jk日常[话题]# #秋冬穿搭[话题]#,
10082,female,unknown,898051,"秋冬必备!jk针织衫合集,17件一次看够大满足",毛衣合集来咯!最喜欢的单品就是毛衣了🥹(总感觉有没拍到的...整理了下果然有拍漏了的orz...#jk[话题]# #jk穿搭[话题]# #秋冬毛衣[话题]# #针织衫[话题]# #种草[话题]# #好物分享[话题]# #换装[话题]#,
10082,female,unknown,1490760,摊牌了...不装乖了......,小烟熏+斜刘海+冷帽的组合再返场!不懂古早感的永别了🥹🥹今天的妆造和这个工业场景绝配!班级里的叛逆拽妹🤘🏻(天气超级超级好!阳光果然是最好的滤镜!!! #jk[话题]# #我的JK日常[话题]# #jk穿搭[话题]# #古早[话题]# #千禧辣妹[话题]# #朋克[话题]# #尝试一个新look[话题]# #泡泡袜[话题]##叠穿[话题]#,
10082,female,unknown,1431160,找~到~你~啦~♡,"今天是一点点双重人格病娇感,有种戴上和拿下眼罩是不同人设的感觉~灰蓝搭配好舒适!非常奶思✨ #jk[话题]# #我的JK日常[话题]# #jk穿搭[话题]# #病娇[话题]# #动漫感穿搭[话题]# #拍照姿势不重样[话题]# #中二[话题]#",
10082,female,unknown,1478644,不懂古早感的永别了👋🏻,"All灰的搭配谁懂!?真的好拽好酷!解锁新的👓了,还是有种麻辣女教师既视感hhhh喜欢这种有点过曝+过度锐化的感觉💿 #jk[话题]# #我的JK日常[话题]# #jk穿搭[话题]# #尝试一个新look[话题]# #古早[话题]# #千禧[话题]# #笔记灵感[话题]# #日系[话题]#",
10082,female,unknown,1126721,jk毛衣合集2.0!11件校供国牌毛衣大放送!,毛衣/针织衫第二期来咯!终于又攒够一波了🥹#jk[话题]# #jk穿搭[话题]# #毛衣开衫[话题]# #春季必备单品[话题]# #种草[话题]# #好物分享[话题]# #换装[话题]# #我的JK日常[话题]#,
10082,female,unknown,1176272,宝宝你是一只小青蛙✨,"好美丽的颜色!!和小青蛙帽子/八木西兰花都好配哈哈哈哈🥰夏末+秋冬穿搭都给大家安排上了!因为裙子上有蓝绿色的线也试着搭配了蓝绿色的西服,上半身颜色比较深也能稍微压一压裙子的亮色( ́∀`)σ #jk[话题]# #我的JK日常[话题]# #拍照姿势不重样[话题]# #尝试一个新look[话题]# #jk穿搭[话题]# #高饱和色系[话题]# #生命力溢出镜头啦[话题]#",
10082,female,unknown,1565276,好喜欢穿jk制服的自己✨,"有没有人能懂啊🥲穿着喜欢的裙子一整天都会是好心情,自信满满,坐地铁公交甚至走在路上内心都上演着幻想自己是日剧女高的情景剧♥(。→v←。)♥总之,永远喜欢jk制服!!(超大声) #jk[话题]# #我的JK日常[话题]# #穿喜欢的衣服[话题]# #拍照姿势不重样[话题]# #jk写真[话题]# #尝试一个新look[话题]#",
10082,female,unknown,1647235,不懂古早辣妹的永别了👋🏻,古早辣妹返场!已经变成固定节目了hhhh每隔一段时间都会出现的皮肤[集美R]灰西+灰蓝格简直辣上加辣💕古早味过浓...(感觉这个格子长裙也会很好看!又是另一种风格 #jk[话题]# #jk穿搭[话题]# #我的JK日常[话题]# #古早[话题]# #涩谷辣妹[话题]# #尝试一个新look[话题]# #千禧辣妹[话题]# #时尚的轮回[话题]#,
10082,female,unknown,1235168,阳光是我的第二层皮肤✨,"和好天气贴贴~果然阳光就是最好的滤镜🥹氛围感拉满!!今天这身有种乌萨奇配色的感觉哈哈哈哈,所以在包包上也挂了乌萨奇💛黄×灰的搭配好秋天🍂 #阳光是最好的滤镜[话题]# #jk[话题]# #jk穿搭[话题]# #我的JK日常[话题]# #拍照姿势不重样[话题]# #笔记灵感[话题]# #叠穿[话题]#",
10184,female,16-18,1339091,都去选长柄雨伞,"嘿嘿嘿,会触发新的对话#齐司礼[话题]#",./images/mnt/ali-sh-1/usr/lihaitao/process_0106/image/part_94/949922/4284975.jpg
10184,female,16-18,801992,小莘又怀孕啦~,啊!!是特典版!#洛逸和杜小莘[话题]# #甜美的咬痕[话题]# #一莘一逸[话题]#,./images/mnt/ali-sh-1/usr/lihaitao/process_0106/image/part_99/994464/4475965.jpg|./images/mnt/ali-sh-1/usr/lihaitao/process_0106/image/part_99/994464/4475966.jpg|./images/mnt/ali-sh-1/usr/lihaitao/process_0106/image/part_99/994464/4475967.jpg|./images/mnt/ali-sh-1/usr/lihaitao/process_0106/image/part_99/994464/4475968.jpg|./images/mnt/ali-sh-1/usr/lihaitao/process_0106/image/part_99/994464/4475969.jpg|./images/mnt/ali-sh-1/usr/lihaitao/process_0106/image/part_99/994464/4475970.jpg|./images/mnt/ali-sh-1/usr/lihaitao/process_0106/image/part_99/994464/4475971.jpg
10184,female,16-18,1501674,真的好喜欢这个表情包啊啊,"真的有一种事不关己高挺肚皮的感觉 每次发这个表情包都感觉有种 根本没有听进去对方在说什么,但是就要挺一下小肚子的感觉啊啊啊啊啊 怎么能那么萌aa。。。怎么萌成这样啊大人。。 #飞鼠[话题]# #毛毛力大人[话题]# #莫莫咖大人超绝肌肉线条[话题]#",./images/mnt/ali-sh-1/usr/lihaitao/process_0106/image/part_67/678140/3015993.jpg
10184,female,16-18,1615191,当你推来到你的世界你的第一反应(搞笑版),#光与夜之恋[话题]# #光与夜之恋陆沉[话题]# #光与夜之恋萧逸[话题]# #光与夜之恋齐司礼[话题]# #光与夜之恋查理苏[话题]# #光与夜之恋夏鸣星[话题]# #陆沉[话题]# #萧逸[话题]# #齐司礼[话题]# #查理苏[话题]#,
10184,female,16-18,1545193,想采访一下各位画师老师们对单主的要求~,"因为我很想约插,但是我的脑袋很空,只有背景故事这种,很喜欢老师自由发挥,喜欢老师在自己擅长的地方笔尖旋转🤔 #oc[话题]# #约稿[话题]# #米画师[话题]# #画加[话题]# #碎碎念[话题]#",./images/mnt/ali-sh-1/usr/lihaitao/process_0106/image/part_102/1022655/4603512.jpg
10184,female,16-18,1496547,宝宝们今天转盘卡第一天拿满是多少抽呀,我只有13抽 我看有人说是22抽 差在哪呀我看了半天没看出来#光与夜之恋[话题]# #齐司礼[话题]#,
10184,female,16-18,866707,❄️冬日派对倒计时2天!甜品和小狗来治愈你~,"🎂派对怎么能没有香香软软的蛋糕?奈雪和好朋友帕恰狗、布丁狗、大耳狗为大家带来两款联名限定蛋糕,冬日幸福感狠狠拿捏!! 🍮青提烤布丁蛋糕 进口稀奶油包裹清新青提冻,点缀肥嘟嘟草莓,一口超满足!顶上还有超可爱立牌,三只小狗陪你一起分享美味蛋糕~ 🍮柚香乳酪布丁蛋糕 蛋糕体轻柔绵密,清新柚香与绵密乳酪完美融合,口感轻盈、甜而不腻,顶部还印有三只小狗,可可爱爱~ 🛒👉🏻【奈雪点单】,11月29日正式上线。 🌟主题店清单及周边、活动攻略,明天继续揭晓,记得来看哦~ #奈雪的茶[话题]# #奈雪新品[话题]# #三丽鸥奈雪联名[话题]# #奈雪暖暖米布蕾宝藏茶[话题]# #奈雪宝藏茶[话题]# #奈雪生日季[话题]# #奈雪9周年健康生日季[话题]# #大耳狗[话题]# #布丁狗[话题]# #帕恰狗[话题]# #甜品[话题]# #蛋糕[话题]#",./images/mnt/ali-sh-1/usr/lihaitao/process_0106/image/part_112/1120137/5015864.jpg|./images/mnt/ali-sh-1/usr/lihaitao/process_0106/image/part_112/1120137/5015865.jpg|./images/mnt/ali-sh-1/usr/lihaitao/process_0106/image/part_112/1120137/5015866.jpg|./images/mnt/ali-sh-1/usr/lihaitao/process_0106/image/part_112/1120137/5015867.jpg
10184,female,16-18,1554286,没想到吧 我有互联网生死簿,你干啥了我都给你记着呢 你以为我无缘无故拉黑?,./images/mnt/ali-sh-1/usr/lihaitao/process_0106/image/part_92/924049/4161627.jpg
10184,female,16-18,809466,不要广!不要广!求好吃柿饼推荐,"超爱吃软软糯糯的柿饼,有没有价格合理又好吃推荐[色色R][色色R][色色R]",./images/mnt/ali-sh-1/usr/lihaitao/process_0106/image/part_74/747025/3348752.jpg
10184,female,16-18,884074,nan,野原一家人被通缉😂 每次看这一段都会笑到头掉[笑哭R]#蜡笔小新[话题]# #沙雕搞笑[话题]# #电影搞笑片段[话题]# #野原新之助[话题]# #电影[话题]# #蜡笔小新动漫[话题]# #蜡笔小新剧场版[话题]#,
10184,female,16-18,1668078,nan,"#画加[话题]# 这些不接标签是什么意思 妈呀,,炸了啊,,给老师宝宝和我打个 p2 2r/p,是我自己,私我就好 P3 40r/p 是@人如矣 老师宝宝!复杂设如第一排从左往右数第2个会浮动,衣服头发都接#接稿白菜[话题]# #接稿[话题]#",./images/mnt/ali-sh-1/usr/lihaitao/process_0106/image/part_66/664826/2954676.jpg|./images/mnt/ali-sh-1/usr/lihaitao/process_0106/image/part_66/664826/2954677.jpg
10184,female,16-18,1037936,微信竟然能这样了???,我靠我爱这个功能!!省的转发啥的老是发错人!!!#原来还能这么玩[话题]# #微信[话题]# #微信更新[话题]# #微信更新新功能[话题]# #微信更新建议[话题]# #分享欲[话题]#,./images/mnt/ali-sh-1/usr/lihaitao/process_0106/image/part_61/611264/2688377.jpg|./images/mnt/ali-sh-1/usr/lihaitao/process_0106/image/part_61/611264/2688378.jpg
10184,female,16-18,1571585,拼多多不要点仅退款,"因为美甲买了双半指套,结果发来一双跟图片和评论完全不相关的手套来(这种线手套以前买过,不喜欢),就想买一双那种滑滑的料子的手套,结果发来还是线手套。就跟商家反馈了,商家半天没反应,平台介入就是仅退款,我没点。紧接着商家给出处理办法,退货退款,我点了同意。这这里只是想提醒一下各位姐妹,仅退款是平台的处理结果,像我这一单两块多钱,我点了同意,商家亏不了什么,我也富不起来,但是人家背后蛐蛐就很烦。商家愿意退货退款,多付六块钱运费了结这一单,那是他的处理方式方法,也是对我们买家和他们卖家最最公平公正的处理结果。#分享我的日常[话题]# #拼多多[话题]##退货退款[话题]#",./images/mnt/ali-sh-1/usr/lihaitao/process_0106/image/part_112/1121703/5022338.jpg|./images/mnt/ali-sh-1/usr/lihaitao/process_0106/image/part_112/1121703/5022339.jpg|./images/mnt/ali-sh-1/usr/lihaitao/process_0106/image/part_112/1121703/5022340.jpg|./images/mnt/ali-sh-1/usr/lihaitao/process_0106/image/part_112/1121703/5022341.jpg|./images/mnt/ali-sh-1/usr/lihaitao/process_0106/image/part_112/1121703/5022342.jpg|./images/mnt/ali-sh-1/usr/lihaitao/process_0106/image/part_112/1121703/5022343.jpg|./images/mnt/ali-sh-1/usr/lihaitao/process_0106/image/part_112/1121703/5022344.jpg
10184,female,16-18,1947076,诶嘿嘿,#chiikawa[话题]#,
10184,female,16-18,1983838,原来哔哩哔哩也能赚钱?,"没错,发了2个月的小视频,收益26.58元,给同行丢脸啦,但事实证明,这个平台确实是有点良心的 哔哩哔哩(B站)确实为UP主和用户提供了多种赚钱方式呢。以下是一些主要途径: 一、创作激励计划 这是为鼓励UP主创作优质内容而设立的。UP主可以通过发布视频,根据视频的播放量、点赞、投币、收藏等因素来获得相应的收益。 二、充电计划(打赏) 观众可以通过B站的充电计划,给喜欢的UP主打赏。UP主可以获得打赏金额的70%,而B站抽取30%作为平台费用。 三、直播收入 B站也为UP主提供了直播功能。通过直播,UP主可以获得观众的打赏和礼物。此外,一些知名的UP主还会通过直播销售商品或提供付费服务,进一步增加收入。 四、签约与基本工资 对于一些粉丝量较多、影响力较大的UP主,B站会与他们签约,并提供基本工资作为保障。这通常是对UP主努力创作的一种认可和鼓励。 五、商单带货 拥有一定粉丝基础的UP主可以通过推广商品赚取佣金。这种方式类似于直播带货,但更多地依赖于UP主的个人魅力和影响力。 六、悬赏计划 B站还设立了悬赏计划,允许UP主在视频中悬挂广告商品链接。当观众通过链接购买商品时,UP主可以获得相应的分成。 七、开设课程与知识付费 在特定领域有影响力的UP主可以开设付费课程或提供付费咨询服务。这种方式需要UP主具备专业知识和技能,并能够吸引足够多的学员或咨询者。 八、会员购与周边销售 UP主还可以在B站的会员购平台售卖自己的商品或参与推广。这包括但不限于手办、周边产品等。通过这种方式,UP主可以将自己的创意和作品转化为商品,并获得相应的收益。 九、线下活动与广告合作 此外,UP主还可以通过…",./images/mnt/ali-sh-1/usr/lihaitao/process_0106/image/part_58/582580/2556720.jpg|./images/mnt/ali-sh-1/usr/lihaitao/process_0106/image/part_58/582580/2556721.jpg
10184,female,16-18,1336972,看到卡面实装后我终于可以说了,"7推终于吃了一回好的了[抓狂R][抓狂R][抓狂R] 从剧情质量再到live2D质量,再到互动的各种小动作各方面都超满意的一集[哭惹R][哭惹R] 在我心里已封神,准备慢慢攒到清盘迎接我的第一张满花六星卡[派对R][派对R]#齐司礼[话题]# #光与夜之恋齐司礼[话题]#",
10184,female,16-18,1207138,终于等到下雪🥹,"宝宝陪妈妈,宝宝好。 #chiikawa[话题]# - 禁拿头像库禁二传二改",
10184,female,16-18,959199,美味黑猫男,我摸我摸 #雨宫莲[话题]# #雨宫莲我们喜欢你[话题]# #p5r[话题]# #绘画[话题]#,./images/mnt/ali-sh-1/usr/lihaitao/process_0106/image/part_69/691785/3078808.jpg
10184,female,16-18,1547303,这时候就有人要问了,"鼻嘎鼻嘎,你怎么这么可爱呀 30号固鼻开单#Q版[话题]# #可爱[话题]# #可爱头像[话题]# #稿件[话题]# #私人稿件[话题]# #稿件展示[话题]# #头像[话题]# #稿件误用[话题]#",./images/mnt/ali-sh-1/usr/lihaitao/process_0106/image/part_59/599265/2632742.jpg
10184,female,16-18,854217,关于前男友用她妈的微信来加我这件事,分手两年多的前男友(他出轨)老是有事没事就找我 我把他微信、电话、抖音都拉黑了 又在支付宝加我 现在又用他妈的微信加我 本来不确定是他妈还是他 然后一聊天立马猜到是他本人 我就看着他表演 也是醉了 他到底是什么心理啊明知道我有男朋友了 我故意说下个月就结婚 气死他哈哈哈 当初我恋爱脑 现在也算是狠狠扳回了一局#前男友[话题]#,
10538,female,40+,1189848,今天是一本关于小熊的书📔,"#生活需要分享欲[话题]# #于是有了小熊[话题]# 时间的每一笔,都需要我们自己去描绘🔆美好的时光,更想去记录📝#六福珠宝[话题]# #轻松熊[话题]# #轻松小熊[话题]# #rilakkuma[话题]# #sanx[话题]# #送礼物首选[话题]# #你值得拥有[话题]# 四张内轻松拿下[两颗心R][赞R]",./images/mnt/ali-sh-1/usr/lihaitao/process_0106/image/part_102/1023968/4608892.jpg|./images/mnt/ali-sh-1/usr/lihaitao/process_0106/image/part_102/1023968/4608893.jpg|./images/mnt/ali-sh-1/usr/lihaitao/process_0106/image/part_102/1023968/4608894.jpg|./images/mnt/ali-sh-1/usr/lihaitao/process_0106/image/part_102/1023968/4608895.jpg|./images/mnt/ali-sh-1/usr/lihaitao/process_0106/image/part_102/1023968/4608896.jpg|./images/mnt/ali-sh-1/usr/lihaitao/process_0106/image/part_102/1023968/4608897.jpg|./images/mnt/ali-sh-1/usr/lihaitao/process_0106/image/part_102/1023968/4608898.jpg
10538,female,40+,848251,如意柳叶云肩冰箱贴!配色咋这么美呢!,"云肩冰箱贴又出新款式啦!!️ 居然有三层,纹样超繁琐 美在人的心尖尖上,太华丽了吧 不服不行!老祖宗的审美呱呱好👏 #冰箱贴[话题]# #晒晒我的冰箱贴[话题]# #云肩[话题]# #纹样[话题]# #文物之美[话题]# #我爱冰箱贴[话题]# #文创[话题]#",./images/mnt/ali-sh-1/usr/lihaitao/process_0106/image/part_84/845919/3805826.jpg|./images/mnt/ali-sh-1/usr/lihaitao/process_0106/image/part_84/845919/3805827.jpg|./images/mnt/ali-sh-1/usr/lihaitao/process_0106/image/part_84/845919/3805828.jpg|./images/mnt/ali-sh-1/usr/lihaitao/process_0106/image/part_84/845919/3805829.jpg|./images/mnt/ali-sh-1/usr/lihaitao/process_0106/image/part_84/845919/3805830.jpg|./images/mnt/ali-sh-1/usr/lihaitao/process_0106/image/part_84/845919/3805831.jpg|./images/mnt/ali-sh-1/usr/lihaitao/process_0106/image/part_84/845919/3805832.jpg|./images/mnt/ali-sh-1/usr/lihaitao/process_0106/image/part_84/845919/3805833.jpg
10538,female,40+,1716513,原来这里就是才女喜欢的地方!,"成都的宝藏古风公园,文创也这么独特, 来逛唐代才女薛涛故事里的望江楼—— [氛围感R] 「望江文涛」文创系列 · 开合冰箱贴, 定格诗意的望江楼风景。 小小冰箱贴上,游禽栖于翠竹间,望江楼千古屹立, 读一篇唐代女诗人的传奇故事。 [氛围感R] 表面 - Uv印刷+烤漆表面,轻盈镂空, 内层 - 细腻闪粉,光泽珐琅; 幽深竹林中,才女吟诗,飞鸟驻足, 你我与薛涛,在望江楼下见面。 #鲸生万物[话题]# #何以望江[话题]# #文创[话题]# #成都文创[话题]# #望江楼[话题]# #望江楼公园[话题]# #薛涛[话题]# #冰箱贴[话题]# #文创冰箱贴[话题]# #让心安静的地方[话题]#",
10538,female,40+,1455181,济南特色文创,百花镜影#百花洲[话题]##济南文创[话题]#,./images/mnt/ali-sh-1/usr/lihaitao/process_0106/image/part_62/620023/2728687.jpg
10538,female,40+,1071504,拙政园流沙冰箱贴来咯✨,"捕捉拙政园美景,打造冰箱上的江南记忆。紫藤摇曳,流沙闪烁,贴出江南风情,品味园林雅韵。 #生活美学[话题]# #冰箱贴[话题]# #晒晒我的冰箱贴[话题]# #我爱冰箱贴[话题]# #流沙[话题]# #文创[话题]# #苏州[话题]# #拙政园[话题]# #苏州旅游[话题]# #苏州园林[话题]#",./images/mnt/ali-sh-1/usr/lihaitao/process_0106/image/part_99/997166/4487674.jpg
10538,female,40+,843778,"三机关,怎么玩都丝滑🤩太妙了❗️","怎么会有这么精致的机关冰箱贴[doge] 能转,能滑,还能翻[赞R] 锐兮和苏州轨道交通的联名冰箱贴,终于到啦[蹲后续H] #地铁冰箱贴[话题]# #互动冰箱贴[话题]# #苏州[话题]#",./images/mnt/ali-sh-1/usr/lihaitao/process_0106/image/part_81/815932/3672735.jpg|./images/mnt/ali-sh-1/usr/lihaitao/process_0106/image/part_81/815932/3672736.jpg|./images/mnt/ali-sh-1/usr/lihaitao/process_0106/image/part_81/815932/3672737.jpg|./images/mnt/ali-sh-1/usr/lihaitao/process_0106/image/part_81/815932/3672738.jpg|./images/mnt/ali-sh-1/usr/lihaitao/process_0106/image/part_81/815932/3672739.jpg|./images/mnt/ali-sh-1/usr/lihaitao/process_0106/image/part_81/815932/3672740.jpg
10538,female,40+,1186437,山西应县木塔金色银杏流沙冰箱贴🍂好有氛围,"✨ 应县木塔,千年古韵,银杏流沙,灵动传承。 🍂 匠心打造,细节之美,珍藏历史,凝固时光。 🎁 送礼自用,两相宜,让文化融入生活。 #冰箱贴[话题]# #晒晒我的冰箱贴[话题]# #AR冰箱贴[话题]# #流沙[话题]# #礼物推荐[话题]# #好物推荐[话题]# #山西文创[话题]# #山西旅游[话题]# #应县木塔[话题]# #银杏[话题]#",./images/mnt/ali-sh-1/usr/lihaitao/process_0106/image/part_104/1041046/4681313.jpg|./images/mnt/ali-sh-1/usr/lihaitao/process_0106/image/part_104/1041046/4681314.jpg|./images/mnt/ali-sh-1/usr/lihaitao/process_0106/image/part_104/1041046/4681315.jpg
10538,female,40+,866185,"流沙钥匙扣,定格拙政园的夏天🪷","虽然苏州已经要入冬了[抓狂R] 但并不能阻挡逛园林的脚步👣 拙政园见山楼前的美景,夏天盛开荷花把这些美好的时刻,定格在挂饰上,就好像带走了“拙政园的夏天”#人生的意义[话题]# #苏州打卡[话题]# #拙政园[话题]# #流沙钥匙链[话题]#",
10538,female,40+,1709246,冰箱贴—新石器•红陶兽形壶,"￼ 冰箱贴在山东博物馆官方购买,实测尺寸和重量:49mm*48mm*29mm,28.65g,材质:树脂。￼ 体型适中,整体还原度较高,颜色较文物偏深,文物年代久远,各部位颜色差距较大。背后磁力较弱,铁板或冰箱可勉强吸住不滑。全立体,可作摆件。 红陶兽形壶是一种新石器时代晚期的陶器,1959年出土于山东泰安大汶口遗址。现收藏于山东博物馆,为该馆十大镇馆之宝之一。 红陶兽形壶高21.6厘米,长22.4厘米,材质为夹砂红陶,通体磨光,遍施红色陶衣,光润亮泽。器型整体为兽形,面部圆润,拱鼻张口,两只耳朵上各有一个小孔,腹部饱满,有效增加了容积,四肢粗壮,短尾上翘,后背有一个弧形提手,靠近尾根有一筒形注水口,通过口部可往外倒水,四足中空,可平放站立,也增加了受热面积。这只兽形壶使用方便,造型生动美观,惹人喜爱,集实用与仿生艺术于一身,是大汶口文化独有的器形,充满了创造性的灵感,是新石器时代一件难得的陶器珍品。 红陶兽形壶是站立的动物形象,头部和肥壮的身体像猪,而四肢和上翘的尾巴却又像狗,因此统称为兽形。全器构思巧妙,虽是实用器,却不失艺术情趣,充满了创造性的灵感,既浑然一体,又淳朴自然。这表明大汶口文化的先民们不但已经掌握了动物各部位的比例结构和体形特征,而且陶器制作水平已经非常高超,进入可以突破写实、进行自由创作发挥的阶段。 红陶兽形壶代表了新石器时代大汶口文化的制陶技艺,反映了当时社会生产力和手工业水平的高度发展。它不仅是新石器时代晚期的艺术珍品,更是连接古代与现代、东方与西方文化的重要桥梁,其独特的纹饰和制作工艺体现了古代先民的高超智慧和审美观念。 #文物[话题]# #陶器[话题]…",./images/mnt/ali-sh-1/usr/lihaitao/process_0106/image/part_84/844380/3799231.jpg|./images/mnt/ali-sh-1/usr/lihaitao/process_0106/image/part_84/844380/3799232.jpg|./images/mnt/ali-sh-1/usr/lihaitao/process_0106/image/part_84/844380/3799233.jpg|./images/mnt/ali-sh-1/usr/lihaitao/process_0106/image/part_84/844380/3799234.jpg|./images/mnt/ali-sh-1/usr/lihaitao/process_0106/image/part_84/844380/3799235.jpg|./images/mnt/ali-sh-1/usr/lihaitao/process_0106/image/part_84/844380/3799236.jpg|./images/mnt/ali-sh-1/usr/lihaitao/process_0106/image/part_84/844380/3799237.jpg
10538,female,40+,1611941,山东博物馆的显眼包们带回家喽😎(附攻略),"最近迷上了博物馆文创,好想集齐全国的博物馆冰箱贴啊!!先去把家门口省博的显眼包们拿下啦[派对R] 走进齐鲁大地,一定要来看看这座承载千年文明的宝库。仔细瞧瞧你才会知道它有多牛!它一次性展出了52个博物馆的镇馆之宝,其中还有一件是镇国之宝——银雀山汉简[赞R]看着这些几千年前留下来的文物不得不感慨古人的聪明才智和卓越审美。 🌟看展攻略: 1️⃣山东博物馆分为三层,可以按照二楼➡️三楼➡️一楼的顺序来参观,因为十大镇馆之宝基本都在二楼的展厅,动物大迁徙和山东龙都在三楼,一楼主要是佛像和汉代画像。 2️⃣十大镇馆之宝:银雀山汉简(《孙子兵法》、《孙膑兵法》竹简)、鲁国大玉璧、蛋壳黑陶杯、红陶兽形壶、亚醜钺、九旒冕、颂簋、东汉汉墓壁画、甲骨文、郑燮《双松图轴》。以上十大镇馆之宝均集中在二楼6、7、8、9号展厅。 3️⃣关于文创:每个楼层都有文创店,二楼的比较大且全,二楼文创店还可以免费盖章哦[赞R] 4️⃣关于讲解: 人工讲解86元/2h或98元/2.5h的小团讲解 电子讲解器20元/台,靠近文物自动讲解 5️⃣关于餐饮:二楼有餐饮区,也可以逛完去旁边的万象城。 🎫免费参观,但是需要提前在gzh预约。 🕒开放时间:9:00-19:00(18:00停止入内)周一闭馆。 🅿️有停车场,2元/小时。 我是爱旅行、爱分享的@庞壹壹 🌏带你看最美的风景、与你分享实用的旅行干货📕 #一头钻进博物馆[话题]# #文物[话题]# #山东博物馆[话题]# #山东博物馆十大镇馆之宝[话题]# #山东博物馆攻略[话题]# #济南旅游[话题]# #博物馆文创[话题]# #文创冰箱贴[话题]# @生活薯",
10538,female,40+,1325474,山东省博物馆文创get~,"#文创产品[话题]# 想买的都买到啦,二楼的货会比较全,但每一家都会少一样爆火款。一楼的文创店员工告诉我我想买的几个都卖完了还挺失望,没想到二楼都有,千万要多逛几家!!!我的亚丑钺种子款和秋操杯还有红陶兽形壶都来自二楼的不同文创店",./images/mnt/ali-sh-1/usr/lihaitao/process_0106/image/part_75/758918/3401318.jpg|./images/mnt/ali-sh-1/usr/lihaitao/process_0106/image/part_75/758918/3401319.jpg|./images/mnt/ali-sh-1/usr/lihaitao/process_0106/image/part_75/758918/3401320.jpg|./images/mnt/ali-sh-1/usr/lihaitao/process_0106/image/part_75/758918/3401321.jpg|./images/mnt/ali-sh-1/usr/lihaitao/process_0106/image/part_75/758918/3401322.jpg|./images/mnt/ali-sh-1/usr/lihaitao/process_0106/image/part_75/758918/3401323.jpg|./images/mnt/ali-sh-1/usr/lihaitao/process_0106/image/part_75/758918/3401324.jpg|./images/mnt/ali-sh-1/usr/lihaitao/process_0106/image/part_75/758918/3401325.jpg
10538,female,40+,1218719,山东博物馆文创,"在山东博物馆二楼北面书店旁边文创区发现了很多可爱又有意思的文创。红陶兽形壶可可爱爱配色真的很喜欢,花盆冰箱贴超有趣果断带回去。看别人的馆藏吊坠冰箱贴想买没有了好可惜,其他有趣又漂亮的也好多。#文创产品[话题]# #山东博物馆[话题]# #纪念品[话题]# #值得一去的博物馆[话题]#",./images/mnt/ali-sh-1/usr/lihaitao/process_0106/image/part_100/1005730/4526848.jpg|./images/mnt/ali-sh-1/usr/lihaitao/process_0106/image/part_100/1005730/4526849.jpg|./images/mnt/ali-sh-1/usr/lihaitao/process_0106/image/part_100/1005730/4526850.jpg|./images/mnt/ali-sh-1/usr/lihaitao/process_0106/image/part_100/1005730/4526851.jpg|./images/mnt/ali-sh-1/usr/lihaitao/process_0106/image/part_100/1005730/4526852.jpg|./images/mnt/ali-sh-1/usr/lihaitao/process_0106/image/part_100/1005730/4526853.jpg
10538,female,40+,1470233,三星堆博物馆文创书签|透明漆工艺,25周年纪念文创金属书签 #文创书签[话题]# #三星堆博物馆[话题]# #三星堆[话题]# #金属书签[话题]# #青铜面具[话题]# #书签[话题]# #书签定制[话题]# #金属书签定制[话题]# #金属书签定制厂家[话题]# #东莞济安[话题]#,./images/mnt/ali-sh-1/usr/lihaitao/process_0106/image/part_76/761778/3413950.jpg|./images/mnt/ali-sh-1/usr/lihaitao/process_0106/image/part_76/761778/3413951.jpg
10538,female,40+,1306694,mini累包里~我觉得比较温柔的色系🎀,是不是超温柔的 #辛安小[话题]# #可爱玩偶[话题]# #玩偶[话题]# #软萌安抚玩具[话题]# #毛绒公仔[话题]# #我们都是玩偶控[话题]# #玩偶推荐[话题]# #治愈系[话题]# #毛茸茸软乎乎[话题]#,./images/mnt/ali-sh-1/usr/lihaitao/process_0106/image/part_94/947963/4276481.jpg|./images/mnt/ali-sh-1/usr/lihaitao/process_0106/image/part_94/947963/4276482.jpg|./images/mnt/ali-sh-1/usr/lihaitao/process_0106/image/part_94/947963/4276483.jpg|./images/mnt/ali-sh-1/usr/lihaitao/process_0106/image/part_94/947963/4276484.jpg|./images/mnt/ali-sh-1/usr/lihaitao/process_0106/image/part_94/947963/4276485.jpg|./images/mnt/ali-sh-1/usr/lihaitao/process_0106/image/part_94/947963/4276486.jpg|./images/mnt/ali-sh-1/usr/lihaitao/process_0106/image/part_94/947963/4276487.jpg|./images/mnt/ali-sh-1/usr/lihaitao/process_0106/image/part_94/947963/4276488.jpg
10538,female,40+,1006202,延吉必买【冰箱贴】网红流沙,#创业[话题]# #延吉冰箱贴[话题]# #延吉[话题]# #延吉打卡[话题]# 网红流沙冰箱贴,./images/mnt/ali-sh-1/usr/lihaitao/process_0106/image/part_70/702218/3126195.jpg|./images/mnt/ali-sh-1/usr/lihaitao/process_0106/image/part_70/702218/3126196.jpg
10538,female,40+,1599930,《后天养白白攻略》之内调去黄!素颜白净,自用無️广!真的亲测有效!放心食用啦~ #怎样美白[话题]# #美白[话题]# #内调美白[话题]# #去黄[话题]#,
10538,female,40+,1322021,让我们家小朋友跟大家正式见个面,#双子白羊[话题]# #情侣日常[话题]# #夫妻日常[话题]#,
10538,female,40+,1639522,一眼万年丨家里的小型博物馆,"❤从各地的博物馆收集来的冰箱贴也可以有自己专门呆的新家。 ❤都是客户的实物晒图,各种各样的冰箱贴已经让我看花眼了,都是非常有艺术细胞的宝子 ﻿#冰箱贴天天晒[话题]#﻿ ﻿#清朗旗舰店[话题]#﻿ ﻿#黑板墙[话题]#﻿ ﻿#晒晒我的冰箱贴[话题]#﻿ ﻿#博物馆打卡[话题]#﻿ ﻿#博物馆冰箱贴[话题]#﻿ ﻿#小红书居住趋势[话题]#﻿#冰箱贴小黑板[话题]#",
10538,female,40+,1648187,不知道这些博物馆到底要搞哪样!,故宫你是真听劝啊! #北京[话题]# #镜子[话题]# #文创[话题]# #北京旅游[话题]#,./images/mnt/ali-sh-1/usr/lihaitao/process_0106/image/part_61/616674/2713354.jpg|./images/mnt/ali-sh-1/usr/lihaitao/process_0106/image/part_61/616674/2713355.jpg|./images/mnt/ali-sh-1/usr/lihaitao/process_0106/image/part_61/616674/2713356.jpg|./images/mnt/ali-sh-1/usr/lihaitao/process_0106/image/part_61/616674/2713357.jpg|./images/mnt/ali-sh-1/usr/lihaitao/process_0106/image/part_61/616674/2713358.jpg|./images/mnt/ali-sh-1/usr/lihaitao/process_0106/image/part_61/616674/2713359.jpg|./images/mnt/ali-sh-1/usr/lihaitao/process_0106/image/part_61/616674/2713360.jpg
10538,female,40+,1581107,套圈中的冰箱贴❄️开心快乐满足的一天,"午休时间出来买个心仪已久的冰箱贴 然后满99💰有套圈活动 凑了个东北[斜眼R]嘚瑟明信片 然后忐忐忑忑的去套圈⭕ 规则是四个圈中一个就有冰箱贴 前三个没中,当我感觉没戏的时候 蕞后一个圈⭕中了 开心到跳起啊 旁边的工作人员也是敲nice 是个美丽的小姐姐 耐心的给我讲解各种各样的文创周边 也有她的鼓励我才能中 爱笑的人都会幸运[害羞R] 138号小姐姐 美丽又有内涵 ⭐哈尔滨人好久没来中央大街了 逛一逛全是南方小金豆 还有72天亚冬会开幕 哈尔滨旅游的人越来越多了 🍞烟囱面包建议不要买 去拍拍照就可以了 ⭐螺蛳粉不错 味道可以 🇷🇺俄餐可以去波特曼 味道好吃 服务态度好[赞R] 🦆铁锅炖可以去山河屯 橙色上有团购 本地人吃大鹅或者排骨炖鸡爪 欢迎全国各地的朋友们来哈尔滨做客 哈尔滨本地的吃喝玩乐都给你安排明明白白的[派对R] #哈尔滨旅行[话题]# #亚冬会[话题]# #亚冬会纪念品[话题]# #哈尔滨旅游攻略[话题]# #哈尔滨旅行摄影[话题]# #哈尔滨美食[话题]#",./images/mnt/ali-sh-1/usr/lihaitao/process_0106/image/part_87/878228/3961507.jpg|./images/mnt/ali-sh-1/usr/lihaitao/process_0106/image/part_87/878228/3961508.jpg|./images/mnt/ali-sh-1/usr/lihaitao/process_0106/image/part_87/878228/3961509.jpg|./images/mnt/ali-sh-1/usr/lihaitao/process_0106/image/part_87/878228/3961510.jpg|./images/mnt/ali-sh-1/usr/lihaitao/process_0106/image/part_87/878228/3961511.jpg|./images/mnt/ali-sh-1/usr/lihaitao/process_0106/image/part_87/878228/3961512.jpg
11094,female,26-30,1088057,当Lo娘入职小ck | 黑白油画少女灰鲁尼,上衣:Ozzonjapan 鞋:Jeffrey Campbell Charles Keith 裙子:KTL艺术杂货铺 包:Charles Keith #小ck时尚俱乐部[话题]# #小ck[话题]# #小ck包[话题]# #小ck鞋子[话题]# #日常穿搭[话题]# #小众穿搭[话题]# #日牌Lolita[话题]# #lo娘日常[话题]# #lo娘[话题]# #cla系lolita[话题]# #春季穿搭[话题]#,
11094,female,26-30,1558330,"只能留一条的话,选择哪一条好呢!!!",#吃我一波lolita安利[话题]# #ktl艺术杂货铺[话题]# #哥特[话题]# @KTL艺术杂货铺,./images/mnt/ali-sh-1/usr/lihaitao/process_0106/image/part_102/1024537/4611328.jpg
11094,female,26-30,1937294,平价哥特cla裙子分享~,"P1 樱桃塔家的安缇娅的祷告 一团的时候还在观望,反馈挺好的,二团又改进了很多,果断冲了黑灰色! P2-P3 黑泽x灰屿家的黑鹂,店主在某鱼清仓,果断冲了,100+质感真的好好!她家的燕鸥也在清仓也超值! P4 KTL艺术杂货铺的克苏鲁粘液六片裁吊带裙,清仓买的,很适合秋冬,面料厚实,可以正反穿,柄图真的好爱! P5 布偶心事本家的黑麻麻,很经典,不穿撑也很日常,版型也很绝! P6–P7 草莓爱丽丝家的祷告日,白菜修女风六片裁op,真的好平价,有运费险,等到货看怎么样! 到货了不推荐!有点像cos,没什么质感,也不修饰腰身,裙摆也不是特别大! P8-P9 小花园家的 黑森林庭院和花园舞曲1.0,很日常,性价比很高! #Lolita[话题]# #lolita穿搭[话题]# #布偶心事本黑麻麻[话题]# #小花园lo裙[话题]# #安缇娅的祷告[话题]# #ktl艺术杂货铺[话题]# #小花园黑森林庭院[话题]# #花园舞曲[话题]# #好看的裙子分享[话题]#",./images/mnt/ali-sh-1/usr/lihaitao/process_0106/image/part_68/680191/3025438.jpg|./images/mnt/ali-sh-1/usr/lihaitao/process_0106/image/part_68/680191/3025439.jpg
11094,female,26-30,1066643,这个季节是属于苹果的🍂,请查收秋日苹果🍎 苹果园背心裙 两侧都有口袋 支持七天无理由#红色系[话题]# #原创[话题]# #ktl艺术杂货铺[话题]# #背心裙[话题]# #连衣裙[话题]# #油画[话题]# #秋季穿搭[话题]# #秋日穿搭[话题]# #可爱[话题]# #慵懒感穿搭[话题]#,
11094,female,26-30,1081662,非来自黑夜,半裙:ktl非来自黑夜sk 花丸:废墟蔷薇黑色花丸 包包:织造司吉羊止止 上衣:地球人衬衫&地球人马甲 @KTL艺术杂货铺 #ktl艺术杂货铺[话题]# #穿搭[话题]#,./images/mnt/ali-sh-1/usr/lihaitao/process_0106/image/part_76/767915/3441787.jpg|./images/mnt/ali-sh-1/usr/lihaitao/process_0106/image/part_76/767915/3441788.jpg
11094,female,26-30,1106636,可两穿的生命树背带SP,"KTL艺术杂货铺家的生命树背带,真的越看越好看,和衣服适配性很高,很百搭。很有质感的一条,蛮厚的,两侧有口袋,裙子是工字褶,柄图真的很美。把上边的背带塞进裙子(背带不可拆卸),就可以完美变成SK!!搭配我新买的汉服昭君袄也很可!不穿裙撑比较日常,裙子自带一点弧度,背带后有三个扣眼调节长度,总体性价比很高的一条,还看中同款的红格猫可可背带,感觉很适合圣诞和春节!!@KTL艺术杂货铺 #今天穿这样[话题]# #ktl艺术杂货铺[话题]# #生命树SP[话题]# #背带裙[话题]# #lolita穿搭[话题]# #我的ootd[话题]# #晒晒今日穿搭[话题]#",
11094,female,26-30,1334230,🍎苹果园,"偏地球人一点的穿搭,喜欢这个苹图案~ 裙子:@KTL艺术杂货铺 开衫:埃特勒塔 项链:圆点点小姐 #Lolita日常[话题]# #穿搭[话题]#",
11094,female,26-30,1514600,nan,#ktl艺术杂货铺[话题]# 浓味猫可可 @KTL艺术杂货铺,./images/mnt/ali-sh-1/usr/lihaitao/process_0106/image/part_83/836608/3764281.jpg
11094,female,26-30,1222264,不是错版设计 是随机印花呢~~,@KTL艺术杂货铺 进来挨骂 我一个佛系躺平的人 你是真的惹恼我了 1️⃣ 商品图和实物图两模两样 关键位置的印花错误 商品图是一个视觉正腰但是松紧高腰 实物完全不是 2️⃣ 故意卖错版 行 你随机剪裁 是能剪出一批都一样的吗 消费者返图 我随便找了几个 (*用了小🍠姐妹的图和店家沟通 我码脸了 介意的姐妹找我 这张对比图我可以删 以及 你们买到错版了 店家不承认) 好巧 都是上面印花少一截 下面印花多一截 随机是随机一批吗 你真的不是故意不更新商品图 坚持卖错版? 觉得lo娘好欺负 对你们太宽容? 3️⃣ 坚称自己没错 如果消费者觉得有问题 可以自己付费寄回 巧了 我是不会为了别人的错误买单的 我为什么要给你付邮费?? 你应该给所有买到这条裙子错版的姐妹道歉!! 你可真是太高贵了! #避雷店铺[话题]# #Lolita[话题]# #lo裙[话题]# #ktl艺术杂货铺[话题]#,./images/mnt/ali-sh-1/usr/lihaitao/process_0106/image/part_90/909580/4098421.jpg|./images/mnt/ali-sh-1/usr/lihaitao/process_0106/image/part_90/909580/4098422.jpg
11094,female,26-30,1971673,抢到ktl清仓最后一条索伦多的晚祷修女袍,"上身前看了一些repo于是没抱任何期待,然而实际上身效果还不错...适合不穿撑or穿如图弧度的小撑【以及有很大的口袋非常拉好感 但拔草点也有不少,比如印花不够清晰、不对花、接缝不齐、布料太厚、容易巨肩、披肩袖遮腰线可能显胖等等 但看在清仓价的份上个人还能接受,就留下了 #Lolita[话题]# #lolita穿搭[话题]# #吃我一波lolita安利[话题]# #ktl艺术杂货铺[话题]# #索伦多的晚祷[话题]# #彩窗[话题]# #修女lo[话题]#",
11094,female,26-30,1580011,Repo27 KTL艺术杂货铺 - 毒苹果背心裙 2XL,"适合季节:春/秋/冬 ❤️优点: 1️⃣ 柄图复古,刺绣清晰; 2️⃣ 套头就走,很方便; 3️⃣ 价格亲民 🖤缺点: 1️⃣ 纯套头,布料没有弹性也没有拉链; 2️⃣ 收腰非常挑人,个人系上腰带比例会很奇怪,只能松了腰带当宽松套头裙穿 年前的盲狙,今年复古苹果元素好像很流行,xrs老是给我推,就想着买条试试看。价格来说比较便宜的,其实不太确定他们家算不算lo🤔 买的是2XL,我个人的深陷是完全够不尺码上限的,但是上半身有肉的姐妹穿其实不一定能顺利套进去,加上裙子的比例是没什么比例,还是需要考量一下再买噢 #大码lo娘[话题]# #大码Lolita[话题]# #吃我一波Lolita安利[话题]# #Lolita[话题]#",./images/mnt/ali-sh-1/usr/lihaitao/process_0106/image/part_99/996123/4483217.jpg|./images/mnt/ali-sh-1/usr/lihaitao/process_0106/image/part_99/996123/4483218.jpg|./images/mnt/ali-sh-1/usr/lihaitao/process_0106/image/part_99/996123/4483219.jpg|./images/mnt/ali-sh-1/usr/lihaitao/process_0106/image/part_99/996123/4483220.jpg
11094,female,26-30,894752,我从未见过如此离谱之瑕疵,"十年lo娘大开眼界[赞R] #ktl艺术杂货铺[话题]# 真有你的,裙子右边口袋能缝上一半,手动提高私密性,真乃精妙设计。售后只会复读机“七天无理由已过”、“签收时间过长”,似乎是裙子多放了一个月口袋长在一起了[赞R]",
11094,female,26-30,832556,秋冬当然要穿背带裙啦🍂,"清仓中 两侧有口袋 肩带长度可调节 清仓款式默认有瑕疵,no退no换[皱眉R] #ktl艺术杂货铺[话题]# #背带裙[话题]# #超会穿企划[话题]# #吃我一波Lolita安利[话题]# #吃我一波lolita安利[话题]# #原创[话题]# #连衣裙[话题]# #Lolita[话题]# #lolita[话题]# #秋日穿搭[话题]#",./images/mnt/ali-sh-1/usr/lihaitao/process_0106/image/part_66/665869/2959361.jpg|./images/mnt/ali-sh-1/usr/lihaitao/process_0106/image/part_66/665869/2959362.jpg|./images/mnt/ali-sh-1/usr/lihaitao/process_0106/image/part_66/665869/2959363.jpg|./images/mnt/ali-sh-1/usr/lihaitao/process_0106/image/part_66/665869/2959364.jpg|./images/mnt/ali-sh-1/usr/lihaitao/process_0106/image/part_66/665869/2959365.jpg
11094,female,26-30,1674834,ktl艺术杂货铺怎么还没有倒闭,"买他家衣服真的是入Lolita圈最大的耻辱!! 不倒闭我就一直黑。 你家没能力做好一件衣服为什么还要挂这么高的价格。 当时我买的这条定金100,尾款199。面料很邹吧,饼图一拉糊涂,很糊,缝线处设计的很糟糕。 -------- 一些建议: 不要为了饼图好看就去买,Lolita也不是唯一他家。 给新入坑姐妹的话,如果不幸运首次购物就踩雷请不要对l圈失望,把衣服退掉选择一些现货的店铺先入手。虽然贵几十元,但是能看清此店衣服质量 ------- 此订单对于我来说已完结。",./images/mnt/ali-sh-1/usr/lihaitao/process_0106/image/part_101/1013186/4563531.jpg|./images/mnt/ali-sh-1/usr/lihaitao/process_0106/image/part_101/1013186/4563532.jpg|./images/mnt/ali-sh-1/usr/lihaitao/process_0106/image/part_101/1013186/4563533.jpg|./images/mnt/ali-sh-1/usr/lihaitao/process_0106/image/part_101/1013186/4563534.jpg|./images/mnt/ali-sh-1/usr/lihaitao/process_0106/image/part_101/1013186/4563535.jpg|./images/mnt/ali-sh-1/usr/lihaitao/process_0106/image/part_101/1013186/4563536.jpg|./images/mnt/ali-sh-1/usr/lihaitao/process_0106/image/part_101/1013186/4563537.jpg|./images/mnt/ali-sh-1/usr/lihaitao/process_0106/image/part_101/1013186/4563538.jpg
11094,female,26-30,1213486,秋冬才是jk的主场!这个黑灰配色简直太校供,好好好好好喜欢!#jk穿搭[话题]# #校供感[话题]# #空栗鼠丸jk[话题]#,
11094,female,26-30,1448799,手元供养-超小迷你宠物骨灰盒,"小仓鼠🐹拿铁刚刚4个月,在两个月时被弃养😭,遇到现在的巴巴麻麻👫,可是先天发育不好,养了两个月就回蹦星了🙏 超小迷你骨灰盒,手元供养。你是我们永远手心里的宝呀#南京小尾巴宠物善后[话题]# #仓鼠[话题]#",./images/mnt/ali-sh-1/usr/lihaitao/process_0106/image/part_88/883955/3987307.jpg|./images/mnt/ali-sh-1/usr/lihaitao/process_0106/image/part_88/883955/3987308.jpg|./images/mnt/ali-sh-1/usr/lihaitao/process_0106/image/part_88/883955/3987309.jpg
11094,female,26-30,1603572,呜呜呜 鼠鼠突然死了,前一天还活蹦乱跳 昨晚发现的时候已经硬了 不知道为什么突然死了 呜呜呜,./images/mnt/ali-sh-1/usr/lihaitao/process_0106/image/part_103/1036943/4663925.jpg|./images/mnt/ali-sh-1/usr/lihaitao/process_0106/image/part_103/1036943/4663926.jpg|./images/mnt/ali-sh-1/usr/lihaitao/process_0106/image/part_103/1036943/4663927.jpg
11094,female,26-30,1610677,"仓鼠肿瘤,看这一篇就够了!!!","仓鼠高发病!其实没那么可怕!!看就完了!!#新手养仓鼠[话题]# #我来科普一下[话题]# #仓鼠[话题]# #异宠医生[话题]# #金丝熊[话题]# #仓鼠肿瘤[话题]# ps:异宠持证医生,遇见就是缘分~有问题都可以问!!",./images/mnt/ali-sh-1/usr/lihaitao/process_0106/image/part_98/982576/4425508.jpg|./images/mnt/ali-sh-1/usr/lihaitao/process_0106/image/part_98/982576/4425509.jpg|./images/mnt/ali-sh-1/usr/lihaitao/process_0106/image/part_98/982576/4425510.jpg
11094,female,26-30,943033,"养了2年的仓鼠突然去了吱星,在家怎么处理!?️","仓鼠在家突然离世,应该如何处理❓ 爱宠离世,身为家长难免感到慌乱🥺🥺 但是你要振作起来💪🏻因为鼠鼠还需要你帮忙处理身后事🥺 —— ✨✨宠物在家离世处理方式✨✨ ✅1、深呼吸!保持冷静! ✅2、小心处理仓鼠的身体 ✅3、尽快☎️宠物善终机构 ✅4、接受自己的负面情绪 —— 论及生死,这是非常值得认真对待的事情,请认真考虑如何为爱宠安排身后事!这是对鼠鼠的一种尊重❤️ #宠物离世[话题]##宠物殡葬[话题]##金丝熊[话题]##花枝鼠[话题]##异宠[话题]##面对宠物的离去[话题]##全国宠物殡葬[话题]##撸宠档案[话题]# #不懂就问有问必答[话题]#",./images/mnt/ali-sh-1/usr/lihaitao/process_0106/image/part_91/917519/4132893.jpg|./images/mnt/ali-sh-1/usr/lihaitao/process_0106/image/part_91/917519/4132894.jpg|./images/mnt/ali-sh-1/usr/lihaitao/process_0106/image/part_91/917519/4132895.jpg|./images/mnt/ali-sh-1/usr/lihaitao/process_0106/image/part_91/917519/4132896.jpg|./images/mnt/ali-sh-1/usr/lihaitao/process_0106/image/part_91/917519/4132897.jpg
11094,female,26-30,890586,南京仓鼠免费领养(限南京本地),"仓鼠免费领养,只要对它好就行了。本人因工作原因要离开南京,希望给仓鼠找一个好的领养。只限南京本地,不希望过年就对小鼠不管不顾。当面领取,包含仓鼠的生活用品。小鼠平时很乖,喜欢睡觉,(晚上会跑轮有声音,可以放在客厅)#仓鼠免费领养[话题]# #南京[话题]#",./images/mnt/ali-sh-1/usr/lihaitao/process_0106/image/part_77/775392/3474695.jpg|./images/mnt/ali-sh-1/usr/lihaitao/process_0106/image/part_77/775392/3474696.jpg|./images/mnt/ali-sh-1/usr/lihaitao/process_0106/image/part_77/775392/3474697.jpg|./images/mnt/ali-sh-1/usr/lihaitao/process_0106/image/part_77/775392/3474698.jpg
11317,female,23-25,1403372,这是我的年终奖礼物,#年终奖[话题]# #开心快乐每一天[话题]#,./images/mnt/ali-sh-1/usr/lihaitao/process_0106/image/part_85/852639/3835069.jpg
11317,female,23-25,1175929,闪闪发光客订留镶系列又又又来啦🥳🥳,#翡翠镶嵌[话题]# #翡翠小精品[话题]# #翡翠裸石[话题]# #翡翠耳钉[话题]##翡翠吊坠[话题]##翡翠戒指[话题]# #珠宝定制[话题]# #晒晒手上戴什么[话题]# #最别致的配饰[话题]# #戴上让你美的不像话[话题]#,./images/mnt/ali-sh-1/usr/lihaitao/process_0106/image/part_65/651392/2889817.jpg
11317,female,23-25,1529044,一秒实现:高颅顶+头包脸的提花编织冷帽,#帽子推荐[话题]# #帽子分享[话题]# #好物推荐[话题]# #秋冬穿搭推荐[话题]# ##巴恩叠叠乐[话题]# #巴恩风穿搭[话题]# #小红书冬日秀场[话题]# #小红书时髦look抢先买,
11317,female,23-25,1616429,嗯 听妈妈的话会变美,#今日妆容[话题]# #仿妆[话题]# #阿娇[话题]# #钟欣潼[话题]# #反差[话题]# #听妈妈的话[话题]#,
11317,female,23-25,988925,北京首创•郎园真的太好拍啦,#ootd日常穿搭[话题]# #公园拍照[话题]# #拍照打卡[话题]#,
11317,female,23-25,1169781,北京的深秋☀️,#在胡同里遇见北京的秋天[话题]#,./images/mnt/ali-sh-1/usr/lihaitao/process_0106/image/part_102/1028896/4629560.jpg
11317,female,23-25,1946572,"崭新的岁月,与国同庆",#欢度国庆[话题]# #天安门看升旗[话题]#,
11317,female,23-25,963528,难哄杀青啦,"蹭个难哄的热度[害羞R]两个月跑了重庆四五回,终于杀青啦~中间没我戏回家的时候听我妹妹说她特别喜欢淼怡老师,于是就有了p1的合照[萌萌哒R]淼怡老师超级可爱,听说我妹妹是她的粉丝,还配合我给妹妹录视频打了个招呼,被圈粉啦~p3是道具老师给我做的结婚照,有一说一,还挺真实哈哈哈哈哈,一起期待难哄吧~#难哄[话题]# #难哄电视剧[话题]# #北漂[话题]# #演员[话题]#",
11317,female,23-25,1935967,"分手后飞了1800公里来到了他的城市,但......","出发前决定记录下这次旅程自己留作纪念,剪完之后犹豫了很久要不要发出来,主要怕熟人看到笑话我,但思虑再三还是决定发,希望这条视频可以给正在经历失恋的姐妹们提供一些参考...... 或许我们都没有坚定的选择彼此,所以最终还是走散了吧......#人生中最疯狂的经历[话题]# #异地恋[话题]# #分手[话题]# #失恋[话题]# #分手后要不要去找他[话题]# #分手后还要不要当面告别[PK]#",
11317,female,23-25,959758,糟糕 是心动的感觉,#一眼沦陷[话题]# #颜值天花板[话题]# 结缘分享 谢谢大家的喜欢,./images/mnt/ali-sh-1/usr/lihaitao/process_0106/image/part_82/822229/3700418.jpg|./images/mnt/ali-sh-1/usr/lihaitao/process_0106/image/part_82/822229/3700419.jpg
11317,female,23-25,1558334,live图存在的意义,#挑战原相机封神[话题]# #定格美好瞬间[话题]# #今年N个漂亮时刻[话题]# #陈小妹翡翠园[话题]#,
11317,female,23-25,1537781,这个糖好好吃,#陈小妹翡翠园[话题]# #翡翠[话题]#,
11317,female,23-25,1160677,滴流军团来了,#小滴流[话题]# #陈小妹翡翠园[话题]#,./images/mnt/ali-sh-1/usr/lihaitao/process_0106/image/part_94/943389/4252625.jpg|./images/mnt/ali-sh-1/usr/lihaitao/process_0106/image/part_94/943389/4252626.jpg|./images/mnt/ali-sh-1/usr/lihaitao/process_0106/image/part_94/943389/4252627.jpg|./images/mnt/ali-sh-1/usr/lihaitao/process_0106/image/part_94/943389/4252628.jpg|./images/mnt/ali-sh-1/usr/lihaitao/process_0106/image/part_94/943389/4252629.jpg|./images/mnt/ali-sh-1/usr/lihaitao/process_0106/image/part_94/943389/4252630.jpg|./images/mnt/ali-sh-1/usr/lihaitao/process_0106/image/part_94/943389/4252631.jpg|./images/mnt/ali-sh-1/usr/lihaitao/process_0106/image/part_94/943389/4252632.jpg
11317,female,23-25,1368029,陈小妹翡翠园·北京珠宝展新品分享,#北京珠宝展[话题]# #陈小妹翡翠园[话题]# #新品预告[话题]#,./images/mnt/ali-sh-1/usr/lihaitao/process_0106/image/part_55/555618/2409060.jpg|./images/mnt/ali-sh-1/usr/lihaitao/process_0106/image/part_55/555618/2409061.jpg|./images/mnt/ali-sh-1/usr/lihaitao/process_0106/image/part_55/555618/2409062.jpg|./images/mnt/ali-sh-1/usr/lihaitao/process_0106/image/part_55/555618/2409063.jpg|./images/mnt/ali-sh-1/usr/lihaitao/process_0106/image/part_55/555618/2409064.jpg|./images/mnt/ali-sh-1/usr/lihaitao/process_0106/image/part_55/555618/2409065.jpg|./images/mnt/ali-sh-1/usr/lihaitao/process_0106/image/part_55/555618/2409066.jpg|./images/mnt/ali-sh-1/usr/lihaitao/process_0106/image/part_55/555618/2409067.jpg
11317,female,23-25,1621114,⬅️左滑看正面,#论拍照角度的重要性[话题]# #原图直出[话题]# #陈小妹翡翠园[话题]# #左滑挑战[话题]#,./images/mnt/ali-sh-1/usr/lihaitao/process_0106/image/part_83/835026/3757342.jpg|./images/mnt/ali-sh-1/usr/lihaitao/process_0106/image/part_83/835026/3757343.jpg|./images/mnt/ali-sh-1/usr/lihaitao/process_0106/image/part_83/835026/3757344.jpg|./images/mnt/ali-sh-1/usr/lihaitao/process_0106/image/part_83/835026/3757345.jpg|./images/mnt/ali-sh-1/usr/lihaitao/process_0106/image/part_83/835026/3757346.jpg|./images/mnt/ali-sh-1/usr/lihaitao/process_0106/image/part_83/835026/3757347.jpg|./images/mnt/ali-sh-1/usr/lihaitao/process_0106/image/part_83/835026/3757348.jpg|./images/mnt/ali-sh-1/usr/lihaitao/process_0106/image/part_83/835026/3757349.jpg
11317,female,23-25,861778,玻璃柜都挡不住的美,"品质好的翡翠,live随手拍。隔着玻璃,不需要打光或者光照亮,都很美。#视频记录生活[话题]# #翡翠也可以很时尚[话题]# #翡翠[话题]#",./images/mnt/ali-sh-1/usr/lihaitao/process_0106/image/part_85/853358/3838106.jpg|./images/mnt/ali-sh-1/usr/lihaitao/process_0106/image/part_85/853358/3838107.jpg|./images/mnt/ali-sh-1/usr/lihaitao/process_0106/image/part_85/853358/3838108.jpg
11317,female,23-25,1152159,"我们家陈小妹正在直播,抢沙发啦",#快来抢沙发吧[话题]#![派对R][派对R][派对R]记录吧就现在 #清澈的翡翠[话题]# #直播间[话题]# #给大家挑点好的[话题]# #翡翠爱好者[话题]# #自然光看翡翠[话题]# #日常拍照集锦[话题]# #忍不住拍照记录[话题]# ##翡翠[话题]# #翡翠也可以很时尚[话题]#,./images/mnt/ali-sh-1/usr/lihaitao/process_0106/image/part_98/981858/4422520.jpg
11317,female,23-25,1098849,纯粹的美 没有形容词,"翡翠其实就是看品质,品质上乘的纯粹的美,没有其他花里胡哨的修饰。天然翡翠葫芦戒指#记录吧就现在[话题]# #配饰[话题]# #一眼心动[话题]# #漂亮[话题]# #翡翠也可以很时尚[话题]# #翡翠葫芦[话题]# #翡翠葫芦戒指镶嵌[话题]#",./images/mnt/ali-sh-1/usr/lihaitao/process_0106/image/part_82/825201/3713612.jpg
11317,female,23-25,1515378,nan,翡翠的魅力#给大家挑点好的[话题]# 喜欢的圈一下#戴上让你美的不像话[话题]#,
11317,female,23-25,1076407,掉水里找不到了,#翡翠高冰玻璃种[话题]# #戴上让你美的不像话[话题]# #光线下的美[话题]# #翡翠镶嵌[话题]# #冰种翡翠[话题]# 掉水里找不到了怎么办?,
12363,female,40+,1138160,nan,"不该拿到办公室的,一箱就一天就炫完了!! 脆脆的,水水的,甜蜜蜜🥰 终于体会了什么叫一咬爆汁感觉,皮薄可手撕,肉脆而不硬,最主要是好吃不费嘴,满嘴爆甜汁~终于可以轻轻松松吃甘蔗了﻿#水果[话题]#﻿ ﻿#甘蔗[话题]#﻿ ﻿#积极入冬的家居仪式感[话题]#﻿ ﻿#办公室零食[话题]#﻿ ﻿#大爱水果季[话题]#﻿ ﻿#美食日常[话题]#﻿ ﻿#手撕甘蔗[话题]#﻿",./images/mnt/ali-sh-1/usr/lihaitao/process_0106/image/part_91/910047/4100328.jpg|./images/mnt/ali-sh-1/usr/lihaitao/process_0106/image/part_91/910047/4100329.jpg|./images/mnt/ali-sh-1/usr/lihaitao/process_0106/image/part_91/910047/4100330.jpg|./images/mnt/ali-sh-1/usr/lihaitao/process_0106/image/part_91/910047/4100331.jpg|./images/mnt/ali-sh-1/usr/lihaitao/process_0106/image/part_91/910047/4100332.jpg|./images/mnt/ali-sh-1/usr/lihaitao/process_0106/image/part_91/910047/4100333.jpg|./images/mnt/ali-sh-1/usr/lihaitao/process_0106/image/part_91/910047/4100334.jpg|./images/mnt/ali-sh-1/usr/lihaitao/process_0106/image/part_91/910047/4100335.jpg
12363,female,40+,1286114,"一个面包118,一个吐司50,面包为什么这么贵",#不懂就问有问必答[话题]# #面包脑袋的私藏店[话题]# #面包[话题]# #我的烘焙日记[话题]# #烘焙[话题]# #面包控[话题]#,
12363,female,40+,1701371,日本人的饮食模式值得学习,"学习别人的长处,才能更好的增强国人体质!#营养科普[话题]# #健康知识[话题]# #日本[话题]# #中医养生[话题]#",
12363,female,40+,1002825,免疫力低的宝子赶紧码住了!,"随着快节奏的生活变化,不仅是大人,连小孩的生活也开始不规律、吃重油重辣的食物,熬夜看👀手机 不爱运动🏃‍♀️从而忽略掉了自己的身体情况! 这样真的很容易导致免疫力降低... 下面这一篇就来教你怎么把免疫力给提上去💪 1️⃣免疫球蛋白 一天吃1-2次,一次1-2粒 2️⃣维生素C 一天一粒,睡觉前吃,吃一周停一周 3️⃣葡萄酸锌 一天一支,喝三天停,补充锌元素 4️⃣维生素b2+b6 一天各吃1粒,吃一周停一周 #增强免疫力[话题]# #提高免疫力[话题]##免疫球[话题]##熬夜必备[话题]##免疫力[话题]##免疫球蛋白[话题]##樂道[话题]##内服好物[话题]##健康养生[话题]#",./images/mnt/ali-sh-1/usr/lihaitao/process_0106/image/part_85/858696/3862245.jpg|./images/mnt/ali-sh-1/usr/lihaitao/process_0106/image/part_85/858696/3862246.jpg|./images/mnt/ali-sh-1/usr/lihaitao/process_0106/image/part_85/858696/3862247.jpg|./images/mnt/ali-sh-1/usr/lihaitao/process_0106/image/part_85/858696/3862248.jpg|./images/mnt/ali-sh-1/usr/lihaitao/process_0106/image/part_85/858696/3862249.jpg
12363,female,40+,1071370,爸爸剃了胡子。宝宝:天塌了!!,None,
12363,female,40+,1455438,好绝!没想到他老了比年轻时候还帅!,吉姆罗斯斯图尔特#帅哥[话题]# #男神[话题]# #意大利[话题]# #颜值[话题]# #影视[话题]##明星[话题]##神仙颜值[话题]# #吉姆罗斯斯图尔特[话题]##欧美[话题]# #欧美帅哥[话题]#,
12363,female,40+,1145741,法式中国风混搭系列之清新自然:第一集,#设计[话题]# #装修设计[话题]# #装修[话题]# #装修灵感库[话题]# #新中式[话题]# #别墅设计[话题]# #东方美学[话题]# #设计师[话题]# #软装搭配[话题]# #软装[话题]#,./images/mnt/ali-sh-1/usr/lihaitao/process_0106/image/part_75/754995/3383928.jpg|./images/mnt/ali-sh-1/usr/lihaitao/process_0106/image/part_75/754995/3383929.jpg|./images/mnt/ali-sh-1/usr/lihaitao/process_0106/image/part_75/754995/3383930.jpg|./images/mnt/ali-sh-1/usr/lihaitao/process_0106/image/part_75/754995/3383931.jpg|./images/mnt/ali-sh-1/usr/lihaitao/process_0106/image/part_75/754995/3383932.jpg|./images/mnt/ali-sh-1/usr/lihaitao/process_0106/image/part_75/754995/3383933.jpg|./images/mnt/ali-sh-1/usr/lihaitao/process_0106/image/part_75/754995/3383934.jpg
12363,female,40+,1113351,一个人心眼好不好就看脸,"面貌,是由心相来决定。 心宽容,面露委婉;😊 心计较,面露刻薄;😠 心善良,面露随和;😌 心恶毒,面露尖酸。😫 一个人的面貌,来自于一个人的内心。要知道,面貌是心相的集合,内心正是你生活的写照。 #相由心生心善则貌美[话题]# #感悟人生[话题]# #",./images/mnt/ali-sh-1/usr/lihaitao/process_0106/image/part_61/611607/2689991.jpg|./images/mnt/ali-sh-1/usr/lihaitao/process_0106/image/part_61/611607/2689992.jpg|./images/mnt/ali-sh-1/usr/lihaitao/process_0106/image/part_61/611607/2689993.jpg|./images/mnt/ali-sh-1/usr/lihaitao/process_0106/image/part_61/611607/2689994.jpg
12363,female,40+,1643710,重度扁平疣进!能帮一个是一个!,"青械广审(文)第251113-02570号 第一类医疗器械备案号:青宁械20230034 请仔细阅读产品说明书 或者在医务人员的指导下 购买和使用,禁忌内容或者注意事项见说明书 #扁平疣[话题]# #扁平疣原因[话题]# #扁平疣怎么办[话题]# #扁平疣什么原因引起的[话题]# #扁平疣会传染吗[话题]# #大家一起变美[话题]# #致卿医用凝胶[话题]#",
12363,female,40+,1390589,越吃越老的8种食物!!️,快来看看是哪些#养生日常[话题]# #健康知识科普[话题]# #科普知识[话题]# #越吃越老的食物[话题]# #变老[话题]# #年轻[话题]#,./images/mnt/ali-sh-1/usr/lihaitao/process_0106/image/part_82/823152/3704707.jpg|./images/mnt/ali-sh-1/usr/lihaitao/process_0106/image/part_82/823152/3704708.jpg
12363,female,40+,1633105,扁平疣不知道的10个冷知识!!️码住不出错,"现在扁平疣趋势越来越年轻化⚠️ 有些宝子仗着自己身体好,天天撸串、吃火锅,还不注意卫生🙅‍♀️ . 直到脸上、脖子上长满难看的小肉粒,穿啥衣服都显脏显丑再后悔就晚了😱 👉都是长期的免疫力太差导致感染了低危型人乳头瘤病毒引起长疣 . ✅今天就整理了扁平疣恢复的10个小习惯,有需要的姐妹可以码住收藏了! - ✅扁平疣日常护理小tips 1.清淡饮食 不吃油腻辛辣刺激食物,多吃富含维生素食物有利于扁平疣恢复 . 2.适当运动 每天适当运动可以促进血液循环,睡前10分钟还阳卧有助于放松身心 . 3.坚持护理 一天两次,涂抹致卿凝胶 是正规医用级别的,不是三无哦,成分温和不刺激,没有什么乱七八糟的添加!即使是脸上、眼周也可以使用哦! 吸收起来也很快,3分钟就能在家操作完成,不耽误任何行程安排! . 4.保证睡眠 每天保持8-10小时的睡眠,有利于调养心神,对精神状恋好 - 方法就是这些了,希望大家都可以早日恢复正常皮肤🙋‍♀️ - 青械广审(文)第251113-02570号 第一类医疗器械备案号:青宁械20230034 请仔细阅读产品说明书 或者在医务人员的指导下 购买和使用,禁忌内容或者注意事项见说明书 #扁平疣[话题]# #扁平疣爆发[话题]# #孕期长疣[话题]# #脸上长疣子[话题]# #扁平疣照片[话题]# #扁平疣图片及症状[话题]##扁平疣长什么样子的[话题]##疣[话题]# #丝状疣[话题]# #寻常疣[话题]# #跖疣[话题]# #小红书秋日焕新[话题]#",
12363,female,40+,859327,在英国留学千万别在大街上说普通话!,﻿#出国留学咨询[话题]#﻿ ﻿#升学规划[话题]#﻿ ﻿#留学[话题]#﻿ ﻿#留学申请季[话题]#﻿ ﻿#留学英国[话题]#﻿ ﻿#英国留学生[话题]#﻿,
12363,female,40+,857063,"林森浩,复旦学霸,却把害人当愚人节玩笑",复旦投毒案﻿#人物故事[话题]#﻿ ﻿#故事[话题]#﻿,
12363,female,40+,1084150,"女生是否长了寻常疣,一眼看穿!!","身上长了很多小啾啾,但不知道是痣还是疣的宝宝不用再焦虑啦🤔 💁🏼‍♀️看看这3点,说的是你吗? 1频繁接触异性 2时常无精打采 3不注意卫生 长疣不可怕,及时处理,无【疣】无虑!! 疣具有传染性,如果长时间不去管它,它会越长越多,还有可能传染给身边的家人和朋友!! 一定要及时发现,及时干预✅ - 🌱荷迪优冷冻除疣喷雾剂 正规药监局备案可查,医用级别 一款可在家操作使用的冷冻除疣喷雾剂 它主要是运用了二甲醚成分实现了渐进式冷冻 精准控制药量,触达疣体中心 创面小👍👍 荷兰原装进口,线下同款 主要适用于寻常疣,传染性软疣等 尤其对儿童,不耐疼的家人们很友好哦~💕 中国发明专利:ZL200780025515.5 沪械广审(文)第280823-58972号 温馨提示: 请仔细阅读产品说明书或者在医务人员的指导下购买和使用禁忌内容或者注意事项详见说明书 #荷迪优[话题]# #荷迪优冷冻除疣[话题]# #传染性软疣[话题]# #寻常疣[话题]#",./images/mnt/ali-sh-1/usr/lihaitao/process_0106/image/part_107/1073176/4820199.jpg|./images/mnt/ali-sh-1/usr/lihaitao/process_0106/image/part_107/1073176/4820200.jpg|./images/mnt/ali-sh-1/usr/lihaitao/process_0106/image/part_107/1073176/4820201.jpg|./images/mnt/ali-sh-1/usr/lihaitao/process_0106/image/part_107/1073176/4820202.jpg
12363,female,40+,1571743,"女生要大大地提升自己,来猛练这6招啦❗❗","哈喽,宝子们,我是80宝妈读书! 稻盛和夫说,“要取得事业和人生持续的成功,有两个条件。第一你先要做一个好人,第二就是你必须付出不亚于任何人的努力。这样才会实现自助,人助和天助,你自身的潜力才得以充分发挥、你周围的人才能由衷地支持你,你的成功将不可阻挡。” • 想要开挂的人生,那就对自己狠一点:猛练! 找一个自己需要突破的地方狠狠练,坚持一段时间你会发现其实真的很简单。改变自己一点也不难。加油吧,👭们,练起来![飞吻R] #女性自我提升[话题]# #个人成长提升[话题]# #旺自己的小妙招[话题]# #读书博主[话题]# #努力成为更好的自己[话题]# #提升自己[话题]##书单[话题]# #free听我推荐的书[话题]# @日常薯 @阅读薯#气质[话题]# #女生成长[话题]# @80宝妈养生心 @读书芳心",
12363,female,40+,1409485,惊人的父女定律!准的让人惊叹❗️,"家庭中常常都是妈妈在打理孩子的日常生活,但父亲的角色对孩子的影响也是潜移默化,影响深远的! [星R]从这些“父女定律”总结了父亲在女儿成长过程中的重要角色: [打卡R]1. 形象榜样 当父亲打扮得帅气逼人时,女儿会感到自豪,相反,若父亲不修边幅,女儿可能会感到尴尬。 [打卡R]2. 精神支柱 父亲在面对困难时坚韧不拔,女儿也会变得内心强大,敢于直面挫折;反之,父亲退缩逃避,女儿可能会变得胆小懦弱。 [打卡R]3. 知识引导 父亲有广泛的阅读习惯,女儿也会热爱读书,收获智慧;反之,父亲沉迷无意义娱乐,女儿可能对阅读失去兴趣。 [打卡R]4. 时间管理示范 父亲有良好的时间管理能力,女儿会受到启发,合理安排时间;反之,父亲拖延、无计划,女儿可能散漫无序。 [打卡R]5. 学习态度影响 父亲不断学习新知识,女儿会变得更加好学;反之,父亲沉迷手机,女儿可能变得依赖电子产品。 [打卡R]6. 健康生活表率 一个健康、自信的父亲会激发女儿追求健康生活的热情;反之,父亲无精打采,女儿可能变得不活跃。 [打卡R]7. 独立能力培养 父亲适当放手,女儿会变得独立和自主;反之,父亲包办一切,女儿可能变得依赖、缺乏独立性。 [打卡R]8. 人际交往榜样 友善的父亲会教会女儿如何与人为善,女儿更容易形成善良、宽容的性格;反之,父亲对人不友好,女儿可能在人际交往中遇到困难。 [打卡R]9. 家庭氛围营造 充满爱的父亲会营造温馨和谐的家庭环境,女儿会充满阳光和活力;反之,父亲过于严厉,女儿可能感到害怕和压抑。 [彩虹R]这些定律都强调了父亲在女儿成长过程中的榜样作用和深远影响,父亲的行为和态度在很大程度上…",./images/mnt/ali-sh-1/usr/lihaitao/process_0106/image/part_85/853150/3837236.jpg|./images/mnt/ali-sh-1/usr/lihaitao/process_0106/image/part_85/853150/3837237.jpg|./images/mnt/ali-sh-1/usr/lihaitao/process_0106/image/part_85/853150/3837238.jpg|./images/mnt/ali-sh-1/usr/lihaitao/process_0106/image/part_85/853150/3837239.jpg|./images/mnt/ali-sh-1/usr/lihaitao/process_0106/image/part_85/853150/3837240.jpg|./images/mnt/ali-sh-1/usr/lihaitao/process_0106/image/part_85/853150/3837241.jpg|./images/mnt/ali-sh-1/usr/lihaitao/process_0106/image/part_85/853150/3837242.jpg|./images/mnt/ali-sh-1/usr/lihaitao/process_0106/image/part_85/853150/3837243.jpg
12363,female,40+,1383103,遇上了心上人,#日常vlog[话题]# #旅行vlog[话题]# #桃花宝宝[话题]#,
12363,female,40+,1519565,nan,"他是中国最牛的诈骗犯,却是14亿中国人的功臣。 #徐增平[话题]# #中国[话题]# #国之脊梁[话题]# #人物传记[话题]#",
12363,female,40+,1735591,离得越进的人越不能深交,None,
12363,female,40+,994116,"中国第一懒人杨锁,23岁活活懒死在床上","中国第一懒人杨锁,8岁不会走路,23岁活活懒死在床上 #中国第一懒人 ﻿#杨锁[话题]#﻿ ﻿#人物故事[话题]#﻿ ﻿#真实事件[话题]#﻿ ﻿#送娃一朵小红花[话题]#﻿",
12383,male,19-22,1404710,“厉群你疯了吗?”“我好想你”,#七颗猩猩[话题]# #重生之我在厉家当厉家夫人[话题]# #王妈[话题]#,
12383,male,19-22,1585037,nan,"不得不说,你们的勺子能不能做长一点,每次吃到最后都要这样👌才能吃到底! #银鹭[话题]# #八宝粥[话题]#",
12383,male,19-22,1664556,你们都不知道的八宝粥里!赶紧收藏!,#八宝粥[话题]# #零食分享[话题]# #零食冷知识[话题]# #零食科普[话题]#,
12383,male,19-22,1657394,nan,发现“黑”很少出现在歌词里?#华语乐坛[话题]# #宝藏歌手[话题]# #现代流行音乐[话题]# #打开喉咙唱歌[话题]# #唱一首好听的歌[话题]# #学唱歌[话题]# #与音乐的日常[话题]# #好听的音乐[话题]# #音乐的力量与情感[话题]# #流行声乐[话题]# #日常唱歌[话题]# #歌曲推荐[话题]##直击灵魂的歌[话题]# #当某个旋律非常戳中你时[话题]# #我的宝藏音乐人[话题]# #歌曲推荐[话题]# #歌[话题]# #歌手[话题]# #歌单[话题]#,
12383,male,19-22,1158362,走不出来了......,"我去,真的好喜欢这首歌,很震撼#孙颖莎[话题]##鹿befree[话题]# #竞技体育[话题]# #爱官方求热门别限流[话题]#",./images/mnt/ali-sh-1/usr/lihaitao/process_0106/image/part_73/730727/3272821.jpg
12383,male,19-22,1208151,nan,怎么又整这出?音响天天坏呢?!#歌曲无岸的海[话题]##舞台[话题]#,
12383,male,19-22,1450296,"街头两元一个现烤蛋挞,用的真榴莲好吃哭了","街头两元一个现烤蛋挞,用的真榴莲,一吃一个不吱声#探店[话题]# #vlog我的一天[话题]# #小红书爆款美食[话题]# #榴莲[话题]# #蛋挞[话题]# #路边摊[话题]# #路边摊美味[话题]# #探店[话题]# #美食[话题]# #美食日记[话题]#",./images/mnt/ali-sh-1/usr/lihaitao/process_0106/image/part_83/832301/3745136.jpg|./images/mnt/ali-sh-1/usr/lihaitao/process_0106/image/part_83/832301/3745137.jpg|./images/mnt/ali-sh-1/usr/lihaitao/process_0106/image/part_83/832301/3745138.jpg|./images/mnt/ali-sh-1/usr/lihaitao/process_0106/image/part_83/832301/3745139.jpg|./images/mnt/ali-sh-1/usr/lihaitao/process_0106/image/part_83/832301/3745140.jpg|./images/mnt/ali-sh-1/usr/lihaitao/process_0106/image/part_83/832301/3745141.jpg|./images/mnt/ali-sh-1/usr/lihaitao/process_0106/image/part_83/832301/3745142.jpg|./images/mnt/ali-sh-1/usr/lihaitao/process_0106/image/part_83/832301/3745143.jpg
12383,male,19-22,1309136,深夜背着爸妈偷吃是什么体验......,今晚上来吃重庆火锅泡面、杏皮茶、手撕羊排辣条! ﻿#零食[话题]#﻿ ﻿#零食推荐[话题]#﻿ ﻿#零食测评[话题]#﻿ ﻿#偷吃[话题]#﻿ ﻿#深夜偷吃[话题]#﻿ ﻿#深夜偷吃记[话题]#﻿ ﻿#辣条[话题]#﻿ ﻿#辣条推荐[话题]#﻿ ﻿#辣片[话题]#﻿ ﻿#贴秋膘进行时[话题]#﻿,./images/mnt/ali-sh-1/usr/lihaitao/process_0106/image/part_94/944063/4256336.jpg|./images/mnt/ali-sh-1/usr/lihaitao/process_0106/image/part_94/944063/4256337.jpg|./images/mnt/ali-sh-1/usr/lihaitao/process_0106/image/part_94/944063/4256338.jpg|./images/mnt/ali-sh-1/usr/lihaitao/process_0106/image/part_94/944063/4256339.jpg|./images/mnt/ali-sh-1/usr/lihaitao/process_0106/image/part_94/944063/4256340.jpg|./images/mnt/ali-sh-1/usr/lihaitao/process_0106/image/part_94/944063/4256341.jpg|./images/mnt/ali-sh-1/usr/lihaitao/process_0106/image/part_94/944063/4256342.jpg|./images/mnt/ali-sh-1/usr/lihaitao/process_0106/image/part_94/944063/4256343.jpg
12383,male,19-22,892607,"看到最后,老板这次真要带大家都去见王楚钦",#王楚钦[话题]# #中国乒乓[话题]# #搞笑[话题]# #万万没想到[话题]# #老板和员工的日常[话题]# #办公室搞笑[话题]#,
12383,male,19-22,1601608,终终终于买到了!才6.9......我的消费观又崩塌了,#街头美食[话题]# #糕点[话题]# #中式糕点[话题]# #成都旅游攻略[话题]# #花花[话题]# #冰箱贴[话题]#,
12383,male,19-22,1089288,来看看中式糕点应该是什么样子的,#中式糕点[话题]# #北京清真美食[话题]# #北京宝圆斋糕点[话题]#,./images/mnt/ali-sh-1/usr/lihaitao/process_0106/image/part_107/1071752/4813553.jpg
12383,male,19-22,1942658,nan,下次见面你也会送我这些吗#糖[话题]#,./images/mnt/ali-sh-1/usr/lihaitao/process_0106/image/part_108/1080606/4851110.jpg|./images/mnt/ali-sh-1/usr/lihaitao/process_0106/image/part_108/1080606/4851111.jpg|./images/mnt/ali-sh-1/usr/lihaitao/process_0106/image/part_108/1080606/4851112.jpg
12383,male,19-22,964137,🍞老式面包屋!小时候放学被这面包馋哭了,#面包脑袋[话题]# #吃了甜食会开心[话题]# #面包[话题]# #童年的味道[话题]#,./images/mnt/ali-sh-1/usr/lihaitao/process_0106/image/part_80/804524/3619363.jpg|./images/mnt/ali-sh-1/usr/lihaitao/process_0106/image/part_80/804524/3619364.jpg|./images/mnt/ali-sh-1/usr/lihaitao/process_0106/image/part_80/804524/3619365.jpg|./images/mnt/ali-sh-1/usr/lihaitao/process_0106/image/part_80/804524/3619366.jpg|./images/mnt/ali-sh-1/usr/lihaitao/process_0106/image/part_80/804524/3619367.jpg|./images/mnt/ali-sh-1/usr/lihaitao/process_0106/image/part_80/804524/3619368.jpg|./images/mnt/ali-sh-1/usr/lihaitao/process_0106/image/part_80/804524/3619369.jpg|./images/mnt/ali-sh-1/usr/lihaitao/process_0106/image/part_80/804524/3619370.jpg
12383,male,19-22,1336592,街头遇到的0r自助糖水!!小料超级多!!!,#走街串巷找美食[话题]# #自助糖水[话题]# #糖水铺[话题]# #街头小吃[话题]# #笔记灵感[话题]# #甜水水[话题]##平价美食[话题]##甜品治愈一切[话题]#,./images/mnt/ali-sh-1/usr/lihaitao/process_0106/image/part_91/913070/4113226.jpg
12383,male,19-22,996415,洋人街老式1元面包!满满的童年回忆!,#路边摊[话题]# #路边摊美味[话题]# #条条小路都好吃[话题]# #街头小吃[话题]# #重庆美食[话题]# #面包[话题]# #吃了甜食会开心[话题]# #老式糕点[话题]##面包控[话题]#,./images/mnt/ali-sh-1/usr/lihaitao/process_0106/image/part_69/699110/3112306.jpg|./images/mnt/ali-sh-1/usr/lihaitao/process_0106/image/part_69/699110/3112307.jpg|./images/mnt/ali-sh-1/usr/lihaitao/process_0106/image/part_69/699110/3112308.jpg|./images/mnt/ali-sh-1/usr/lihaitao/process_0106/image/part_69/699110/3112309.jpg|./images/mnt/ali-sh-1/usr/lihaitao/process_0106/image/part_69/699110/3112310.jpg
12383,male,19-22,1268733,说啊!说你愿意请我吃冬天的第一串糖葫芦!!,#糖葫芦[话题]# #冰糖葫芦[话题]# #艾特你想艾特的人[话题]# #艾特你的饭搭子请你吃[话题]# #冬天的第一串糖葫芦[话题]#,./images/mnt/ali-sh-1/usr/lihaitao/process_0106/image/part_99/995158/4478988.jpg
12383,male,19-22,1230577,"11月21日至24日,西安有希望看到雪吗","11月21日至24日,有希望在西安看到雪吗[萌萌哒R][萌萌哒R][萌萌哒R] 我好想在古都遇见我人生的第一次雪 #一下雪西安就成了长安[话题]# #总要去一趟西北吧[话题]# #一起去玩儿雪[话题]# #每一天都有意义[话题]# #所遇皆美好[话题]# #西安[话题]# #如果时间可以停在此刻[话题]#",./images/mnt/ali-sh-1/usr/lihaitao/process_0106/image/part_73/737973/3308227.jpg
12383,male,19-22,1626732,"11.26,❄️北京下雪啦!",#追一场限定晚秋[话题]# #北京初雪[话题]# #2024[话题]# #笔记灵感[话题]# #今日分享[话题]# #live图[话题]# #追一场北国的雪[话题]#,
12383,male,19-22,1637775,北京的雪下的好突然啊!!!,初雪❄️ #北京[话题]# #下雪[话题]# #北京下雪[话题]#,./images/mnt/ali-sh-1/usr/lihaitao/process_0106/image/part_83/831760/3742634.jpg|./images/mnt/ali-sh-1/usr/lihaitao/process_0106/image/part_83/831760/3742635.jpg|./images/mnt/ali-sh-1/usr/lihaitao/process_0106/image/part_83/831760/3742636.jpg|./images/mnt/ali-sh-1/usr/lihaitao/process_0106/image/part_83/831760/3742637.jpg|./images/mnt/ali-sh-1/usr/lihaitao/process_0106/image/part_83/831760/3742638.jpg|./images/mnt/ali-sh-1/usr/lihaitao/process_0106/image/part_83/831760/3742639.jpg|./images/mnt/ali-sh-1/usr/lihaitao/process_0106/image/part_83/831760/3742640.jpg|./images/mnt/ali-sh-1/usr/lihaitao/process_0106/image/part_83/831760/3742641.jpg
12383,male,19-22,789359,11.26北京初雪❄️ 出地铁站的那一刻惊呆了,#北京初雪[话题]# #路灯下的雪[话题]# #我的城市不下雪[话题]# #一睁眼北京下雪了[话题]# #一觉醒来我的城市下雪了[话题]# #2024年北京初雪[话题]# #北京下雪了[话题]# #2024北京初雪[话题]# #北京下雪[话题]# #跟着小红书去赏雪[话题]# @生活薯 @城市情报官 @户外薯,
12687,male,40+,892113,当我剪了此沙同款发型、简直帅爆了......,当我剪了此沙同款发型、简直帅爆了......尤其发量少的男生#少年感发型[话题]##狼尾鲻鱼头[话题]# #封神榜[话题]# #明星[话题]##帅哥[话题]# #人民的理发师[话题]# #深圳发型师[话题]# #大奔发型私人定制[话题]# #深圳大奔哥烫发[话题]# #长发男生[话题]#,
12687,male,40+,1464024,"户外喝茶人,真的是给点阳光就灿烂!!",#户外喝茶[话题]# #波光粼粼的水面[话题]# #浮光掠影[话题]# #茶生活美学[话题]# #户外露营[话题]# #喝茶日常[话题]# #我的日常[话题]# #悠闲时光慢生活[话题]# #人生就是一场体验[话题]# #蓝色治愈系风景[话题]#,
12687,male,40+,1055632,"鲜掉眉毛的秋冬暖汤!做法简单,鲜美营养!","—— 【食材】 大虾250g、羊肚菌、蟹味菇、 香菇、鸡蛋、豆腐、葱花、 姜片、白胡椒粉、盐、食油。 —— 【步骤】 1️⃣鸡蛋3个,煎至两面金黄,切块备用。 2️⃣大虾去头剥壳,留虾头。 3️⃣热锅热油下虾头、姜片,小火炒出虾油, 倒入清水煮开3分钟,捞出虾头、姜片。 4️⃣下鸡蛋、菌菇、虾仁、豆腐,盖盖煮5分 钟,下白胡椒粉、盐拌匀,再下枸杞、葱花 即可。 ﻿#热气腾腾的三餐[话题]#﻿ ﻿#今天晚餐长这样[话题]#﻿ ﻿#小红书成长笔记[话题]#﻿ ﻿#小红书爆款美食[话题]#﻿ ﻿#一人食吃什么[话题]#﻿ ﻿#我是秋冬美食高需求人格[话题]#﻿ ﻿#冬日与美食撞满怀[话题]#﻿ ﻿#菌菇三鲜汤[话题]#﻿ ﻿#朴朴超市好物推荐[话题]#﻿ ﻿#朴朴羊肚菌[话题]#﻿",
12687,male,40+,1242354,"书法写字 | 苍山负雪,明烛天南","写字的时光总是过得飞快[派对R] 现在每天不拿起笔写几个字总是觉得少了点什么[樱花R]。 这五年,我真的做到了踏实并坚持做好一件事, 原来是这么酷的一件事[烟花R]~ #2024我的兴趣支点[话题]# #国风才是顶级浪漫[话题]# #我的书法分享[话题]# #写字是一种生活[话题]# #每日练字打卡[话题]# #书法[话题]# #毛笔[话题]# #笔搁[话题]# #晒晒我的书桌[话题]# #生活美学[话题]#",./images/mnt/ali-sh-1/usr/lihaitao/process_0106/image/part_82/824635/3711064.jpg|./images/mnt/ali-sh-1/usr/lihaitao/process_0106/image/part_82/824635/3711065.jpg|./images/mnt/ali-sh-1/usr/lihaitao/process_0106/image/part_82/824635/3711066.jpg|./images/mnt/ali-sh-1/usr/lihaitao/process_0106/image/part_82/824635/3711067.jpg
12687,male,40+,941928,这是我不付费能看的李川吗?,好害羞[害羞R][害羞R][害羞R] #李川[话题]# #综艺[话题]# #爆笑综艺[话题]# #正在追的综艺[话题]# #下饭综艺推荐[话题]# #到底谁能忍住不笑啊[话题]# #不辜负每个周末[话题]# #吸引力法则[话题]# #笔记灵感[话题]# @小红书创作助手,
12687,male,40+,1659452,nan,听完这首歌就“醉”了[扯脸H],
12687,male,40+,1481818,nan,终于回家啦!♥️🍾️🍾️🍾️,./images/mnt/ali-sh-1/usr/lihaitao/process_0106/image/part_60/609131/2678285.jpg|./images/mnt/ali-sh-1/usr/lihaitao/process_0106/image/part_60/609131/2678286.jpg|./images/mnt/ali-sh-1/usr/lihaitao/process_0106/image/part_60/609131/2678287.jpg
12687,male,40+,1407964,什么时候才能停止剁手😡,#景德镇陶瓷[话题]# #喝茶日常[话题]# #在家更爱喝茶[话题]# #茶系慢生活[话题]# #茶器[话题]#,
12687,male,40+,1334762,有茶相伴 | 日子可期~,"放慢脚步,感受宁静, 一盏茶, 一帖字, 一个人, 内心从容与平和。 #茶人茶事茶生活[话题]# #今天你喝茶了吗[话题]# #品茶静心[话题]# #悠闲时光慢生活[话题]# #茶生活美学[话题]# #茶饮[话题]##喝茶练字[话题]# #喝茶练字[话题]# #松弛感生活[话题]#",./images/mnt/ali-sh-1/usr/lihaitao/process_0106/image/part_108/1088131/4882026.jpg|./images/mnt/ali-sh-1/usr/lihaitao/process_0106/image/part_108/1088131/4882027.jpg|./images/mnt/ali-sh-1/usr/lihaitao/process_0106/image/part_108/1088131/4882028.jpg|./images/mnt/ali-sh-1/usr/lihaitao/process_0106/image/part_108/1088131/4882029.jpg|./images/mnt/ali-sh-1/usr/lihaitao/process_0106/image/part_108/1088131/4882030.jpg
12687,male,40+,998783,"怪不得以前的君王都爱看歌舞,这换谁不...",#古装美人[话题]# #林芳兵杨玉环[话题]#,
12687,male,40+,1586826,"今天给我家老外尝尝豆汁,看看它什么反应?",None,
12687,male,40+,1575623,"独自出发,一个人,也能翻山越岭!",None,
12687,male,40+,853632,陪伴是最长情的告白,#希望每个女孩都能嫁给爱情[话题]#,
12687,male,40+,1637989,"未必光芒万丈,但始终温暖有光。",None,
12687,male,40+,1952399,什么才是真正的爱情呢?,None,
12687,male,40+,1074272,秋天穿搭,None,
12687,male,40+,842711,nan,"手术做完了,与挚爱的歌唱永别!谢谢朋友们的关心与鼓励,我都收到了,爱你们!",
12687,male,40+,1315221,"有这么一个角落,我真的哪也不想去啊!","[种草R]独处、喝茶、练字,34岁,活到没了朋友。 #我心爱的小角落[话题]# [种草R]有人说,生活需要冒险,需要走出去,去遇见新的人,去体验新的事。有位朋友也时常念叨我:“你应该多出去走走,多结交新朋友,不要总是宅在家里......”她甚至调侃说:“你一点也不像90后,甚至没我这个70后活跃,你实在太宅啦。” [种草R]嗯......但我想说,每个人的生活节奏和喜好都是不同的。在这个快节奏的时代,在这个小角落里,我找到了内心的宁静和满足。偶尔也允许放空,允许发呆,这并不是逃避,而是一种选择,一种对生活的享受。 [种草R]想象一下,一个安静的午后,点燃一支香,淡淡的香气在空气中缓缓弥漫,泡上一壶好茶,翻开一本书,或者拿起笔练练字,又或者走到阳台摆弄一下花草,那里有我的小花园。不管它是开花的还是不开花的植物,这些小小的生命,在我眼里它都是那么好看。 [种草R]所以,尽管外面的世界很精彩,但有时候,我只想待在这个小角落里,享受这份宁静和美好。 🧤Hi!我是芳菲,感恩遇见同频的你! #分享我的日常[话题]# #茶系慢生活[话题]# #茶书桌[话题]# #家居生活[话题]# #宅家日常[话题]# #生活美学[话题]# #自得其乐的生活方式[话题]# #我的一方小天地[话题]#",./images/mnt/ali-sh-1/usr/lihaitao/process_0106/image/part_63/638453/2812979.jpg|./images/mnt/ali-sh-1/usr/lihaitao/process_0106/image/part_63/638453/2812980.jpg|./images/mnt/ali-sh-1/usr/lihaitao/process_0106/image/part_63/638453/2812981.jpg|./images/mnt/ali-sh-1/usr/lihaitao/process_0106/image/part_63/638453/2812982.jpg|./images/mnt/ali-sh-1/usr/lihaitao/process_0106/image/part_63/638453/2812983.jpg|./images/mnt/ali-sh-1/usr/lihaitao/process_0106/image/part_63/638453/2812984.jpg|./images/mnt/ali-sh-1/usr/lihaitao/process_0106/image/part_63/638453/2812985.jpg|./images/mnt/ali-sh-1/usr/lihaitao/process_0106/image/part_63/638453/2812986.jpg
12687,male,40+,1400284,鸡爪年糕煲好吃的做法真的香迷糊了,"我婆婆的拿手好菜鸡爪年糕煲,真的好吃到家了,鸡爪软糯吸满汤汁搭配着年糕,嘎嘎香 #鸡爪年糕煲[话题]# #鸡爪的好吃做法[话题]# #天儿冷吃点啥[话题]#",./images/mnt/ali-sh-1/usr/lihaitao/process_0106/image/part_87/872924/3932805.jpg|./images/mnt/ali-sh-1/usr/lihaitao/process_0106/image/part_87/872924/3932806.jpg|./images/mnt/ali-sh-1/usr/lihaitao/process_0106/image/part_87/872924/3932807.jpg|./images/mnt/ali-sh-1/usr/lihaitao/process_0106/image/part_87/872924/3932808.jpg|./images/mnt/ali-sh-1/usr/lihaitao/process_0106/image/part_87/872924/3932809.jpg|./images/mnt/ali-sh-1/usr/lihaitao/process_0106/image/part_87/872924/3932810.jpg|./images/mnt/ali-sh-1/usr/lihaitao/process_0106/image/part_87/872924/3932811.jpg|./images/mnt/ali-sh-1/usr/lihaitao/process_0106/image/part_87/872924/3932812.jpg
12687,male,40+,1521053,南京美龄宫的美与泪,民国第一别墅— —南京美龄宫背后的故事! 蒋介石、宋美龄看似浪漫的背后到底是什么? #美龄宫[话题]# #梧桐大道[话题]# #南京[话题]# #中山陵[话题]# #明孝陵[话题]# #南京旅游[话题]# #宋美龄[话题]#,
12690,female,23-25,1352796,60ml=60g吗???,"原来眼线胶笔可以用ml计量的吗?[汗颜R][汗颜R][汗颜R]就算可以,60ml居然等于60g?一小支眼线胶笔60g?好好好,算你们容量大[皱眉R][皱眉R][皱眉R]",./images/mnt/ali-sh-1/usr/lihaitao/process_0106/image/part_61/611319/2688602.jpg|./images/mnt/ali-sh-1/usr/lihaitao/process_0106/image/part_61/611319/2688603.jpg
12690,female,23-25,1019541,nan,1克等于多少毫升ml #不懂就问有问必答[话题]# #万能的小红书[话题]#,./images/mnt/ali-sh-1/usr/lihaitao/process_0106/image/part_75/759443/3403500.jpg
12690,female,23-25,1584583,姐妹们我有带着问题来了☞行李托运,"就那个容量≤100 用量≤1000 到底是针对手提的还是也针对托运的。 按我理解是针对手提行李,托运的不限额但是行李会限重嘛。 但是我也不知道我理解的对不对。 我主要纠结的点在于,我有一瓶500ml的卸妆水还没用,想坐飞机带过去,有没有带过这么重东西的姐妹坐飞机的可以告诉我下。感谢大家!",./images/mnt/ali-sh-1/usr/lihaitao/process_0106/image/part_90/901520/4062845.jpg
12690,female,23-25,1035005,差点误机❗ 原来坐飞机这么多东西不能带!,"汗流浃背了家人们!第1次坐飞机✈在机场被扣了半小时! 原来好多东西都是登机限带的!😭 初次坐飞机的姐妹们一定要检查有没有带🚫违禁品! 我亲自整理的登机物品清单放下面了!还附低价机票攻略哦! - 🛫低价机票攻略 1点击左下角小按钮【购买同款】 2进入活动页面!领取【20r+30r优惠券】~ 👀看不到按钮!同程旅行a.p'p🔍【小薯机票】 - 💄化妆品需满足以下条件 1每种化妆品限带1件 2单件容器容积不得超过100ml 3置于透明袋内,接受开瓶检查,不能有任何泄露 🧳行李箱尺寸限制 📍国际航班 1手提行李:三边之和不超过115cm 2托运行李:三边之和不超过158cm 📍国内航班 1手提行李:体积不超过20*40*55cm 2托运行李:体积不超过40*60*100cm - #旅游[话题]# #旅行必备清单[话题]# #行李[话题]# #坐飞机[话题]# #第一次坐飞机[话题]# #第一次坐飞机流程[话题]# #旅游攻略[话题]# #双十一机票[话题]# #机票[话题]# #低价机票[话题]# #特价机票[话题]# #机票优惠[话题]# #便宜机票[话题]# #机票羊毛[话题]# #如何买优惠机票[话题]# #机票什么时间便宜[话题]# #机票怎么买最划算[话题]# #飞机票怎么订便宜[话题]# #飞机票在哪个app上买便宜靠谱[话题]# #低价机票[话题]# #机票特价[话题]##如何买特价机票[话题]# #低价机票攻略[话题]# #低价机票秘籍[话题]# #低价机票出行[话题]# #穷游[话题]# #穷游攻略[话题]# #穷游党[话题]# #薅羊毛[话题]# #机票羊毛[话题]…",./images/mnt/ali-sh-1/usr/lihaitao/process_0106/image/part_110/1108628/4967756.jpg|./images/mnt/ali-sh-1/usr/lihaitao/process_0106/image/part_110/1108628/4967757.jpg|./images/mnt/ali-sh-1/usr/lihaitao/process_0106/image/part_110/1108628/4967758.jpg|./images/mnt/ali-sh-1/usr/lihaitao/process_0106/image/part_110/1108628/4967759.jpg
12690,female,23-25,1924360,坐飞机✈️太容易社死了!!️原来这些都不能带❌,#女生必看[话题]# #学生党[话题]# #旅行[话题]# #飞机[话题]# #第一次坐飞机[话题]# #安检[话题]# #坐飞机[话题]# #机场[话题]# #生活小技巧[话题]# #飞机安检[话题]# #坐飞机注意事项[话题]# #乘机知识[话题]# #值机[话题]# #登机[话题]# @薯队长 @生活薯,
12690,female,23-25,1065292,坐飞机哪些物品不能带❗️后悔没早点看到😭,"你坐飞机,都被翻出过啥🤷🏻‍♀️ 熬夜整理的小白坐飞机限带物品表格,第1次坐飞机的铁铁们,码起来收拾行李时对照看看,别瞎带被拦误机就不好了😅 🌟多大尺寸的行李箱能带上飞机✈️? 📍国际航班: 手提行李 三边之和不超过115cm 托运行李 三边之和不超过158cm 📍国内航班: 手提行李 体积不超过20*40*55cm 托运行李 体积不超过40*60*100cm 🌟化妆品哪些能带哪些不能带? 📍非自喷压力类容器—可携带和可托运 📍自喷压力类容器,各类喷雾—禁携带/禁托运?有害成分的化妆品,如指甲油、染发剂、驱蚊水等,可能会对飞机和其他乘客造成安全威胁,禁携带。 🌟可携带少量化妆品,要满足这三个条件 ☑️每种化妆品限带1件, ☑️单件容器容积不得超过100毫升。 ☑️置于透明袋内,接受开瓶检查,不能有任何泄漏公笔记🌟电脑能不能托运? ☑️可随身携带、但禁止托运(若电池可拆卸,将电池拆下后即可托运) 🌟充电宝能不能带? ☑️标志清晰 ☑️单块能量不超过100Wh ☑️20000毫安以内一可随身携带但禁止托运 其他常见物品能不能上飞机看表格里😀 #飞机携带物品[话题]# #出门旅行必备品[话题]# #我的好物清单[话题]# #飞机[话题]# #坐飞机注意事项[话题]# #第一次坐飞机[话题]# #出行坐飞机[话题]# #洗漱包推荐[话题]# #男士洗漱包[话题]# #出差洗漱包[话题]#",
12690,female,23-25,1303649,飞机哪些东西不能带,"机票已经买好,机建燃油费好贵啊。接下来就是各种行李准备了,为了避免遗漏,会提前准备一个小清单,想到什么需要带的东西都添加上去,临出发前,再核对下。坐飞机有很多东西不能带,有的不能托运,所以大家还是要提前确认下。#行李托运[话题]# #旅游[话题]# #西双版纳[话题]#",
12690,female,23-25,1689826,"都整理好啦,你坐飞机,都被翻出过啥🤦‍♀️","前两天看到姐妹们参加美业展,我才知道甲油胶也不让带上飞机和高铁。 在海拉尔机场,我香喷喷的两大包奶嚼口也交了出去💔 防晒喷雾啥的更是不能随身带。 都给大家避避雷。 #独居女孩[话题]# #安全[话题]# #飞机[话题]# #出差[话题]# #出差旅行必备[话题]# #旅行[话题]# #坐飞机[话题]# #坐飞机注意事项[话题]# #干货[话题]#",./images/mnt/ali-sh-1/usr/lihaitao/process_0106/image/part_55/559893/2434844.jpg|./images/mnt/ali-sh-1/usr/lihaitao/process_0106/image/part_55/559893/2434845.jpg
12690,female,23-25,1214290,第一次坐飞机不能携带❌的东西,"关于坐飞机不能携带❌的东西 ⭕行李篇 买票的时候一定要注意!!!每个公司规定不一样重量尺寸要看航空公司 ⚠廉航机票是没有行李额的,单独买行李额很贵!所以一定要合理规划。 ⭕化妆品篇 铁罐包装或瓶身带有⚠易燃易爆标志的化妆品,不能托运也不能携带❌ ✅非液体的彩妆可随身携带。 ✅瓶身体积小于 100ml的液体化妆品可以随身携带🙅🏻‍♀总量 不能超过1000ml ⭕酒精篇 托运✅ 上机禁 酒精湿巾、酒精消毒片、免洗洗手液、花露水、风油精、指甲油不可以带上飞机 ⭕刀具篇 托运✅上飞机禁 小剪刀、水果刀、折叠小刀、剃须刀、修眉刀都不可以(可以托运) ⭕充电宝篇 不超过20000毫安 个数不超过两2个可以带上飞机,但是❌不可以在飞机上使用 ⭕喷雾篇 塑料包装,非铁瓶可以带✅ 如果瓶子容积≥100ml,可以托运但不能携带上机;如果瓶子容积<100ml 可以托运,也可带上飞机✅ #飞机携带物品[话题]# #可以带上飞机[话题]# #一个人坐飞机[话题]# #出差旅行必备[话题]# #空姐[话题]# #清清日常库存[话题]# #记录吧就现在[话题]# #空姐vlog[话题]# #乘务员[话题]# #第一次坐飞机[话题]#",
12690,female,23-25,1632719,关于我一次性带6个充电宝上飞机,"能带上飞机的充电宝到底是多大毫安时的❓ 亲们,坐飞机旅行时,充电宝可是必不可少的哦! 你知道充电宝的最大容量是多少可以带上飞机吗❓ 快来把这些要点记下来,一起学习吧!🔍🔍 ⚠️快速提示⚠️ 常见的10,000毫安和20,000毫安充电宝是可以随身携带的,每位乘客最多能带两块。 请确保充电宝的标识信息完整,安检时会详细检查。 最大允许携带的充电宝容量为27,000毫安,并且“WH”【瓦时】应≤100。 ⚠️深入解析⚠️ 务必关注“WH”数值,确保WH≤100WH。正规的充电宝都会标明这个数值。 WH的计算方法为:充电宝容量 × 3.7(锂电池标准电压)/ 1000。 例如,一个20,000毫安的充电宝,其WH=20,000 × 3.7 / 1000 = 74WH。 因此,能上飞机的充电宝,容量不应超过27,000毫安🔋。 📢 充电宝可以随身携带,但请确保WH值符合航空规定。 📢 此外,充电宝的标识必须齐全,内容应包括电池容量、额定容量、WH值、输入输出功率、生产厂家及GBT国标认证等。 ❤注意事项: ✅ 充电宝不能托运,务必随身携带❗ ✅ 飞行中请确保充电宝关闭。 ✅ 每位乘客最多携带两块充电宝。 博舍品牌的充电宝,无论是10,000毫安还是20,000毫安,都符合航空携带标准,并且通过了国际航空UN38.3认证,国际航班上也可放心携带✨✨ 今天的内容就到这里啦! [红书R][红书R][红书R]只要单个充电宝符合航空要求,都是可以带上飞机的 #飞机充电宝[话题]# #好用的充电宝[话题]# #充电宝推荐[话题]# #充电宝[话题]# #充电宝实用推荐[话题]# #能上飞机的充电宝…",./images/mnt/ali-sh-1/usr/lihaitao/process_0106/image/part_67/672968/2992520.jpg|./images/mnt/ali-sh-1/usr/lihaitao/process_0106/image/part_67/672968/2992521.jpg
12690,female,23-25,1188402,充电宝多少毫安可以上飞机,"20000毫安随身上飞机。 充电宝上需要注明数据📊。 #便携充电宝[话题]# #充电宝[话题]# 找办理值机的工作人员要一个图2的透明口袋。 工作人员解释说,害怕在包里磨擦,产生静电⚡️。 #充电宝多少毫安能上飞机[话题]# 总之,听人劝,得一半。",
12690,female,23-25,1036151,"替大家试过了,带20000毫安充电宝上飞机了👌",实测74Wh 20000mAh的充电宝可以上飞机!👏 充电宝能否上飞机主要看充电宝额定能量而不是容量!!️ ✈️充电宝携带基本规定: 1.额定能量限制:不超过100Wh 2.携带方式:随身或手提行李(不可托运🙅) 3.标识要求:显示额定能量等信息 不同容量充电宝的规定: 20000毫安:符合规定可携带 30000毫安:需航空公司批准 超过160Wh:严禁携带 充电宝使用的注意事项: 1.不得在飞行中使用充电 2.充电宝应全程关闭电源 #飞机[话题]# #充电宝登机[话题]# #充电宝[话题]##第一次坐飞机[话题]# #坐飞机[话题]##坐飞机攻略[话题]#,./images/mnt/ali-sh-1/usr/lihaitao/process_0106/image/part_100/1006129/4528922.jpg
12690,female,23-25,1431599,不清楚坐飞机✈️高铁🚅不能带哪些东西?,看这篇直接明白!一图看懂👍 不清楚的话欢迎评论区留言噢~ #坐飞机[话题]# #坐飞机不能带的东西[话题]# #坐飞机注意事项[话题]# #高铁不能带的东西[话题]# #高铁出行[话题]# #第一次坐飞机[话题]# #飞机哪些不能托运[话题]#,
12690,female,23-25,1463093,哪些能带哪些不能带,乘飞机✈️指南,./images/mnt/ali-sh-1/usr/lihaitao/process_0106/image/part_58/585557/2570320.jpg
12690,female,23-25,1463675,坐个飞机✈️化妆包还被没收了......,"之前没有经验的姐妹们⚠️第一次坐飞机出去玩的话!一定要看看买的化妆品中有没有不允许携带的❎或者是携带着有限制的!!️ 可以对照着上面的经验看一下,出行前检查检查🧐 免得到机场了还需要再开箱检查就很麻烦啦!搞不好还会有误机的风险哦!! 1️⃣一般的固体美妆品都是可以带上飞机的 2️⃣液体还有一些特殊的化妆品需要好好斟酌一下! 知道有些姐妹不想单独用化妆包的话,就可以看看象戈这种带有干湿分区、网格收纳设计的行李箱🧳 各种东西都能直接放在里面,收纳得整整齐齐!另外一边的大空间就能多放点衣服之类的! 不只有科学合理的内部设计,箱子外表还有很多贴心的、出门都用得到的小设计! #第一次坐飞机[话题]# #第一次坐飞机需要注意什么[话题]# #第一次坐飞机攻略[话题]# #化妆品[话题]# #旅行必带化妆品[话题]# #坐飞机[话题]# #坐飞机攻略[话题]# #行李箱[话题]# #行李箱分享[话题]# #行李箱推荐[话题]#",./images/mnt/ali-sh-1/usr/lihaitao/process_0106/image/part_112/1121287/5020674.jpg|./images/mnt/ali-sh-1/usr/lihaitao/process_0106/image/part_112/1121287/5020675.jpg|./images/mnt/ali-sh-1/usr/lihaitao/process_0106/image/part_112/1121287/5020676.jpg|./images/mnt/ali-sh-1/usr/lihaitao/process_0106/image/part_112/1121287/5020677.jpg|./images/mnt/ali-sh-1/usr/lihaitao/process_0106/image/part_112/1121287/5020678.jpg|./images/mnt/ali-sh-1/usr/lihaitao/process_0106/image/part_112/1121287/5020679.jpg|./images/mnt/ali-sh-1/usr/lihaitao/process_0106/image/part_112/1121287/5020680.jpg|./images/mnt/ali-sh-1/usr/lihaitao/process_0106/image/part_112/1121287/5020681.jpg
12690,female,23-25,1063862,差点误机😭坐飞机这些物品千万不要带了!!,"坐飞机这些物品千万不要带了,在行李安检匆匆忙忙打开行李箱😥听工作人员说有禁带物品赶时间的我瞬间汗流浃背😥 - 姐妹们在大包小包收拾🧳行李的时候,不要一股脑全丢行李箱,有些东西是不可以带上飞机的!!像我一样到安检再狼狈挑出来不能带的就麻烦了,就担心耽误时间错过航班。 - 今天给饱饱们列了飞机禁带的物品清单,对着收拾一下不会出错[派对R] - 🧳行李大小规定: 20寸及以下的行李箱可以带上飞机 22寸-28寸行李箱可以免费托运,体积不超过40*60*100cm - 充电宝可以随身携带但不得托运(千万记得拿出来 充电宝醉大容量20000毫安,每人醉多携带2块 - ✈️飞机禁止托运的物品: 🚫易燃易爆标识物品 🚫攻击性武器 🚫酒精含量≥70%的 - 🍽食品类: 🍚寻自热食物:自热火锅/自热米饭 🌶刺激性气味食物(榴莲、臭豆腐、鲱鱼罐头) 🥛奶制品:像牛奶、乳制品和奶酪等奶制品同样被限制携带! 🥩肉制品:包括火腿、香肠、罐头肉等,由于可能携带疾病,严禁携带 🍎大多数蔬果都不允许入境 - 🌟每个航司的规定不一样,但大差不差,稍加注意咯| 祝️姐妹们出行顺利啦[派对R][派对R] - #坐飞机[话题]# #飞机[话题]# #旅游[话题]# #国庆节旅游[话题]# #行李箱[话题]# #行李[话题]# #第一次坐飞机[话题]# #旅行箱[话题]# #第一次坐飞机[话题]# #飞机限带物品[话题]#",./images/mnt/ali-sh-1/usr/lihaitao/process_0106/image/part_74/745451/3341874.jpg|./images/mnt/ali-sh-1/usr/lihaitao/process_0106/image/part_74/745451/3341875.jpg|./images/mnt/ali-sh-1/usr/lihaitao/process_0106/image/part_74/745451/3341876.jpg|./images/mnt/ali-sh-1/usr/lihaitao/process_0106/image/part_74/745451/3341877.jpg|./images/mnt/ali-sh-1/usr/lihaitao/process_0106/image/part_74/745451/3341878.jpg
12690,female,23-25,1354737,第一次坐飞机✈️原来有这么多东西不能带!,"坐飞机过安检的时候,如果带了不能带的东西整个过程就真的麻烦...... 可能会耽误行程就不说了,关键是心疼啊😭 所以,咱们出发之前还是再打开行李箱看看,有没有不能带的吧!保姆级的清单🧾已经写出来了,直接对照着看就ok✅ 装东西的行李箱🧳也需要好好选择! 直接拿上飞机的20寸还好,如果是要托运的话,还是需要一个质量过硬的❗️ 象戈行李箱就有不怕托运的“证据”: 加厚的pc材质还有柳钉做加固,增加了箱子的防撞抗压能力! 轮子上是有金属轴承的,不担心突然掉落~ 内嵌式的密码锁降低了磕碰到的几率,而且是金属材质的本身就比较结实✅ #行李箱[话题]# #第一次坐飞机[话题]# #第一次坐飞机需要注意什么[话题]# #第一次坐飞机攻略[话题]# #坐飞机那点事[话题]# #坐飞机不能带的东西[话题]# #坐飞机不能带什么[话题]# #旅行箱[话题]# #行李箱分享[话题]# #宝藏行李箱[话题]#",./images/mnt/ali-sh-1/usr/lihaitao/process_0106/image/part_77/775120/3473450.jpg|./images/mnt/ali-sh-1/usr/lihaitao/process_0106/image/part_77/775120/3473451.jpg|./images/mnt/ali-sh-1/usr/lihaitao/process_0106/image/part_77/775120/3473452.jpg|./images/mnt/ali-sh-1/usr/lihaitao/process_0106/image/part_77/775120/3473453.jpg|./images/mnt/ali-sh-1/usr/lihaitao/process_0106/image/part_77/775120/3473454.jpg|./images/mnt/ali-sh-1/usr/lihaitao/process_0106/image/part_77/775120/3473455.jpg|./images/mnt/ali-sh-1/usr/lihaitao/process_0106/image/part_77/775120/3473456.jpg|./images/mnt/ali-sh-1/usr/lihaitao/process_0106/image/part_77/775120/3473457.jpg
12814,female,26-30,918574,希望大家不要遇上这种婆婆,#家庭关系[话题]# #人间温暖[话题]# #让世界多一点爱[话题]#,
12814,female,26-30,1593462,"突然发现“故意”好像没有方言耶,是真的",#不懂就问[话题]# #方言学习[话题]# #方言[话题]# #故意[话题]# #神评[话题]#,./images/mnt/ali-sh-1/usr/lihaitao/process_0106/image/part_72/728538/3260524.jpg
12814,female,26-30,1308223,nan,"补发一个小魔女的成品,成品好几天了,一直忘记发出来[汗颜R][汗颜R]#十字绣爱好者[话题]# #十字绣成品[话题]#",./images/mnt/ali-sh-1/usr/lihaitao/process_0106/image/part_99/998812/4495028.jpg
12814,female,26-30,1582990,nan,"24年拿的本科证,19年的护师,今年能报主管吗? #不懂就问有问必答[话题]# #万能的小红书[话题]#",./images/mnt/ali-sh-1/usr/lihaitao/process_0106/image/part_101/1011114/4554484.jpg
12814,female,26-30,864544,《胖女孩—劳动》,明天一定能完工[派对R]#十字绣[话题]# #我的日常[话题]# #想记录下此刻[话题]#,./images/mnt/ali-sh-1/usr/lihaitao/process_0106/image/part_91/916583/4128989.jpg|./images/mnt/ali-sh-1/usr/lihaitao/process_0106/image/part_91/916583/4128990.jpg
12814,female,26-30,1112821,"只睁了一只眼睛,奶奶就这样水灵灵的扒开了",#顺产[话题]##新生儿[话题]# #接好孕[话题]# #分娩[话题]##分娩记录[话题]##产房[话题]##生孩子[话题] #新生儿护理[话题]##刚刚出生的小宝宝[话题]# #第一声啼哭[话题]#,
12814,female,26-30,1216689,卫生资格证考试 补考一门工作年限要不要改,#25卫生专业技术资格考试[话题]#,./images/mnt/ali-sh-1/usr/lihaitao/process_0106/image/part_80/800958/3598392.jpg
12814,female,26-30,864025,"我让你沦落青楼,不是要贬低你折磨你",而是要让你看尽天下男人的薄幸 #台词[话题]# #台词分享[话题]# #台词截图[话题]# #东游记[话题]# #神话剧[话题]# #白牡丹[话题]# #郭妃丽[话题]# #郭妃丽牡丹仙子[话题]# #追剧打卡[话题]# #老剧重温[话题]#,
12814,female,26-30,1373447,高达在我的娃娃面前如此渺小,"今天收拾屋子把娃搬下来了,放在一起好好玩啊,好像在开年会一样,某人成天就是说自己的高达如何如何厉害,在我的娃娃面前简直萌萌哒[偷笑R]#高达模型[话题]# #bjd[话题]##可儿娃娃[话题]##芭比[话题]# #licca娃娃[话题]# #大人也要玩玩具[话题]# #我的玩具[话题]#",
12814,female,26-30,1426208,"我姥姥姐姐手绣的,我妈说为了漂亮","要把一股丝线分几股 用特别细的线绣出来才好看 我姥姥生于20世纪初 她的姐姐 应该是19世纪末-20世纪初生人,就是18**年生人 (看评论,才知道我把世纪给弄错了) 想来一个小富人家的小姐才有闲情逸致来做这么耗时间的手工活吧? 这么一想我们能出生,都要拜这些家境殷实祖先所赐 #刺绣[话题]# #古董[话题]#",./images/mnt/ali-sh-1/usr/lihaitao/process_0106/image/part_62/620785/2732042.jpg|./images/mnt/ali-sh-1/usr/lihaitao/process_0106/image/part_62/620785/2732043.jpg|./images/mnt/ali-sh-1/usr/lihaitao/process_0106/image/part_62/620785/2732044.jpg|./images/mnt/ali-sh-1/usr/lihaitao/process_0106/image/part_62/620785/2732045.jpg|./images/mnt/ali-sh-1/usr/lihaitao/process_0106/image/part_62/620785/2732046.jpg|./images/mnt/ali-sh-1/usr/lihaitao/process_0106/image/part_62/620785/2732047.jpg|./images/mnt/ali-sh-1/usr/lihaitao/process_0106/image/part_62/620785/2732048.jpg|./images/mnt/ali-sh-1/usr/lihaitao/process_0106/image/part_62/620785/2732049.jpg
12814,female,26-30,1337351,大家正在经历什么样的领导?,"#护士懂护士[话题]# #护士那些事儿[话题]# #护士长[话题]# 今天不得不跟大家好好唠唠咱们伟大的护士长那些事。各位护理姐妹职业生涯中经历过这种护士长吗? 11.9日我上中班(17点—23点),17点照常接班,18点多我发现患者手上出现了水泡(见上图),询问水泡什么时候烫的。患者和家属都说是下午三点静脉输液时用了热水袋烫伤的。当时我就告诉下午上班的护士,并把图片也发给了她们。后来当天下午上班的护士也承认了是在她输液时用的,并且那名护士还承认她摸了温度觉得不烫。直到昨天,我晚上要上夜班,白天在睡觉,一个电话打来。电话内容:说我17点接班,我18点多发现的,怎么能说明这不是在我班上一个小时内烫的?我当时听到简直无语至极,无力吐槽。家属和患者本人说的清清楚楚,下午输液时用的,白班护士也承认了。就真的令人很无语,超级无语。白班有两位护士一起上班,有一个是新来的,还有一个是她身边的红人,我们科室的二级护士。发生这个事情这个二级护士就说不是在她班上发生的,死不承认,格局真就比针眼还小。然后领导也不说她,把和她搭班的那个新来的护士那是好一顿骂,哎呦喂,然后又开始找我们中班护士的茬,就有了开头的那个疑问说怎么说明这个烫伤不是在我们班上一个小时内烫的。 各位兄弟姐妹你们来说说好吧,真给我整无语了,不然我是不会在这写小作文的。#奇葩领导[话题]#",
12814,female,26-30,1493179,芦丁鸡下蛋太多 收房租收到手软🥚,才养了两个月的芦丁鸡现在每天收房租收到手软 太多了不知道怎么处理😵‍💫 #芦丁鸡[话题]# #芦丁鸡蛋[话题]# #人工合法繁育[话题]# #有趣的宠物[话题]# #养鸡[话题]#,./images/mnt/ali-sh-1/usr/lihaitao/process_0106/image/part_98/987159/4444718.jpg|./images/mnt/ali-sh-1/usr/lihaitao/process_0106/image/part_98/987159/4444719.jpg|./images/mnt/ali-sh-1/usr/lihaitao/process_0106/image/part_98/987159/4444720.jpg
12814,female,26-30,800000,2021年4月的护师什么时候开主管护师,"应该2020年考试拿证儿!因为疫情延后了一年,当时发了红头文件,23年拿的本科和学位,今年可以报名考试25年的主管吗?#卫生专业技术资格考试[话题]# #初级护师[话题]# #资格证[话题]#",
12814,female,26-30,857963,被熊孩子剪了,老崩溃了😫,
12814,female,26-30,1978869,怪不得赵远舟要送文潇这个花...,都知道赵远舟送给文潇的是什么花了嘛?! 是白色澳梅!我也花了十几块养上赵远舟同款澳梅咯[哇R] 但你们只知道赵远舟送了一束澳梅当作见面礼给文潇 不知道澳梅的花语其实是“永远守护你💗”! #点缀生活的鲜花[话题]# #鲜花分享[话题]# #澳梅[话题]# #白色澳梅[话题]# #我的养花日常[话题]# #养花人的快乐[话题]# #鲜切花[话题]# #赵远舟[话题]# #大梦归离[话题]# #远闻其详[话题]#,./images/mnt/ali-sh-1/usr/lihaitao/process_0106/image/part_62/629005/2768972.jpg|./images/mnt/ali-sh-1/usr/lihaitao/process_0106/image/part_62/629005/2768973.jpg|./images/mnt/ali-sh-1/usr/lihaitao/process_0106/image/part_62/629005/2768974.jpg|./images/mnt/ali-sh-1/usr/lihaitao/process_0106/image/part_62/629005/2768975.jpg|./images/mnt/ali-sh-1/usr/lihaitao/process_0106/image/part_62/629005/2768976.jpg|./images/mnt/ali-sh-1/usr/lihaitao/process_0106/image/part_62/629005/2768977.jpg|./images/mnt/ali-sh-1/usr/lihaitao/process_0106/image/part_62/629005/2768978.jpg|./images/mnt/ali-sh-1/usr/lihaitao/process_0106/image/part_62/629005/2768979.jpg
12814,female,26-30,1548268,nan,14ct 手染布 dmc線 十字繡#十字绣[话题]#,./images/mnt/ali-sh-1/usr/lihaitao/process_0106/image/part_64/641241/2829572.jpg
12814,female,26-30,1630956,"护师报名,照着抄就行","护师还不会报名的直接照着抄好吧!!!||姐,明天就报名了,你还在问能不能报,怎么报,是不是符合资格,还在迷呢姐[石化R]!!还不会报名的也别到处问了,直接看这篇吧,实在不行就照着抄!!![暗中观察R] - 🌸初级护师报名条件: 1⃣具备中专学历,从事护士职业满5年 2⃣具备大专学历,从事护士职业满3年 3⃣具备本科以上学历,从事护师职业满1年,可直接聘任护师职称 例如:你21年大专考过护考,但是在22年才注册资格证,那你今年就报不了,你要等三年以后,也就是25年的时候报名,26年4月考试! - 🌸初级护师小TIPS: [一R]一寸白底照片,露出双肩(不能穿吊带),平时戴眼镜照片也需要带上 [二R]个人信息和实际吻合,学历信息需和学信网吻合 [三R]现有资格证(考初级填护资;考主管填初级),资格证取得年月就是下证时间 [四R]职业类别写执业护士 [五R]首次注册年月写护士注册时间;取得资格证年月是下证时间 [六R]专业工作经历从实习开始写,实习科室随便写其中一个就可 [七R]从事专业年限从护资注册时间开始算 - 🌸小白所需资料: 📜《25初级护师高频考点》 📜《25初级护师学霸笔记》 📜《25初级护师母题题库》 #护士[话题]##护师[话题]##卫生资格证[话题]##初级护师[话题]##护理[话题]#",./images/mnt/ali-sh-1/usr/lihaitao/process_0106/image/part_77/771277/3456357.jpg|./images/mnt/ali-sh-1/usr/lihaitao/process_0106/image/part_77/771277/3456358.jpg
12814,female,26-30,1000867,nan,"快乐来啦,一直说不买了不买了,结果回回打脸[萌萌哒R] XIU家里屯了好几个,一个都没绣呢,这次换了软包装,感觉也挺好的#十字绣[话题]# #十字绣囤货[话题]# #我的日常[话题]#",./images/mnt/ali-sh-1/usr/lihaitao/process_0106/image/part_84/846530/3808430.jpg|./images/mnt/ali-sh-1/usr/lihaitao/process_0106/image/part_84/846530/3808431.jpg|./images/mnt/ali-sh-1/usr/lihaitao/process_0106/image/part_84/846530/3808432.jpg
12814,female,26-30,844378,被小可斯比硬控一整天......,#百变小樱[话题]# #魔卡少女樱[话题]# #小可[话题]##斯比[话题]##这是我的本命番[话题]# #二次元看见计划[话题]# #宝藏饰品大公开[话题]# #戒指推荐小众[话题]# #有趣的饰品[话题]# #哆啦珠宝[话题]#,./images/mnt/ali-sh-1/usr/lihaitao/process_0106/image/part_70/705220/3139844.jpg|./images/mnt/ali-sh-1/usr/lihaitao/process_0106/image/part_70/705220/3139845.jpg
12814,female,26-30,1491815,我家孩子的名字真的很一般吗?,#名字[话题]# #宝宝姓名[话题]# #起名字[话题]#,./images/mnt/ali-sh-1/usr/lihaitao/process_0106/image/part_64/640461/2825140.jpg
12907,male,36-40,960273,稳如老狗!全程记录德军机载机枪手训练,"稳如老狗!全程记录德军机载机枪手训练,一小时要打600发﻿#武器[话题]#﻿ ﻿#军事[话题]#﻿ ﻿#俄乌战争[话题]#﻿",./images/mnt/ali-sh-1/usr/lihaitao/process_0106/image/part_100/1004996/4523087.jpg
12907,male,36-40,1520961,大环境不好时搞事业 直接抄日本作业,"日本银发经济发展细致,中国市场潜力巨大。 退休的60后是最有价值的客户群体,追求生活品质,满足需求是机会。 ﻿#银发经济[话题]#﻿ ﻿#商业思维[话题]#﻿ ﻿#新商机[话题]#﻿ ﻿#认知[话题]#﻿ ﻿#养老行业[话题]#﻿",
12907,male,36-40,1632332,"在澳洲,我被一个流浪女孩带去领了救济餐","我在布里斯班的大桥上遇到了这个女孩 日落的云彩太美了,她主动问我需不需要拍照 旅行了这么久从一个人的表情就能明白她是不是想主动聊天 而她,给我的感觉就是极度想表达。 她来自挪威,叫做Siri 但是她没有手机,也几乎不与家人联系,在澳洲已经一两年了。 她看起来很干净,脸上总带着羞涩的笑容,我实在没把她往homeless 上联想, 还聊到了公园的免费食物,我好奇的说可以带我去吗? 于是下一秒,我就出现在Roma street的救济车前。 我从来没有遇到这么多流浪汉。 有点不好意思的从志愿者前接过食物 有三辆不同的车供应食物和衣物,流浪汉们甚至可以选择。 有乐队表演,有房车洗澡,有免费医疗。 每次在街头看到那些流浪汉时我都好奇他们的生活。这次也终于体验了 我原来一直在想,或许流浪汉的生活在某种程度上会过的比我们好 因为似乎他们不需要工作,就可以有食物和被裹 可是当我真的走入到了这个“流浪汉派对”时 我想,我再也不能用异样的理解,再去看待他们了。 很神奇的是,虽然我不是社会边缘人群,但我在澳洲 却一直被这些“边缘人群”所吸引,相遇,然后记录下故事。 # ﻿#不为打卡的旅行[话题]#﻿﻿ ﻿#红薯旅行家[话题]#﻿ ﻿#girlstalk[话题]#﻿ ﻿#我的随手拍[话题]#﻿ ﻿#澳洲[话题]#﻿ ﻿#布里斯班[话题]#﻿ ﻿#流浪汉日记[话题]#﻿﻿",
12907,male,36-40,1729296,“1000 Miglia Experience CHINA”,"虽然“1000 Miglia Experience CHINA”首站已经完美 收官,但是大家还意犹未尽......只因赛事活动中创造出太 多精彩而难忘的瞬间!#classicmini[话题]# #开mini的人[话题]# #情怀老车[话题]# #经典怀旧老车[话题]# #老爷车[话题]# #经典车[话题]# #我的车真好看[话题]# #我的车生活[话题]# #西蒙神奇车库[话题]##rcc飞驰计划[话题]#",./images/mnt/ali-sh-1/usr/lihaitao/process_0106/image/part_58/588549/2583485.jpg|./images/mnt/ali-sh-1/usr/lihaitao/process_0106/image/part_58/588549/2583486.jpg|./images/mnt/ali-sh-1/usr/lihaitao/process_0106/image/part_58/588549/2583487.jpg|./images/mnt/ali-sh-1/usr/lihaitao/process_0106/image/part_58/588549/2583488.jpg
12907,male,36-40,863307,新品发布 | PGYTECH相机腕带Air,"PGYTECH发布相机腕带Air 高效拆装 舒适佩戴 原创快挂扣设计 ,安全稳固畅快交互 单手调节自适应,相机滑落自锁紧 抗撕裂纤维,实力强悍 隐藏式磁吸搭扣,可变身手环 另有四色可选,扫街搭配,告别单调 #PGYTECH[话题]# #摄影[话题]# #相机腕带[话题]# #扫街[话题]# #相机腕带Air[话题]# @摄影薯",
12907,male,36-40,1124511,"谁懂啊!有个这样的书房,我是真的不想出门",书房虽小 岁月静好 听歌、画画 真好 #兴趣榜样[话题]# #和兴趣搭子sayhi[话题]# #我用画笔讲故事[话题]# @手工薯 @画画薯 #2024我的兴趣支点[话题]# #我被兴趣治愈[话题]# #小红书居住趋势[话题]# #无边界的家[话题]# @家居薯 #书房装修灵感库[话题]# #书房[话题]# #家居美学[话题]#,
12907,male,36-40,1044846,街拍技巧!,﻿#摄影基础知识[话题]#﻿ ﻿#扫街[话题]#﻿ ﻿#街拍[话题]#﻿ ﻿#365天摄影计划[话题]#﻿ ﻿#扫街人文纪实[话题]#﻿ ﻿#街头摄影[话题]#﻿,./images/mnt/ali-sh-1/usr/lihaitao/process_0106/image/part_76/761601/3413021.jpg|./images/mnt/ali-sh-1/usr/lihaitao/process_0106/image/part_76/761601/3413022.jpg|./images/mnt/ali-sh-1/usr/lihaitao/process_0106/image/part_76/761601/3413023.jpg|./images/mnt/ali-sh-1/usr/lihaitao/process_0106/image/part_76/761601/3413024.jpg|./images/mnt/ali-sh-1/usr/lihaitao/process_0106/image/part_76/761601/3413025.jpg|./images/mnt/ali-sh-1/usr/lihaitao/process_0106/image/part_76/761601/3413026.jpg|./images/mnt/ali-sh-1/usr/lihaitao/process_0106/image/part_76/761601/3413027.jpg|./images/mnt/ali-sh-1/usr/lihaitao/process_0106/image/part_76/761601/3413028.jpg
12907,male,36-40,1432794,防水摄影背包‖可拆卸魔术贴隔板设计,"📷专为摄影爱好者及专业摄影师设计的大开口防水摄影背包,集实用性与创新性于一身,25L超大容量,自重仅1.25kg,户外采风、城市通勤还是长途旅行,都能轻松应对。 🔧高度定制化内部空间:采用创新可拆卸魔术贴隔板系统,包含两大隔板和六小隔板,灵活配置,可根据不同摄影任务或旅游户外来自由调整内部布局,背包内外有多个小仓位和口袋。无论是沉重的单反相机、长焦镜头、无人机套件,还是小巧的闪光灯、存储卡、电池等附件,都能得到妥善安置,确保拍摄过程流畅无阻。 💪承重与保护并重:背包采用强化结构设计,即使在竖放状态下,隔板也能稳定支撑,有效保护您的摄影器材免受意外碰撞。专为相机镜头设计的防震垫,进一步提升了保护性能。 💻专属电脑仓,工作娱乐两不误:特别配备16英寸专属电脑仓,为摄影师提供充足的存储空间,无论是现场修图还是工作汇报,都能随时切换,高效便捷。 💆‍♂️人体工学背负系统:背/肩/腰部接触面采用XPE高弹性空气海绵,结合人体工学设计,有效分散重量,减轻背负压力,即使长时间携带也能保持舒适体验。#相机[话题]# #摄影[话题]# #摄影包[话题]# #索尼[话题]##尼康[话题]##佳能[话题]# #富士[话题]##莱卡[话题]##松下[话题]##大疆[话题]#",
12907,male,36-40,885741,泰国广告能让幽默、惊悚、催泪、励志同时出现,"泰国广告的成功源于他们深刻理解本地文化、情感需求和消费者心理,并将这些特质以高度艺术化和生活化的方式表现出来。这种创意能力既根植于泰国的文化传统,也得益于泰国人对幽默、情感和视觉艺术的敏感性。 #泰国[话题]# #泰国广告[话题]# #泰国广告从没让人失望过[话题]# #泰国广告拍摄[话题]# #泰国网红[话题]# #市场营销[话题]# #泰国市场营销[话题]#",
12907,male,36-40,846665,不同光圈应该怎么用,"光圈可以控制相机的进光量和景深效果,形成不同的效果,今天给大家分享不同的光圈大小更适合什么拍摄主题#365天摄影计划[话题]# #摄影教学[话题]# #人物摄影[话题]# #摄影技巧[话题]# #摄影教程[话题]# #摄影教学[话题]# #摄影灵感[话题]# #摄影干货[话题]# #摄影入门[话题]# #摄影基础知识[话题]#",./images/mnt/ali-sh-1/usr/lihaitao/process_0106/image/part_70/702057/3125546.jpg|./images/mnt/ali-sh-1/usr/lihaitao/process_0106/image/part_70/702057/3125547.jpg|./images/mnt/ali-sh-1/usr/lihaitao/process_0106/image/part_70/702057/3125548.jpg|./images/mnt/ali-sh-1/usr/lihaitao/process_0106/image/part_70/702057/3125549.jpg|./images/mnt/ali-sh-1/usr/lihaitao/process_0106/image/part_70/702057/3125550.jpg
12907,male,36-40,1465699,一张图看懂光圈大小的区别和用法📸,"光圈是摄影中非常重要的一个元素,但你们真的了解不同光圈的区别和用法吗?今天我就用4张图,让大家轻松搞懂!🌟 1️⃣ 超大光圈 2️⃣ 大光圈 3️⃣ 中光圈 4️⃣ 小光圈 快拿起你的相机,去实践一下吧!记住,摄影的魅力就在于不断尝试和探索。 有问题记得留言,帮你解决问题! #摄影[话题]# #摄影干货[话题]# #摄影知识分享[话题]# #摄影教学[话题]# #摄影基础知识[话题]# #摄影日常[话题]# #摄影技巧[话题]# #相机[话题]# #摄影新手教程[话题]# #零基础学摄影[话题]# #光圈[话题]# #365天摄影计划[话题]# #镜头[话题]#",./images/mnt/ali-sh-1/usr/lihaitao/process_0106/image/part_66/665252/2956492.jpg
12907,male,36-40,1110667,不同光圈应该怎么用!,"光圈可以控制相机的进光量和景深效果,形成不同的效果,今天给大家分享不同的光圈大小更适合什么拍摄主题 1️⃣超大光圈 2️⃣大光圈 3️⃣中光圈 4️⃣小光圈 详细内容看笔记哦!希望对你有帮助! #摄影[话题]# #摄影教学[话题]# #摄影技巧[话题]# #摄影干货[话题]# #光圈[话题]# #相机镜头[话题]# #摄影新手教程[话题]# #摄影技巧教学[话题]# #摄影知识分享[话题]# #摄影日常[话题]# #零基础学摄影[话题]# #相机[话题]# #365天摄影计划[话题]# #风光摄影[话题]# #人像摄影[话题]# #镜头[话题]#",./images/mnt/ali-sh-1/usr/lihaitao/process_0106/image/part_70/702455/3127283.jpg|./images/mnt/ali-sh-1/usr/lihaitao/process_0106/image/part_70/702455/3127284.jpg|./images/mnt/ali-sh-1/usr/lihaitao/process_0106/image/part_70/702455/3127285.jpg|./images/mnt/ali-sh-1/usr/lihaitao/process_0106/image/part_70/702455/3127286.jpg|./images/mnt/ali-sh-1/usr/lihaitao/process_0106/image/part_70/702455/3127287.jpg
12907,male,36-40,858350,"F1.2和F2.8差距真的很大,拍人像首选定焦!","咱们拍摄的大多数环境都是很杂乱的,大光圈镜头拍出来的虚化,小姐姐也是相对更加喜欢的,新手小白,买镜头拍人像,记得首选定焦!变焦等技术慢慢起来再去买!这个视频使用索尼50mmF1.2镜头拍摄。 #摄影[话题]# #相机镜头[话题]# #摄影器材[话题]# #摄影日常[话题]# #相机分享[话题]# #我的日常[话题]# #我的日常[话题]# #索尼[话题]#",
12907,male,36-40,1307884,铭匠50f0.95 | 就问你大不大吧?!,a-roll:sony a7m4+20-70G b-roll:sony a7m4+ TTArtisan APS 50 f0.95(用于拍摄室外视频+照片) / sony a7m4+50 f1.2GM (仅用于拍摄镜头外观展示空镜) 穿戴拍摄设备:dji action3 相机稳定器:ZHIYUN wb3e 收音设备:sony ecm-w3 取景地:锦里 #铭匠光学[话题]# #大光圈[话题]# #定焦[话题]# #索尼[话题]# #数码[话题]# #科技[话题]#,./images/mnt/ali-sh-1/usr/lihaitao/process_0106/image/part_68/684349/3044480.jpg|./images/mnt/ali-sh-1/usr/lihaitao/process_0106/image/part_68/684349/3044481.jpg|./images/mnt/ali-sh-1/usr/lihaitao/process_0106/image/part_68/684349/3044482.jpg|./images/mnt/ali-sh-1/usr/lihaitao/process_0106/image/part_68/684349/3044483.jpg|./images/mnt/ali-sh-1/usr/lihaitao/process_0106/image/part_68/684349/3044484.jpg|./images/mnt/ali-sh-1/usr/lihaitao/process_0106/image/part_68/684349/3044485.jpg|./images/mnt/ali-sh-1/usr/lihaitao/process_0106/image/part_68/684349/3044486.jpg|./images/mnt/ali-sh-1/usr/lihaitao/process_0106/image/part_68/684349/3044487.jpg
12907,male,36-40,1705859,当我会了光圈,#曝光三要素[话题]# #光圈[话题]# #大光圈[话题]# #大光圈镜头[话题]# #大光圈虚化[话题]# #相机[话题]# #索尼[话题]# #富士相机[话题]# #尼康[话题]# #佳能[话题]# #摄影新手教程[话题]# #摄影[话题]# #摄影教学[话题]# #摄影教程[话题]# #摄影教程分享[话题]# #新手摄影教程[话题]# #人像摄影教程[话题]# #摄影新手教程[话题]# #摄影进阶教程[话题]# #摄影新手小白[话题]# #摄影小白[话题]# #零基础学摄影[话题]# #365天摄影计划[话题]#,./images/mnt/ali-sh-1/usr/lihaitao/process_0106/image/part_80/804417/3618777.jpg
12907,male,36-40,1470790,"千万别把相机交给普通腕带,别问我怎么知道","千万别把相机交给普通腕带,别问我是怎么知道的,懂的都懂...#JJC摄影器材[话题]# #相机腕带[话题]# #摄影器材[话题]# #相机配件[话题]# #相机肩带绑法[话题]# #商品笔记扶苗计划[话题]#",
12907,male,36-40,1237616,如何正确使用PD相机背带和手腕带?,"peak design 巅峰设计相机背带可以利用小底板连接相机底部,从而斜跨使用。同时空出来的一边挂耳可以用来链接相机腕带,这样背带和腕带就可以同时使用了。如果想单独使用背带,只需要把腕带绕在手腕上当手环即可。如果想单独使用手腕带,我们可以利用一个尾扣连接调节环,和另一边的快拆器连接在一起,这样就能完美的挂在身上,不影响相机腕带的使用。#peakdesign[话题]# #巅峰设计[话题]# #摄影器材[话题]# #相机配件分享[话题]# #相机肩带[话题]# #相机腕带[话题]# #PD巅峰设计Cuff腕带[话题]# #摄影配件[话题]##摄影配件分享[话题]#",
12907,male,36-40,1071060,相机腕带推荐,"一次性买了三款,小隼,蒲公英,pd,各种对比综合考虑留下了小隼,已经出去拍了一次了,微单一直拿手上也不重,就是手有点冷,腕带算是一个保护,以后有需要再看看要不要买肩带,有问题可以在下面留言,看到都会回答",./images/mnt/ali-sh-1/usr/lihaitao/process_0106/image/part_69/698161/3107995.jpg
12907,male,36-40,1139390,"超适合外出扫街,街拍得📷快拆腕带!","采用麂皮皮革材质,柔软舒适有质感,单手就可调节腕带长度大小,还支持pd快拆和磁吸收纳功能!全新升级钢丝扣承重可达55kg![派对R]#秀出我的相机[话题]# #摄影装备玩起来[话题]# #取景器里的世界[话题]# #摄影器材[话题]# #相机配件分享[话题]# #摄影器材[话题]# #扫街[话题]# #街拍美女[话题]# #扫街遇见人间[话题]# #街拍[话题]#",./images/mnt/ali-sh-1/usr/lihaitao/process_0106/image/part_81/810595/3649592.jpg|./images/mnt/ali-sh-1/usr/lihaitao/process_0106/image/part_81/810595/3649593.jpg|./images/mnt/ali-sh-1/usr/lihaitao/process_0106/image/part_81/810595/3649594.jpg|./images/mnt/ali-sh-1/usr/lihaitao/process_0106/image/part_81/810595/3649595.jpg|./images/mnt/ali-sh-1/usr/lihaitao/process_0106/image/part_81/810595/3649596.jpg|./images/mnt/ali-sh-1/usr/lihaitao/process_0106/image/part_81/810595/3649597.jpg|./images/mnt/ali-sh-1/usr/lihaitao/process_0106/image/part_81/810595/3649598.jpg|./images/mnt/ali-sh-1/usr/lihaitao/process_0106/image/part_81/810595/3649599.jpg
12907,male,36-40,1529637,快把你的相机📷官带扔了吧!,"把你的官方手绳扔了吧,有了它,时尚多彩的颜色选择,支持快速拆装,高承重能力,多品牌相机适用,户外拍摄再也不用担心炸机了~ #摄影[话题]# #街头摄影[话题]# #时尚摄影[话题]# #我的摄影日记[话题]# #摄影师[话题]# #人像摄影[话题]# #胶片摄影[话题]# #小红书618[话题]# #小红书礼物季[话题]#",./images/mnt/ali-sh-1/usr/lihaitao/process_0106/image/part_89/896620/4041162.jpg|./images/mnt/ali-sh-1/usr/lihaitao/process_0106/image/part_89/896620/4041163.jpg|./images/mnt/ali-sh-1/usr/lihaitao/process_0106/image/part_89/896620/4041164.jpg|./images/mnt/ali-sh-1/usr/lihaitao/process_0106/image/part_89/896620/4041165.jpg
13386,female,36-40,1687670,耽误你12秒来学无痕取发料,还在为发料不够而苦恼吗?还在为假发被剪瘸而破防吗?#毛娘[话题]# #假发教程[话题]# #cos假发教程[话题]#,./images/mnt/ali-sh-1/usr/lihaitao/process_0106/image/part_76/769252/3447734.jpg|./images/mnt/ali-sh-1/usr/lihaitao/process_0106/image/part_76/769252/3447735.jpg
13386,female,36-40,1181387,《小推非常美丽的精神状态在演我》,耳机党小心了 #香港迪士尼[话题]# #小推[话题]#,
13386,female,36-40,1352716,来欣赏第四季绝美画风。。。,九敏第四季这是什么鬼画风啊啊啊#动漫[话题]# #排球少年[话题]# #月岛萤[话题]# #西谷夕[话题]# #影山飞雄[话题]# #日向翔阳[话题]# #宫侑[话题]# #宫治[话题]# #排球少年第四季魔鬼画风[话题]# #二次元[话题]#,./images/mnt/ali-sh-1/usr/lihaitao/process_0106/image/part_110/1103703/4947087.jpg
13386,female,36-40,824496,排球画风第一季 v.s.第四季,这是第一季的月月 这是第四季的月岛萤 这是第一季的kgym 这是第四季的邪恶狂魔 #排球少年[话题]##月岛萤[话题]##影山飞雄[话题]#,
13386,female,36-40,1142005,一打开排球第四季怎么感觉那不对劲🤨,[笑哭R][笑哭R][笑哭R][笑哭R][笑哭R]#排球少年[话题]# #排球少年日向翔阳[话题]# #排球少年第四季[话题]# #排球少年第四季魔鬼画风[话题]#,./images/mnt/ali-sh-1/usr/lihaitao/process_0106/image/part_107/1072304/4816142.jpg|./images/mnt/ali-sh-1/usr/lihaitao/process_0106/image/part_107/1072304/4816143.jpg|./images/mnt/ali-sh-1/usr/lihaitao/process_0106/image/part_107/1072304/4816144.jpg|./images/mnt/ali-sh-1/usr/lihaitao/process_0106/image/part_107/1072304/4816145.jpg|./images/mnt/ali-sh-1/usr/lihaitao/process_0106/image/part_107/1072304/4816146.jpg
13386,female,36-40,1402533,nan,卷王管家的一天都如何安排﻿#日常vlog[话题]#﻿ ﻿#今日分享[话题]#﻿ ﻿#管家的幸福生活[话题]#﻿ ﻿#卷王[话题]#﻿ ﻿#烘焙[话题]#﻿,
13386,female,36-40,1528166,在哈利波特里的人生(离谱版),"这次是一个离谱版的,玩了一次自己都笑了[捂脸R] 内含哈利波特and神奇动物在哪里 ❤️🧡💚💙 #哈利波特[话题]# #哈迷[话题]# #霍格沃茨[话题]# #神奇动物在哪里[话题]# #离谱[话题]# #你是哪个学院? [投票]#",
13386,female,36-40,816119,江澄真的好好看,None,
13386,female,36-40,790070,重刷魔道!,"无论重刷几次!我都会为江澄流泪!真的好想进去和他说一切都会变好的,你也一定可以把云梦江氏重新扛起来的 如果姐姐没有留下金陵,我们江澄在这世上真的没有一个亲人了啊[哭惹R] 江澄,江晚吟,江宗主,舅舅...... #魔道[话题]# #江澄[话题]# #江晚吟[话题]#",./images/mnt/ali-sh-1/usr/lihaitao/process_0106/image/part_111/1116597/5001416.jpg
13386,female,36-40,1585167,抽象表情包cos第二弹,#魔道[话题]# #ooc致歉[话题]# #抽象[话题]# #魏无羡[话题]# #蓝忘机[话题]# #江澄[话题]# #金子轩[话题]# #cos[话题]# #cos整活大赏[话题]# #ooc致歉一切[话题]#,
13386,female,36-40,1624933,穷学生江澄自搭,穷学生江澄自搭#魔道祖师系列[话题]# #江澄cos[话题]#,
13386,female,36-40,1352207,妹子们请再让我赚一把魔道立绘,"1/00(去掉/)一张 排到后工期一周 都是单主和我的oc,不要拿呀喵 #OC[话题]# #魔道祖师oc[话题]# #画画[话题]# #绘画[话题]# #立绘[话题]# #魔道oc[话题]# #魔道祖师伪官方画风[话题]# #伪官方[话题]# #接稿[话题]# #魔道祖师动漫[话题]#",./images/mnt/ali-sh-1/usr/lihaitao/process_0106/image/part_76/762199/3416056.jpg
13386,female,36-40,1184241,魔道祖师官方图片,爱了!爱了![飞吻R][飞吻R],./images/mnt/ali-sh-1/usr/lihaitao/process_0106/image/part_56/565209/2466213.jpg|./images/mnt/ali-sh-1/usr/lihaitao/process_0106/image/part_56/565209/2466214.jpg|./images/mnt/ali-sh-1/usr/lihaitao/process_0106/image/part_56/565209/2466215.jpg|./images/mnt/ali-sh-1/usr/lihaitao/process_0106/image/part_56/565209/2466216.jpg|./images/mnt/ali-sh-1/usr/lihaitao/process_0106/image/part_56/565209/2466217.jpg|./images/mnt/ali-sh-1/usr/lihaitao/process_0106/image/part_56/565209/2466218.jpg
13386,female,36-40,1613633,魔道祖师单人海报,"官方的图片,想要可以找我或者去刷官方微博谢谢,如果侵权的话说一下,侵权立马删,谢谢#魔道祖师忘羡[话题]# #魔道祖师图片[话题]#",./images/mnt/ali-sh-1/usr/lihaitao/process_0106/image/part_95/955337/4308244.jpg|./images/mnt/ali-sh-1/usr/lihaitao/process_0106/image/part_95/955337/4308245.jpg|./images/mnt/ali-sh-1/usr/lihaitao/process_0106/image/part_95/955337/4308246.jpg|./images/mnt/ali-sh-1/usr/lihaitao/process_0106/image/part_95/955337/4308247.jpg|./images/mnt/ali-sh-1/usr/lihaitao/process_0106/image/part_95/955337/4308248.jpg|./images/mnt/ali-sh-1/usr/lihaitao/process_0106/image/part_95/955337/4308249.jpg|./images/mnt/ali-sh-1/usr/lihaitao/process_0106/image/part_95/955337/4308250.jpg|./images/mnt/ali-sh-1/usr/lihaitao/process_0106/image/part_95/955337/4308251.jpg
13386,female,36-40,1025055,nan,"姥姥今天用果皮做的果冻,充满了对小外孙的爱,你也想吃一口嘛? #潘姥姥[话题]# #记录真实生活[话题]#",
13386,female,36-40,1542271,nan,"当生完孩子的外孙女想吃烧烤时,夏天的第一顿烧烤,一定和最爱的人一起吃~充满爱的超大肉串,你也想来一串嘛? #潘姥姥[话题]# #记录真实生活[话题]# #夜宵美食[话题]#",
13386,female,36-40,1477915,nan,"姥姥今天用百香果皮做成的糖,充满了对外孙女的爱,你也想来一口吗? #薅五折小家电[话题]# #小家电政府补贴[话题]# #京东小电国补[话题]# #京东1111又便宜又好[话题]# #潘姥姥[话题]# #记录真实生活[话题]# #京东[话题]#",
13386,female,36-40,1134651,nan,"潘姥姥上门做饭,今天在安徽宿州遇到一对相恋十年的摆摊夫妻,丈夫割掉一半肝脏换回妻子的性命,从小马身上看到什么叫做同“肝”同苦,患难与共,值得托付终生!﻿#潘姥姥[话题]#﻿ ﻿#记录真实生活[话题]#﻿",
13386,female,36-40,1722414,nan,"当小外孙不爱吃饭时,姥姥帮她的妈妈出主意,你也想来一口肉沫鸡蛋拌饭嘛? ﻿#潘姥姥[话题]#﻿ ﻿#记录真实生活[话题]#﻿ ﻿#京东国补[话题]#﻿ ﻿#家电国补[话题]#﻿ ﻿#京东1111又便宜又好[话题]#﻿ ﻿#人生发疯我找补[话题]#﻿ ﻿#京东家电8折补贴[话题]#﻿ ﻿#京东家电补上加补[话题]#﻿",
13386,female,36-40,1940113,nan,"这不是我的黑历史,而是我作为三农人来时的路﻿#潘姥姥[话题]#﻿ ﻿#那不是黑历史是我的来时路[话题]#﻿",
13731,female,19-22,1644768,茶包泡泡茶我真的累了...,避雷了真的避雷了...第一次买就给我创到了 从未见过做工如此敷衍的店铺...烙铁整整三个月啊!!!这个娃衣难度一般吧一个围裙 你们家是有自己的平衡尺吗没有一条线是直的!围兜歪的围绳也能歪真是服了 本来我都忍了好家伙厨师帽子给我整耳朵一大一小??三个月你家在干什么啊??设计不错能不能好好把把品控啊 售后你们家客服是有多忙人都找不到我真的服你了@茶包泡泡茶 #娃衣安利[话题]# #棉花娃娃[话题]# #棉花娃娃娃衣[话题]# #棉花美娃娃[话题]#,./images/mnt/ali-sh-1/usr/lihaitao/process_0106/image/part_73/736180/3299657.jpg|./images/mnt/ali-sh-1/usr/lihaitao/process_0106/image/part_73/736180/3299658.jpg
13731,female,19-22,863968,49r一袋的曲奇蛋糕还包策马!,20cm有声骨 后续会更新展示视频 水洗帅崽 49r包策马[自拍R] #代号鸢孙策[话题]# #代号鸢[话题]# #孙策[话题]#,./images/mnt/ali-sh-1/usr/lihaitao/process_0106/image/part_93/935441/4211793.jpg|./images/mnt/ali-sh-1/usr/lihaitao/process_0106/image/part_93/935441/4211794.jpg|./images/mnt/ali-sh-1/usr/lihaitao/process_0106/image/part_93/935441/4211795.jpg|./images/mnt/ali-sh-1/usr/lihaitao/process_0106/image/part_93/935441/4211796.jpg|./images/mnt/ali-sh-1/usr/lihaitao/process_0106/image/part_93/935441/4211797.jpg|./images/mnt/ali-sh-1/usr/lihaitao/process_0106/image/part_93/935441/4211798.jpg|./images/mnt/ali-sh-1/usr/lihaitao/process_0106/image/part_93/935441/4211799.jpg
13731,female,19-22,1951113,萌...,#三猫趴趴[话题]# #包策马[话题]##代号鸢孙策[话题]# #棉花娃娃[话题]#,
13731,female,19-22,1148714,"包策马到啦,但是...","炸毛小狗你有点掉发啊,不过没关系,简直太萌萌萌了,立马去物色娃衣[哇R] #孙策棉花娃娃[话题]# #孙策代号鸢[话题]# #孙策[话题]# #娃衣[话题]# #20cm棉花娃娃[话题]# #包策马[话题]#",./images/mnt/ali-sh-1/usr/lihaitao/process_0106/image/part_64/648198/2871166.jpg|./images/mnt/ali-sh-1/usr/lihaitao/process_0106/image/part_64/648198/2871167.jpg|./images/mnt/ali-sh-1/usr/lihaitao/process_0106/image/part_64/648198/2871168.jpg|./images/mnt/ali-sh-1/usr/lihaitao/process_0106/image/part_64/648198/2871169.jpg|./images/mnt/ali-sh-1/usr/lihaitao/process_0106/image/part_64/648198/2871170.jpg
13731,female,19-22,1536685,极限二选一!!包策马还是小符豆!!,"包策马过几天才开,小符豆有100多只的现货。两只策宝都好可爱(ɔˆ 3(ˆ⌣ˆc)但是有说避雷三猫趴趴家(卖包策马的)的,也有好多小符豆的瑕疵售后。这样更纠结了啊啊啊!!!殿下们我该选哪只[哭惹R][哭惹R] #孙策棉花娃娃[话题]# #小符豆有骨[话题]# #包策马[话题]#",
13731,female,19-22,1587602,49r芙邮送就这么水灵灵的来喽,芙邮送宝宝返场预售ing #代号鸢傅融[话题]# #代号鸢[话题]# #傅融[话题]#,./images/mnt/ali-sh-1/usr/lihaitao/process_0106/image/part_65/655664/2913277.jpg|./images/mnt/ali-sh-1/usr/lihaitao/process_0106/image/part_65/655664/2913278.jpg|./images/mnt/ali-sh-1/usr/lihaitao/process_0106/image/part_65/655664/2913279.jpg
13731,female,19-22,1695909,听说ee们叫我芙邮送🥺,49r包🚗 这次用的是有声骨 头发洗水毛 帅气与可爱兼具 (请带走我 #代号鸢傅融[话题]# #代号鸢[话题]# #傅融[话题]#,./images/mnt/ali-sh-1/usr/lihaitao/process_0106/image/part_101/1010277/4550070.jpg|./images/mnt/ali-sh-1/usr/lihaitao/process_0106/image/part_101/1010277/4550071.jpg|./images/mnt/ali-sh-1/usr/lihaitao/process_0106/image/part_101/1010277/4550072.jpg|./images/mnt/ali-sh-1/usr/lihaitao/process_0106/image/part_101/1010277/4550073.jpg|./images/mnt/ali-sh-1/usr/lihaitao/process_0106/image/part_101/1010277/4550074.jpg
13731,female,19-22,1391855,【征名】49r惊喜菜单可是策大厨一手包办的,浅浅图透啦!为我们20cm策大厨征个名~ 老规矩见评论🔝 #代号鸢[话题]# #代号鸢孙策[话题]# #孙策[话题]#,./images/mnt/ali-sh-1/usr/lihaitao/process_0106/image/part_102/1024122/4609588.jpg|./images/mnt/ali-sh-1/usr/lihaitao/process_0106/image/part_102/1024122/4609589.jpg|./images/mnt/ali-sh-1/usr/lihaitao/process_0106/image/part_102/1024122/4609590.jpg|./images/mnt/ali-sh-1/usr/lihaitao/process_0106/image/part_102/1024122/4609591.jpg|./images/mnt/ali-sh-1/usr/lihaitao/process_0106/image/part_102/1024122/4609592.jpg|./images/mnt/ali-sh-1/usr/lihaitao/process_0106/image/part_102/1024122/4609593.jpg|./images/mnt/ali-sh-1/usr/lihaitao/process_0106/image/part_102/1024122/4609594.jpg
13731,female,19-22,1184366,多背痛包棕色来了❗️老师们还想要什么颜色,蝴蝶结多背痛包咖色 ✅带扎板 更方便扎痛包 ✅多种背法 单肩斜挎双肩丝滑变形 ✅秋冬配色 棕色黑色百搭又适配 真的好喜欢 老师们还想要什么颜色 #痛包[话题]# #1年1度购物狂欢[话题]# #最爱的包包[话题]# #包包不重样[话题]# #痛包分享[话题]# #痛包推荐[话题]# #痛包安利[话题]# #痛包推荐平价[话题]# #吃我一波痛包安利[话题]# #小食量痛包[话题]# #亚人街头集合[话题]#,./images/mnt/ali-sh-1/usr/lihaitao/process_0106/image/part_104/1046135/4702267.jpg|./images/mnt/ali-sh-1/usr/lihaitao/process_0106/image/part_104/1046135/4702268.jpg|./images/mnt/ali-sh-1/usr/lihaitao/process_0106/image/part_104/1046135/4702269.jpg|./images/mnt/ali-sh-1/usr/lihaitao/process_0106/image/part_104/1046135/4702270.jpg|./images/mnt/ali-sh-1/usr/lihaitao/process_0106/image/part_104/1046135/4702271.jpg|./images/mnt/ali-sh-1/usr/lihaitao/process_0106/image/part_104/1046135/4702272.jpg|./images/mnt/ali-sh-1/usr/lihaitao/process_0106/image/part_104/1046135/4702273.jpg|./images/mnt/ali-sh-1/usr/lihaitao/process_0106/image/part_104/1046135/4702274.jpg
13731,female,19-22,1413137,穿上了从高中就喜欢的女孩做的衣服,"互联网对我而言就像是我的乌托邦,在这里认识了很多优秀的女孩,佳佳是我高中就开始关注的美女,集训的某个晚上偶然在大眼仔刷到她的照片,非常惊艳到一身红衣,也不知道自己有没有记岔,但确实给我留下了很深的美的震撼,我心想怎么会有这么漂亮的人好像一个bjd,不久之前我写下这段话“从小到现在都有很多想要成为的女孩,尤其在开始玩wb后,很多的女孩给了我非常多美学启蒙,不光是穿着打扮,文学与艺术她们统统做得很好,她们大多很漂亮,漂亮到我看一眼就要自卑。我时常把她们的主页翻来覆去地看,希望能够和她们更接近一些”,佳佳就是这样的女孩,在我看来她有种难以接近的美,又或者说是我难以抵达的美,能够讲上话是我非常意料之外的事情。近两年倒是意外的能在小红书和之前很喜欢的女孩们互关,我觉得很神奇,但我还是不敢同她们讲话,靠着拍摄也并没有一技之长的我获得大家的喜欢也会觉得很心虚,说出来显得有些官方,但真的会感谢小红书这个平台,让普普通通的我遇到这么多优秀的人。 我知道还有很多非常漂亮的小蛋糕们关注我,偶尔点进大家主页的时候经常会想自己凭什么,大家的喜欢承载着我,非常感谢每一位贝贝。 今天讲得有点多,每次话很多的时候🍠总会限我,这次可千万不要了呀。 - #inmyfeelings[话题]# #氛围感[话题]# #对镜拍[话题]# #暗黑风[话题]# #超会穿企划[话题]#",
13731,female,19-22,1423892,メイド☡zz,粉色女仆酱 - #氛围感[话题]##inmyfeelings[话题]# #Lolita[话题]##女仆装[话题]# #二次元看见计划[话题]#,
13731,female,19-22,1600911,冰雪融化的松林,在松潘看雪的一天 #我的日常[话题]# #来自星星的艺术家[话题]# #氛围感拍照[话题]# #头像[话题]#,
13731,female,19-22,808900,希望花永远与欣赏的目光共存,#每天都有值得记录的瞬间[话题]# #陌生人也很温暖[话题]# #女性安全[话题]#,
13731,female,19-22,804012,30r不包你推三丽鸥烫金/链条,"今晚上12:30上闲鱼,你可以自选男主,谁先拍是谁滴 ID所出物都是专拍,觉得不好价别来就行别问这问那我不是陪聊",./images/mnt/ali-sh-1/usr/lihaitao/process_0106/image/part_69/699185/3112649.jpg
13731,female,19-22,1429081,"顾时夜会偷偷摘掉手套,只为了展示婚戒","顾时夜有戴手套的习惯。 可今天,他的手却赤裸在寒风中,手冻得冰凉,指节泛着不自然的红。见了你来,他有些慌,像是上课不专心被老师抓到了的学生一般,想要把冻得有些红的手藏起来。 出门的时候,明明为他戴好了手套,手套也是你新为他挑的,比他从前戴惯了的手套更加厚一些,和你戴的是一对,所以颜色是明亮的。当时去商场,本来说是再给你添几件过冬的衣服,走走转转到了手套的区域。 导购笑着说你们真是般配呀,正好我们这的情侣款手套卖的好,要不要看一下。 说完,又补充了一句,好多甜蜜的小情侣都买这款呢,你们要不要也买一对? 你觉得这样可爱又毛绒绒的毛线手套和顾时夜实在不太相配,抬头看向顾时夜的时候,才发现他沉默着看那副手套,好像在想着什么一样。 在想什么呢,大概是导购那套管用的话术,说你们好般配。 也许是真的喜欢那副手套,上面还有着毛绒绒的小雪人图案。像你们当时堆的那个,你戴上一定好看。 顾时夜想着,眼神柔软,心也柔软。你看出他喜欢,就让导购把那副手套包了起来。 顾时夜习惯了出门之前替你整理好围巾和手套,手套的边缘和袖口都要严丝合缝,手腕的皮肤一点也不能露在寒风中。 你被裹得严严实实像个小粽子,他静静看着,目光明亮,忍不住勾了勾唇角。 你明知道他是疼你,怕你冷,可是在顾时夜面前还是忍不住撒娇,说不许笑。 这样久了,你也学着他的样子,在他出门前给他整理衣服。 要为他理平手套边缘的褶皱,衔接好袖口,然后再被他捏一下手心。这几乎已经是全套的流程,顾时夜第一次捏你手心的时候你还抬头有些疑惑看了他一眼,他倒是理所应当,说这是感谢。 今天也不例外,你照常为他理好了袖子和手套,走前也没有忘记告别吻,可是等他出了门,…",./images/mnt/ali-sh-1/usr/lihaitao/process_0106/image/part_99/990480/4458694.jpg
13731,female,19-22,1284532,好想all但是经济能力有限......额啊啊,"五只都好萌啊啊啊啊啊[哇R][哇R][哇R]顺便帮老师宣传一下萌娃吧(图二的截图就是娃妈的账号,20号开售) 我已经等了四五天了,太萌了[哭惹R][哭惹R][哭惹R]买个芙芙官爽爽得了,刚在别的娃妈那买了策策的娃,也想要策策,不过大学生生活费有限[叹气R]太喜欢10厘米娃娃了,好萌,想要正常体,不过好像比较少🤔#代号鸢[话题]#",./images/mnt/ali-sh-1/usr/lihaitao/process_0106/image/part_70/706651/3146412.jpg|./images/mnt/ali-sh-1/usr/lihaitao/process_0106/image/part_70/706651/3146413.jpg
14037,female,31-35,1471082,13天能在埃及玩点啥?,埃及尼罗河邮轮|开罗|阿斯旺|红海 五星酒店|特色景点|甄选美食 . 下个假期就安排起来~ #埃及[话题]# #旅游[话题]# #埃及旅游[话题]# #埃及旅行[话题]# #古埃及[话题]# #埃及导游[话题]# #游轮[话题]# #开罗[话题]# #红海[话题]# #旅行[话题]# #旅行社[话题]# #同程旅行[话题]#,
14037,female,31-35,877079,🔥致敬传奇!文斯·卡特猛龙十佳球!,"猛龙队传奇的「15号」球衣正式多伦多在迎来退役仪式! 这也是球队30年历史上第一次举办球衣退役仪式,文斯·卡特—他值得! 让我们再度重温加拿大飞人的精彩时刻吧! 更多潮流新鲜事儿,球鞋发售信息,记得持续关注﻿@DUNKICK﻿ 。 素材来源于网络 Via TSN ﻿#DUNKICK[话题]#﻿ ﻿#dunkick[话题]#﻿ ﻿#文斯卡特[话题]#﻿ ﻿#卡特[话题]#﻿ ﻿#多伦多猛龙[话题]#﻿ ﻿#飞人[话题]#﻿ ﻿#nba[话题]#﻿ ﻿#NBA[话题]#﻿ ﻿#扣篮[话题]#﻿ ﻿﻿@薯队长﻿ ﻿﻿@运动薯﻿ ﻿﻿@小红书创作助手﻿",
14037,female,31-35,1226667,请大家避雷一下,#避雷[话题]# #避雷转场[话题]# #阿比西尼亚猫[话题]# #俄罗斯蓝猫[话题]#,
14037,female,31-35,1133926,nan,#云鲸s2[话题]##洗地机[话题]#这是云鲸s2自清洁完以后 拆下滚刷的样子 还要自己擦一遍 而且电机那里手还进不去擦不到 自动熨干一个多小时 擦地的时候还是不是的吐出脏絮 干了以后还有水印[叹气R] 想买到一个好用的洗地机真难啊,
14037,female,31-35,1639556,大量春节665票有需要的赶紧去!,"无论是春节假期前回京津冀 还是放假最后一天回京津冀 都可以用这个方法! 第一段选择各地飞回北京, 第二段选择北京飞3月的海参崴, 想飞就放到周五当个去程单程, 不想飞就舍弃找客服退税, 这样的两张机票才665,这可是春节正日子机票! 目前我查到的有温州、杭州、上海、成都、佛山、深圳、乌兰浩特,赶紧查查自己有中联航的城市有没有! 剩不多了赶紧🐛群里爽博深夜分享必属精品! #低价机票[话题]# #南方人去北方旅游[话题]# #特价机票[话题]# #春节旅游[话题]# #春节返乡[话题]# #春节机票怎么买[话题]# #海参崴[话题]# #春节假期[话题]# #春节回家[话题]#",./images/mnt/ali-sh-1/usr/lihaitao/process_0106/image/part_67/679885/3024033.jpg|./images/mnt/ali-sh-1/usr/lihaitao/process_0106/image/part_67/679885/3024034.jpg|./images/mnt/ali-sh-1/usr/lihaitao/process_0106/image/part_67/679885/3024035.jpg|./images/mnt/ali-sh-1/usr/lihaitao/process_0106/image/part_67/679885/3024036.jpg|./images/mnt/ali-sh-1/usr/lihaitao/process_0106/image/part_67/679885/3024037.jpg|./images/mnt/ali-sh-1/usr/lihaitao/process_0106/image/part_67/679885/3024038.jpg|./images/mnt/ali-sh-1/usr/lihaitao/process_0106/image/part_67/679885/3024039.jpg|./images/mnt/ali-sh-1/usr/lihaitao/process_0106/image/part_67/679885/3024040.jpg
14037,female,31-35,1048139,你们的云鲸拖完也是这样子吗,"问过很多次售后 清洁剂少倒也试过 拖布也是新的,基站也清洗过, 调略干也是这样子的水渍 原先买来拖得很干净 现在都会这样子一圈一圈的水渍 滚轮印记也有,有宝宝和我相同的情况吗 请问是怎么解决的呢",./images/mnt/ali-sh-1/usr/lihaitao/process_0106/image/part_87/878307/3961919.jpg|./images/mnt/ali-sh-1/usr/lihaitao/process_0106/image/part_87/878307/3961920.jpg|./images/mnt/ali-sh-1/usr/lihaitao/process_0106/image/part_87/878307/3961921.jpg|./images/mnt/ali-sh-1/usr/lihaitao/process_0106/image/part_87/878307/3961922.jpg
14037,female,31-35,1939995,云鲸s2 Island 光辉版使用感受,"已经收货一周了现在说下使用感受: 1.滚刷是否会卡头发? 我只是日常使用,没有像营销号广告会弄更多的假发,这几天用下来确实没有缠发,但是吸污口有一次卡住了一根头发。 2.自清洁是否干净? 每次清洁后我都会拆开检查一遍,滚刷基本上烘干了,污水箱还是有水渍,每次使用完我还会拿出来晾干,盖板和滚刷安装处还是会有一些小灰灰(图4图5位置),每次我都直接用湿巾擦干净。 3.拖地水渍大不大? 买之前我我看过很多帖子都说水渍很大,我使用一周拖完地几乎没水印,我还担心是不是洗地机不出水啊,拖完我还趴地上看看是否出水[笑哭R][笑哭R][笑哭R] 4.平躺功能 平躺还是有些高,只能拖我家沙发下面,床下就卡出了进不去,希望以后能出薄款的。 总体使用感受不错,对我来说还是稍微有点沉,再改进一下出个轻点的就更好了[偷笑R][偷笑R][偷笑R] #云鲸s2island[话题]#",./images/mnt/ali-sh-1/usr/lihaitao/process_0106/image/part_71/714178/3180712.jpg
14037,female,31-35,1444932,云鲸s2光辉版和添可stretch plus水渍对比,"买之前网上查了很多博主的试用,包括直播间里提问。 无一例外都说没有水渍,或者说什么什么模式下可以没有水渍,又或者都是俯视角度无法看清地面的水渍。 今天我就把两台机器同时录一下视频,给需要的朋友们看下。 因为在使用过程中我不可能一直仅保持前推方向使用,所以前后推拉是我最日常的状态。 大家自行判断吧,有问题可以评论。看到会解答。 #云鲸s2[话题]# #添可stretch[话题]# #洗地机水渍[话题]#",./images/mnt/ali-sh-1/usr/lihaitao/process_0106/image/part_99/993944/4473804.jpg|./images/mnt/ali-sh-1/usr/lihaitao/process_0106/image/part_99/993944/4473805.jpg|./images/mnt/ali-sh-1/usr/lihaitao/process_0106/image/part_99/993944/4473806.jpg|./images/mnt/ali-sh-1/usr/lihaitao/process_0106/image/part_99/993944/4473807.jpg|./images/mnt/ali-sh-1/usr/lihaitao/process_0106/image/part_99/993944/4473808.jpg|./images/mnt/ali-sh-1/usr/lihaitao/process_0106/image/part_99/993944/4473809.jpg|./images/mnt/ali-sh-1/usr/lihaitao/process_0106/image/part_99/993944/4473810.jpg|./images/mnt/ali-sh-1/usr/lihaitao/process_0106/image/part_99/993944/4473811.jpg
14037,female,31-35,1151116,云鲸S2 Island你用对了么?详细使用教程!,"Hello~~这里是专攻电器的博主,鱼儿的理想生活~~[派对R] 前段时间发了一遍关于“云鲸洗地机S2 Island光辉版”的视频[黄金薯R] 没想到,观看量那么高,[害羞R]大家的留言和私信我都看到了 通过聊天,我发现其实很多用户是头一次接触这种清洁类的电器的 到手可能不知道怎么正确使用[皱眉R] 所以我会持续做一个系列的视频分享一下 今天是第一期,主要讲讲云鲸S2 Island新机拿到手之后应该怎么用[斜眼R] 以及平时使用过程中注意哪些方面可以让我们清洁效率更高~[微笑R] 下一期还会更新一些其他的使用方法并解答粉丝问的比较多的问题 希望我的视频对你使用洗地机有一些小小的帮助 如果喜欢这个视频点个关注吧~~[飞吻R][飞吻R][飞吻R] #洗地机[话题]# #洗地机推荐[话题]# #洗地机测评[话题]# #0缠洗地机[话题]# #洗地机有必要吗[话题]# #洗地机哪个牌子好用[话题]# #云鲸洗地机[话题]# #云鲸S2Island光辉版[话题]# #云鲸自清洁灵动岛[话题]# #云鲸真0缠洗地机[话题]# #云鲸S2光辉版[话题]# #云鲸S2灵动岛[话题]# #云鲸科学清洁双旗舰[话题]# #轻灵洗地机[话题]# #躺平洗地机[话题]# #云鲸S2Island使用教程",./images/mnt/ali-sh-1/usr/lihaitao/process_0106/image/part_83/832524/3746125.jpg|./images/mnt/ali-sh-1/usr/lihaitao/process_0106/image/part_83/832524/3746126.jpg|./images/mnt/ali-sh-1/usr/lihaitao/process_0106/image/part_83/832524/3746127.jpg|./images/mnt/ali-sh-1/usr/lihaitao/process_0106/image/part_83/832524/3746128.jpg|./images/mnt/ali-sh-1/usr/lihaitao/process_0106/image/part_83/832524/3746129.jpg|./images/mnt/ali-sh-1/usr/lihaitao/process_0106/image/part_83/832524/3746130.jpg|./images/mnt/ali-sh-1/usr/lihaitao/process_0106/image/part_83/832524/3746131.jpg|./images/mnt/ali-sh-1/usr/lihaitao/process_0106/image/part_83/832524/3746132.jpg
14037,female,31-35,1296009,"靖王全剧智商最高时刻,差一点就认出了林殊",cr.🎵桃厂经典故事 《琅琊榜》里感觉全剧的人都在忽悠靖王... ﻿#琅琊榜[话题]#﻿ ﻿#捕娱达人计划[话题]#﻿ ﻿#古装剧[话题]#﻿ ﻿#琅琊榜十级观众[话题]#﻿ ﻿#DDO[话题]#﻿ ﻿#古装剧推荐[话题]#﻿ ﻿#母子[话题]#﻿ ﻿#刘敏涛[话题]#﻿ ﻿#情感[话题]#﻿ ﻿#老剧重温[话题]#﻿,
14037,female,31-35,1718418,这么实用的潜水技能你确定不学?😂,"我就说上网能学到东西🥱 只要你做到神不知鬼不觉, 就能畅游整个海底(冒着被buddy打亖的风险😩) 在选择费手和费气之间你会选择哪个?[偷笑R][偷笑R] #一起去潜水[话题]# #水肺潜水[话题]# #深潜[话题]# #潜水员[话题]# #潜水员的日常[话题]# #潜水技能[话题]# #潜水考证[话题]# #潜水入坑指南[话题]# #潜水的快乐加我一个[话题]# #实用小技巧[话题]# #潜水视频[话题]# #潜水搞笑视频[话题]# #最佳损友[话题]# #潜水buddy[话题]#",./images/mnt/ali-sh-1/usr/lihaitao/process_0106/image/part_63/634178/2792062.jpg|./images/mnt/ali-sh-1/usr/lihaitao/process_0106/image/part_63/634178/2792063.jpg|./images/mnt/ali-sh-1/usr/lihaitao/process_0106/image/part_63/634178/2792064.jpg|./images/mnt/ali-sh-1/usr/lihaitao/process_0106/image/part_63/634178/2792065.jpg|./images/mnt/ali-sh-1/usr/lihaitao/process_0106/image/part_63/634178/2792066.jpg|./images/mnt/ali-sh-1/usr/lihaitao/process_0106/image/part_63/634178/2792067.jpg
14037,female,31-35,995319,"合作门店失约接回了这只展示的豹猫,找新家","因合作的宠物店不断的变故,昨日把这只我自主繁育的金豹弟弟接了回来,这只半岁左右的金豹弟弟对于新入手豹猫的朋友而言,绝对的标志且合格,不管你是入门还是进阶,他都可以满足你对孟加拉豹猫的所有幻想,无论是很多人中意的甜甜圈纹也好,抑或是极其强壮的体格也罢,他全部做到了,已经13斤重,且是这种身材和这个年龄下的13斤重,肌肉感不言而喻,还有他的头版,充分的野性美彰显完全与普通豹猫、品种猫区分开,而不是只有豹纹的猫。 最重要的!是他的性格,真的很亲人、随便抱和蹂躏,不用觉得是不是太大了养不熟,不存在,品相又是正值青年完美的时期,不用担心未来长残的风险,品相、性格和健康都好,这才是真正的体验拉满。 #孟加拉豹猫[话题]# #豹猫[话题]# #孟加拉豹猫金豹[话题]#",./images/mnt/ali-sh-1/usr/lihaitao/process_0106/image/part_68/684986/3047507.jpg|./images/mnt/ali-sh-1/usr/lihaitao/process_0106/image/part_68/684986/3047508.jpg
14037,female,31-35,855018,非洲商务舱机票原来也能这么便宜❗️❗️,"💺埃塞俄比亚航空商务舱也有优惠啦!欧洲往返,价格超美丽!😜舒适的座椅,让你感受飞一般的体验。👍还有贴心的服务,让你的旅程更加愉快。😀😀 🤩别再犹豫啦,快来享受这次超值的非洲旅行吧!💖💖 ---------------------- ✈️埃塞俄比亚航空: 🔥ET605 北京 亚的斯亚贝巴 0010 0715 🔥ET637 成都 亚的斯亚贝巴 0210 0640 🔥ET617 广州 亚的斯亚贝巴 0855 1445 🔥ET685 上海 亚的斯亚贝巴 2330 0550+1 🔥ET645 香港 亚的斯亚贝巴 2355 0555+1 ---------------------- 关于我们😁: ✅支持对公账户交易 ✅企业认证账户安全可靠 ✅持有国际航协IATA会员资质 ✅十余年工作经验,24小时一对一服务 ✅主营国际机票、国际机票商务舱/头等舱 PS:所有航线都支持往返哦❗️支持连接国内任意城市❗️买贵退差价❗️其他国际航线请咨询哦,都有特价!!️ #商务舱[话题]# #埃塞俄比亚航空[话题]# #非洲往返[话题]# #非洲往返国内[话题]# #非洲往返机票[话题]# #商务舱机票[话题]# #商务舱头等舱特价机票[话题]# #商务舱折扣[话题]# #怎么买机票便宜[话题]# #国际特价机票[话题]# #国际机票[话题]# #亚的斯亚贝巴回国机票[话题]#",./images/mnt/ali-sh-1/usr/lihaitao/process_0106/image/part_96/962191/4337954.jpg
14037,female,31-35,1038866,炫鱼皮的即视感 感觉她削的好轻松哦🍻,"鱼皮很硬的,还能削的那么快,好专业[点赞R][点赞R]#风浪越大鱼越大[话题]# #捕鱼[话题]# #舌尖上的海洋[话题]# #削鱼皮[话题]# #切海鲜[话题]# #有编制的鱼[话题]#",
14037,female,31-35,993734,真的是为了取篮球?球卡这个位置怎么办?,真的是为了取篮球?球卡这个位置怎么办?#球场迷惑行为[话题]# #球卡住了[话题]# #野球场[话题]# #攀登者[话题]# #不可思议[话题]#,
14037,female,31-35,938843,林志炫时隔11年再唱《没离开过》进步多少?,﻿#林志炫[话题]#﻿ ﻿#唱功对比[话题]#﻿ ﻿#唱功[话题]#﻿ ﻿#学唱歌[话题]#﻿ ﻿#零基础学唱歌[话题]#﻿ ﻿#声乐教学[话题]#﻿ ﻿#声乐[话题]#﻿ ﻿#声乐技巧[话题]#﻿ ﻿#唱歌技巧[话题]#﻿ ﻿#唱歌[话题]#﻿,
14037,female,31-35,1133490,nan,"黄晓明上大学那会儿,颜值就像他的VIP通行证。老师们一脸严肃地盯着这位看起来有点木讷的小鲜肉,三试过后,还在琢磨是要才艺还是要颜值。结果呢?一句“好看的木头”让他顺利入学。这场景可真像电视剧里的搞笑情节。 ​你说,这事儿是不是特别戏剧化?靠长相拿到的offer,总觉得跟我们普通人考四六级一样难以置信。不知道当时那些老师心里有没有想:“反正培养成啥样也得看运气。” ​我身边的人都说外貌是敲门砖,但不能只靠它混饭吃啊。好在人家黄教主后来可是用实力证明了自己,有时候人生就是这么神奇。",
14037,female,31-35,1313070,那个国家对中国人最不友好,#机票[话题]# #机票怎么买便宜[话题]# #机票哪里买便宜[话题]# #回国机票[话题]# #美国回国机票[话题]# #特价机票[话题]# #特价机票攻略[话题]# #巴西机票[话题]# #墨西哥机票[话题]# #国际机票[话题]#,./images/mnt/ali-sh-1/usr/lihaitao/process_0106/image/part_62/621229/2734173.jpg|./images/mnt/ali-sh-1/usr/lihaitao/process_0106/image/part_62/621229/2734174.jpg|./images/mnt/ali-sh-1/usr/lihaitao/process_0106/image/part_62/621229/2734175.jpg|./images/mnt/ali-sh-1/usr/lihaitao/process_0106/image/part_62/621229/2734176.jpg|./images/mnt/ali-sh-1/usr/lihaitao/process_0106/image/part_62/621229/2734177.jpg|./images/mnt/ali-sh-1/usr/lihaitao/process_0106/image/part_62/621229/2734178.jpg
14037,female,31-35,1310739,不要再机场托运行李了,#机票[话题]# #机票怎么买便宜[话题]# #机票哪里买便宜[话题]# #特价机票[话题]# #特价机票攻略[话题]# #国际机票[话题]# #国际机票商务舱[话题]# #回国机票[话题]# #巴西机票[话题]# #墨西哥机票[话题]#,
14037,female,31-35,1496592,"美国往返机票暴跌,东京转机大量现位","只有那些常在中美之间穿梭的朋友们才能深切理解,乘坐14小时以上的经济舱是多么的辛苦[失望R] 不得不忍受漫长的排队[哭惹R] 再加上挤压在狭窄的座位上蜷缩十几个小时[捂脸R] 那么,如何以优惠的价格享受到高奢的服务呢[萌萌哒R] 最优答案无疑是选择在东京转机[斜眼R] ✅优势: 超大包厢式私密空间,舒适度堪比头等[赞R] 24寸4K屏幕,超新电影库,完全不用担心漫长旅途中无聊[哇R] 日料或西餐随吃随点,一风堂拉面一定要记得点超星的日式服务[斜眼R]全程体贴入微[黄金薯R] ✅路线参考 航司:全日空航空ANA/汉莎/卡塔尔/国泰/阿联酋 出发地:纽约,华盛顿,波士顿,西雅图,洛杉矶,旧金山,芝加哥,达拉斯..... 目的地:北上广深,成都重庆,福建杭州,台北香港...... ⚠️可享时段:8月~11月部分日期 官网:27xxx+ 行李直挂 我们价格:1xxxx起 无需签证✅只转一次✅性价比高✅ ⚠️找我预定,最多可做到官网3折,轻松省下大几W[赞R] ✅有需要的宝子直接私信王哥 ✉️发我你的行程+时间,王哥亲自给你安排 让宝子的商务舱之旅不再是梦![派对R] ✅关于王哥: 🌍国际航协IATA认证会员 🌍国际票务一级代理 🌍深耕国际商务舱十年,只讲真话 ✅一手代理,一手出票,专注特价国际机票 ✅可对公转,官网验票,资质齐全,天眼可查 #国际机票怎么买最便宜[话题]# #国际机票[话题]# #国际机票怎么买便宜[话题]# #国际机票商务舱[话题]# #国际机票票务[话题]# #国际机票在哪个app上订比较好[话题]# #国际机票特价[话题]# #国际机票提前多久买最便宜[话题]# …",./images/mnt/ali-sh-1/usr/lihaitao/process_0106/image/part_109/1097228/4920180.jpg|./images/mnt/ali-sh-1/usr/lihaitao/process_0106/image/part_109/1097228/4920181.jpg
14139,female,16-18,905853,〖看不清的何止是抬手〗,#第五人格[话题]#,
14139,female,16-18,1543931,nan,"太美了!没亲眼见过雪不如折一朵雪花吧!❄️ 就算暂时没机会亲眼见到真实的雪花飘落,[哇R]通过折雪花也能感受一下雪花的美!❄️这次用的是15×15cm薄纸,快艾特你最好的朋友帮你折吧!#2024我的兴趣支点[话题]# #兴趣榜样[话题]# #雪花折纸[话题]# #折纸[话题]# @手工薯 #折纸教程[话题]# #我的手工日常[话题]# #手工diy[话题]# #亲子手工[话题]# #你见过2008年的那场大雪吗?[PK]#",./images/mnt/ali-sh-1/usr/lihaitao/process_0106/image/part_101/1019961/4592084.jpg|./images/mnt/ali-sh-1/usr/lihaitao/process_0106/image/part_101/1019961/4592085.jpg|./images/mnt/ali-sh-1/usr/lihaitao/process_0106/image/part_101/1019961/4592086.jpg|./images/mnt/ali-sh-1/usr/lihaitao/process_0106/image/part_101/1019961/4592087.jpg|./images/mnt/ali-sh-1/usr/lihaitao/process_0106/image/part_101/1019961/4592088.jpg|./images/mnt/ali-sh-1/usr/lihaitao/process_0106/image/part_101/1019961/4592089.jpg|./images/mnt/ali-sh-1/usr/lihaitao/process_0106/image/part_101/1019961/4592090.jpg|./images/mnt/ali-sh-1/usr/lihaitao/process_0106/image/part_101/1019961/4592091.jpg
14139,female,16-18,845407,"给朋友们的圣诞节手写圣诞树,请查收!",🎊提前祝大家圣诞节快乐咯🎄🥳 #圣诞节[话题]# #圣诞节圣诞树[话题]# #手写[话题]# #手写圣诞树[话题]# #圣诞节的仪式感[话题]# #手写浪漫[话题]# #暖心祝福[话题]# @小红书创作助手 #小红书成长笔记[话题]#,
14139,female,16-18,1506699,生日收到这本书哭成泪人😭!,"[耶R]小小diy礼物书拿下! 其实是我给朋友送的生日礼物[生日蛋糕R] [礼物R]~ 和朋友不在一个城市,平时也不经常联系,刚好最近她快生日了,送给她这本超治愈的友情漫画绘本[氛围感R]《超想和你做朋友》,想告诉她: 谢谢有你👭🏻 让我的那些困扰的烦恼有了出口[气球R] 收获的喜悦有了分享[彩虹R] 就连稀松平常的事情也变得闪光耀眼[星R]! 你不是随波逐流的朋友🌊 也不是被风吹散的朋友🍃 “我从未见过这么美的太阳[太阳R]” 你知道的,其实我是想说: 你是我永不消失的朋友[两颗心R]!! 💌书里还带了手写小卡片,卡片上的每句话都能和书里的故事对应上,也太有心意和创意了叭✨! 🎀还有DIY友生四格相片夹、手写好朋友心愿兑换券、友情光影胶片、合拍透卡、能种出植物朋友的种子纸......这收到得多感动🥹~ 好期待她收到礼物的那天啊🥰!! #礼物推荐[话题]# #创意礼物[话题]# #闺蜜礼物[话题]# #仪式感礼物[话题]# #女生礼物[话题]# #圣诞节礼物[话题]# #闺蜜生日礼物[话题]# #走心礼物[话题]##生日礼物[话题]# #生日礼物推荐[话题]#",
14139,female,16-18,1041969,啊啊啊啊啊啊我的胸针卡纸终于做出来啦!,好喜欢!!!还差一个外包装就可以给大家上啦~ 我先狠狠期待住了[哇R]冰箱贴也会一起上! #记录吧就现在[话题]# #胸针[话题]# #蝴蝶[话题]# #胸针小众[话题]# #胸针推荐[话题]# #蝴蝶元素[话题]# #蝴蝶冰箱贴[话题]#,
14139,female,16-18,1365692,🎄圣诞树to签来啦!快get起来!,"倒计时一个月到今年圣诞节啦~ 新一版圣诞to签写好啦~(文案来源@音画构成 ) 可帮写,fo优先[飞吻R],名字id要在三字以内哦~ #手写[话题]# #圣诞树[话题]# #圣诞节[话题]# #板写[话题]# #手写文案[话题]#",./images/mnt/ali-sh-1/usr/lihaitao/process_0106/image/part_56/565320/2466877.jpg
14139,female,16-18,828925,低成本圣诞节礼物🎄❤️为可爱买单,聪明的宝子已经在准备圣诞礼物了吧! 新品!圣诞小画像钥匙扣来咯~ 我爱红配绿哈哈! . . 画画|手工|圣诞礼物|手绘头像 #圣诞[话题]# #圣诞的打开方式[话题]# #圣诞礼物指南[话题]# #提前被圣诞的浪漫包围[话题]# #和沙拉酱一起画画[话题]# #手绘[话题]##头像分享[话题]# #漫画头像[话题]# @画画薯 @手工薯 #手绘头像[话题]# #创意礼物[话题]#,./images/mnt/ali-sh-1/usr/lihaitao/process_0106/image/part_99/994352/4475440.jpg|./images/mnt/ali-sh-1/usr/lihaitao/process_0106/image/part_99/994352/4475441.jpg|./images/mnt/ali-sh-1/usr/lihaitao/process_0106/image/part_99/994352/4475442.jpg|./images/mnt/ali-sh-1/usr/lihaitao/process_0106/image/part_99/994352/4475443.jpg|./images/mnt/ali-sh-1/usr/lihaitao/process_0106/image/part_99/994352/4475444.jpg|./images/mnt/ali-sh-1/usr/lihaitao/process_0106/image/part_99/994352/4475445.jpg|./images/mnt/ali-sh-1/usr/lihaitao/process_0106/image/part_99/994352/4475446.jpg
14139,female,16-18,1670593,大家圣诞节都送啥礼物呀!?️,"我想找点既好看又实用的东西,预算大概在100元以内。有没有啥好主意能拯救一下我这个选择困难症患者?谢谢~🥹🥹🥹 🎁已经准备好了,非常期待这天的到来!🎄你们可以右滑参考下哦 #礼物推荐[话题]# #小众礼物[话题]# #圣诞礼物指南[话题]# #圣诞礼物推荐[话题]# #圣诞节礼物[话题]# #圣诞礼物[话题]# #节日礼物礼盒[话题]# #好物分享[话题]# #圣诞的打开方式[话题]# #礼物送女生[话题]#",./images/mnt/ali-sh-1/usr/lihaitao/process_0106/image/part_64/640543/2825662.jpg|./images/mnt/ali-sh-1/usr/lihaitao/process_0106/image/part_64/640543/2825663.jpg|./images/mnt/ali-sh-1/usr/lihaitao/process_0106/image/part_64/640543/2825664.jpg|./images/mnt/ali-sh-1/usr/lihaitao/process_0106/image/part_64/640543/2825665.jpg|./images/mnt/ali-sh-1/usr/lihaitao/process_0106/image/part_64/640543/2825666.jpg|./images/mnt/ali-sh-1/usr/lihaitao/process_0106/image/part_64/640543/2825667.jpg|./images/mnt/ali-sh-1/usr/lihaitao/process_0106/image/part_64/640543/2825668.jpg
14139,female,16-18,1562485,新季节面具搭配发型一览(下),#光遇龙骨[话题]# #光遇[话题]##光遇测试服[话题]##光遇新季节[话题]#,
14139,female,16-18,1143594,也算是让我学会了,[得意R] #圣诞树编绳[话题]# #编绳[话题]# #编绳挂件[话题]#,./images/mnt/ali-sh-1/usr/lihaitao/process_0106/image/part_96/968679/4365853.jpg|./images/mnt/ali-sh-1/usr/lihaitao/process_0106/image/part_96/968679/4365854.jpg
14139,female,16-18,1723686,快让好姐妹给你写|圣诞树🎄,礼投作品自己保存哦!你留我写#圣诞树[话题]# #to签无偿[话题]# #to签[话题]# #to签瘾犯了[话题]# #求to签[话题]# #手绘圣诞树[话题]# #给爱的人做一棵圣诞树[话题]# #圣诞树祝福语[话题]#,
14139,female,16-18,1180053,圣诞树🎄to签许愿|🌈,你留我写#圣诞的打开方式[话题]# #手绘圣诞树[话题]# #圣诞节[话题]# #to签[话题]# #to签瘾犯了[话题]# #to签无偿[话题]# #求to签什么圈的都可以[话题]# #圣诞树[话题]# #圣诞树装饰[话题]# #to签手写祝福[话题]#,./images/mnt/ali-sh-1/usr/lihaitao/process_0106/image/part_56/568177/2483625.jpg
14139,female,16-18,1631122,我好想你,#alienstage[话题]##ivti[话题]##异形舞台[话题]#,
14139,female,16-18,959113,"至此,爱终于刻骨",#异形舞台[话题]# #AlienStage[话题]# #ivan[话题]# #till[话题]# #ivti[话题]# #ivti金婚[话题]# #round3[话题]# #round6[话题]#,./images/mnt/ali-sh-1/usr/lihaitao/process_0106/image/part_58/581617/2552307.jpg|./images/mnt/ali-sh-1/usr/lihaitao/process_0106/image/part_58/581617/2552308.jpg|./images/mnt/ali-sh-1/usr/lihaitao/process_0106/image/part_58/581617/2552309.jpg|./images/mnt/ali-sh-1/usr/lihaitao/process_0106/image/part_58/581617/2552310.jpg|./images/mnt/ali-sh-1/usr/lihaitao/process_0106/image/part_58/581617/2552311.jpg|./images/mnt/ali-sh-1/usr/lihaitao/process_0106/image/part_58/581617/2552312.jpg|./images/mnt/ali-sh-1/usr/lihaitao/process_0106/image/part_58/581617/2552313.jpg|./images/mnt/ali-sh-1/usr/lihaitao/process_0106/image/part_58/581617/2552314.jpg
14139,female,16-18,1676659,谢谢你 我淡淡感情的受害者,听音乐觉得很适配就搞了 就这个黑白爽! #alienstage[话题]# #ivti[话题]# #异形舞台[话题]# #ivan[话题]# #till[话题]#,
14139,female,16-18,1672792,最后一吻,#异形舞台[话题]# #Ivan[话题]# #till[话题]#,./images/mnt/ali-sh-1/usr/lihaitao/process_0106/image/part_61/611885/2691397.jpg|./images/mnt/ali-sh-1/usr/lihaitao/process_0106/image/part_61/611885/2691398.jpg|./images/mnt/ali-sh-1/usr/lihaitao/process_0106/image/part_61/611885/2691399.jpg|./images/mnt/ali-sh-1/usr/lihaitao/process_0106/image/part_61/611885/2691400.jpg|./images/mnt/ali-sh-1/usr/lihaitao/process_0106/image/part_61/611885/2691401.jpg|./images/mnt/ali-sh-1/usr/lihaitao/process_0106/image/part_61/611885/2691402.jpg|./images/mnt/ali-sh-1/usr/lihaitao/process_0106/image/part_61/611885/2691403.jpg|./images/mnt/ali-sh-1/usr/lihaitao/process_0106/image/part_61/611885/2691404.jpg
14139,female,16-18,839479,【AlienStage | ivti】像江水般在你身边流淌,#ivti[话题]# #异形舞台[话题]# #ALIENSTAG[话题]# #ivan[话题]# #till[话题]# 很喜欢中间 于是乎加了雷雨声和轻吻中弹倒地各种音效 大眼被炸了 自割腿肉 随缘吃口饭就上天台了 禁二改 阿b也许更高清 放评论区了,./images/mnt/ali-sh-1/usr/lihaitao/process_0106/image/part_77/774756/3471989.jpg
14139,female,16-18,1698751,【Alien Stage/ivti】这就是坠入爱河的感觉,#异形舞台[话题]##alienstage[话题]# #till[话题]# #Ivan[话题]# #ivti[话题]# #异形舞台till[话题]# #异形舞台Ivan[话题]#,
14139,female,16-18,1670293,Ocean Eyes|用你看向我的眼眸 将我饮尽,"异形大舞台,想寡你就来 结尾有彩蛋 #alienstage[话题]# #ALIENSTAGE[话题]# #异形舞台[话题]# #vivinos[话题]# #ivti[话题]##till[话题]# #ivan[话题]# #救一下啊[话题]#",./images/mnt/ali-sh-1/usr/lihaitao/process_0106/image/part_85/854518/3843363.jpg
14150,female,19-22,1637442,请牵起我的手,#美化圈[话题]# #ai[话题]# #头像会[话题]# #漫截[话题]# #买断[话题]# #可爱头像[话题]# #头像分享[话题]# #可爱情侣头像[话题]# #可爱双人头像[话题]# #ai漫截[话题]#,./images/mnt/ali-sh-1/usr/lihaitao/process_0106/image/part_63/638937/2815849.jpg|./images/mnt/ali-sh-1/usr/lihaitao/process_0106/image/part_63/638937/2815850.jpg
14150,female,19-22,1078490,≥^⦁𖥦⦁^≤,None,
14150,female,19-22,978097,nan,None,
14150,female,19-22,1146634,:い た だ き ま す ♡ ° ·🍴,今日预览qwq 喜欢的宝宝s我进断👗呀🫧 每日更新🍥 不定时掉落各种福利(*≧ω≦)#ai[话题]# #头像分享[话题]# #买断[话题]# #来自星星的艺术家[话题]#,./images/mnt/ali-sh-1/usr/lihaitao/process_0106/image/part_75/755143/3384620.jpg|./images/mnt/ali-sh-1/usr/lihaitao/process_0106/image/part_75/755143/3384621.jpg|./images/mnt/ali-sh-1/usr/lihaitao/process_0106/image/part_75/755143/3384622.jpg|./images/mnt/ali-sh-1/usr/lihaitao/process_0106/image/part_75/755143/3384623.jpg|./images/mnt/ali-sh-1/usr/lihaitao/process_0106/image/part_75/755143/3384624.jpg
14150,female,19-22,1354048,下学一起走,#美化圈[话题]# #ai漫截[话题]# #头像会[话题]# #可爱情侣头像[话题]# #可爱头像[话题]# #情头[话题]#,./images/mnt/ali-sh-1/usr/lihaitao/process_0106/image/part_74/740389/3319116.jpg
14150,female,19-22,1180588,伤心小狗拯救世界,#美化圈[话题]# #漫截[话题]# #ai漫截[话题]# #男漫[话题]# #头像分享[话题]# #买断[话题]#,
14150,female,19-22,1330250,篆书书法集字作品,"有喜欢篆书的吗?篆书笔法相对比较简单,但要多练! 图一:云水风度,松柏气节 图二:鸟啼花放,山静云闲 图三:流水无意,落花有声 图四:会心今古远,放眼天地宽 图五:立节可为千载道,成文自足一家言",
14150,female,19-22,1075103,"光而不耀,静水流深 邓石如篆书集字","光而不耀,静水流深 ——春秋·老子《道德经·第五十八章》 #我的书法分享[话题]# #今日书法练习[话题]# #自学书法[话题]# #篆书[话题]# #邓石如[话题]# #老子[话题]# #道德经[话题]# #书法练习打卡[话题]# #写字是一种生活[话题]#",
14150,female,19-22,824662,旧作篆书小品“吉祥如意”等,#篆书[话题]# #书法[话题]# #我的书法分享[话题]# #,./images/mnt/ali-sh-1/usr/lihaitao/process_0106/image/part_82/823667/3706911.jpg|./images/mnt/ali-sh-1/usr/lihaitao/process_0106/image/part_82/823667/3706912.jpg|./images/mnt/ali-sh-1/usr/lihaitao/process_0106/image/part_82/823667/3706913.jpg
14150,female,19-22,1932722,杨老师吴让之篆书创作材料,"#书法高考[话题]# #山东省书法统考[话题]# 篆书古诗词100首上册,51首五言古诗,有需要的朋友可以私聊我",./images/mnt/ali-sh-1/usr/lihaitao/process_0106/image/part_91/915490/4123974.jpg|./images/mnt/ali-sh-1/usr/lihaitao/process_0106/image/part_91/915490/4123975.jpg
14150,female,19-22,1575563,nan,答案之书📖秒回版[偷笑R][偷笑R][偷笑R] 1-390给我任意数字[偷笑R][偷笑R][偷笑R] 我来给您答案[偷笑R][偷笑R][偷笑R] #答案之书[话题]# #读书笔记[话题]# #读书[话题]# #我会被文字打动[话题]# #每日分享[话题]# #今日分享[话题]# #好书[话题]# #分享好书[话题]# #记录美好[话题]# #心灵成长[话题]# #经典好书推荐[话题]# #读书书摘[话题]# #阅读[话题]# #心灵疗愈[话题]#,./images/mnt/ali-sh-1/usr/lihaitao/process_0106/image/part_57/571142/2501404.jpg
14150,female,19-22,1648925,头像可爱版ʕ ᴖᴥᴖ ʔ,sayeのshare 一些颜文字分割线文案: + ̊ ⊹ ☁️ + . ̊🫧 ⊹ 🤍 +◟🐾 + + 🐼 . ⊹ 🎼 + ̊ ⊹ .+ 🕸️ ++ 🪦 . ̊☠️ ⊹ . ̊ ̊. 🎐 𓈒𓏸 ⊹🌫️ ̊+🎧 ⟡ .+ + + 💉 ̊.. 🩹 ⊹💭 .+ ⊹⛓️ ̊ . ✉️ . + ⛓️‍💥 ˖ ⊹ + . 🍧 ̊+ ⊹ 🍥 + + 🍰 . ˖ -ˋˏ 🧀 ̊+ ‧ 🥪 ++ ⊹ 🌭 + ̊ + ̊ ౿ 🎬 ̊. + 🛒 + . 🎤. ⊹ . ̊ ˖ 🔪 +. ❤️‍🩹 ˖ ⊹ 🐈‍⬛ ̊. ⊹ 🗻 ̇+ ⛩️ + + .🎏 ・.。 ̊+🦴+ ⊹ 🐈 ̊+ 💬 ☆ . ̊ ⊹.+ 🩰 ⋆。゚🎀 + ̊⊹ 🛍️ ︎〰︎ ̊. ̊. +🎶 ̊+ 📓 . ˖ 📰 ⊹ . ̊ ⟡ ̊. ⊹ 🖇️ + +🔗 ̊⁎ + 📎 ੭ + ̊ + ̊ .🪩 ⊹ 🩶 * +〰️ ˖ . ̊ #分享每一天[话题]# #可爱女生头像[话题]# #可爱微信头像[话题]# #头像分享[话题]# #头像推荐[话题]#,./images/mnt/ali-sh-1/usr/lihaitao/process_0106/image/part_100/1006946/4533129.jpg|./images/mnt/ali-sh-1/usr/lihaitao/process_0106/image/part_100/1006946/4533130.jpg|./images/mnt/ali-sh-1/usr/lihaitao/process_0106/image/part_100/1006946/4533131.jpg|./images/mnt/ali-sh-1/usr/lihaitao/process_0106/image/part_100/1006946/4533132.jpg|./images/mnt/ali-sh-1/usr/lihaitao/process_0106/image/part_100/1006946/4533133.jpg|./images/mnt/ali-sh-1/usr/lihaitao/process_0106/image/part_100/1006946/4533134.jpg
14150,female,19-22,1399297,可以做艺术 但是没必要,园林景观平面图设计#马克笔上色[话题]# #设计手绘[话题]##园林[话题]#,./images/mnt/ali-sh-1/usr/lihaitao/process_0106/image/part_107/1076119/4832375.jpg|./images/mnt/ali-sh-1/usr/lihaitao/process_0106/image/part_107/1076119/4832376.jpg|./images/mnt/ali-sh-1/usr/lihaitao/process_0106/image/part_107/1076119/4832377.jpg
14150,female,19-22,1285028,要不要正畸正颌,"#华西正颌[话题]# #地包天[话题]# 我太纠结了 不做犹豫的地方: 1.最大的问题是钱,如果去正畸就要花完自己攒的钱,日子紧巴巴的 ,有必要因为这个问题花这么多钱。 2.其次是担心,后遗症,后期需要医美维护吗?我是一点也不想花一分钱在医美上,不想自己陷入恶性循环,我正颌的目的就是让自己正常,健康,舒心,如果因为做这个手术让我陷入另一种陷阱,那得不偿失。 3.看到小红书有个姐妹骨性3级,掩饰性正畸效果挺好的,不知道自己怎么样,我心太大了,我当时在华西的所有检查我都没带走,等着医生给我出方案,我连自己有多严重几级我都不知道,下次去面诊聊方案问问。 4.我开始鼓气勇气和身边朋友聊这个问题,问朋友们的意见,他们居然告诉我不知道我是地包天,不知道我脸型有什么问题,以为正常人就这样,甚至有个朋友以为我牙一直比她好多了(她瞎,没有参考价值),我又在想我到底严不严重啊,真的有必要做吗? 想做的理由也很多 1.钱赚来就是花的,现在不做老了后悔想做,那还是要做。趁年轻,我现在26.5岁,可能没做手术,钱也会以不同形式大手大脚花完,在这个消费主义时代 2.想拥有正常人的面部,我也怕咬合一直有问题,影响我的健康,我的关节已经开始有一点痛,咬合是有问题的,我担心以后越来越严重。 3.我的自拍能找角度接受,不找角度的自拍我也能接受,但是他拍太惨不忍睹了,青春期因为外貌问题更严重自卑,现在好多了,但是还是一点点吧。 4.如果掩饰性正畸,以后就不能正颌了,怕自己后悔,我觉得我正颌以后应该不会后悔,但是我掩饰性正畸后就可能会是后悔的。 5.十年前我妈带我去掩饰性正畸的时候我就拒绝了,当时拥有先见之明的我知道…",
14150,female,19-22,1463242,和岭的1000个情头(20/1000),#情头[话题]##漫头[话题]#,./images/mnt/ali-sh-1/usr/lihaitao/process_0106/image/part_81/816815/3676619.jpg
14150,female,19-22,865244,失焦相册,#procreate绘画[话题]# #黑白[话题]# #头像分享[话题]# #摸鱼[话题]#,
14150,female,19-22,1709059,公开摸鱼,"btd老婆们,我的免费可广塌塌会,大杂烩,欢迎老婆们进来玩,更多可看其他作品底图是奇思喵想扭蛋#塌塌[话题]# #可广[话题]# #摸鱼[话题]# #摸鱼水印[话题]#",./images/mnt/ali-sh-1/usr/lihaitao/process_0106/image/part_77/778229/3487323.jpg|./images/mnt/ali-sh-1/usr/lihaitao/process_0106/image/part_77/778229/3487324.jpg|./images/mnt/ali-sh-1/usr/lihaitao/process_0106/image/part_77/778229/3487325.jpg|./images/mnt/ali-sh-1/usr/lihaitao/process_0106/image/part_77/778229/3487326.jpg
14150,female,19-22,1674969,茜又回归巅峰了!这次的jk校园情头太好看了,奇思喵想 小情侣也太甜了 好喜欢 👍🍎啾宝宝 喜欢的宝宝吨吨 #原创头像[话题]# #原创圈[话题]# #动漫头像[话题]# #情头[话题]# #情侣头像[话题]# #动漫情头[话题]# #情头扭蛋[话题]# #扭蛋[话题]# #头像约稿[话题]# #我的日常[话题]#,
14150,female,19-22,1211850,一对,#边角料[话题]# #来自星星的艺术家[话题]# #审美积累[话题]#,./images/mnt/ali-sh-1/usr/lihaitao/process_0106/image/part_82/823371/3705661.jpg
14150,female,19-22,1534997,25届考研|河北工业大学景观设计手绘模板ing,"河北工业大学环境艺术设计考研备考同学们的手绘模板准备如何了?如果还没有好,就快来看看图优优的手绘模板定制吧💎! 🎏图优优的手绘模板定制 💖手绘模板定制流程清晰 💖考研手绘高分教师创作出稿 💖手绘示范录制视频 💖群内不限量手绘答疑 📯📯📯 本次带来的是24届河北工业大学景观设计考研手绘模板。本幅手绘使用了折线设计,绿植相互映衬,共同构建了一处放松身心的公园。 ﻿@图优优艺术设计考研 ﻿@T图优优设计考研 ﻿#河北工业大学[话题]#﻿ ﻿#河北工业大学艺术设计考研[话题]#﻿ ﻿#河北工业大学景观设计考研[话题]#﻿ ﻿#环境艺术设计考研[话题]#﻿ ﻿#景观设计考研手绘[话题]#﻿ ﻿#考研手绘模板定制[话题]#﻿ ﻿#红薯自习室[话题]#﻿ ﻿#红薯地学霸速集合[话题]#﻿ ﻿#我是考研过来人[话题]#﻿",./images/mnt/ali-sh-1/usr/lihaitao/process_0106/image/part_57/576289/2527194.jpg
14456,female,26-30,1945872,小🐤冷帽最最最最最最最最后一次补货!!,家人们!又降温了! 小🐤冷帽全色艰难补货了! 大概是最后一次补货!抓紧! #雪怪超市[话题]# #滑雪[话题]# #冷帽[话题]#,./images/mnt/ali-sh-1/usr/lihaitao/process_0106/image/part_111/1116813/5002398.jpg|./images/mnt/ali-sh-1/usr/lihaitao/process_0106/image/part_111/1116813/5002399.jpg|./images/mnt/ali-sh-1/usr/lihaitao/process_0106/image/part_111/1116813/5002400.jpg|./images/mnt/ali-sh-1/usr/lihaitao/process_0106/image/part_111/1116813/5002401.jpg|./images/mnt/ali-sh-1/usr/lihaitao/process_0106/image/part_111/1116813/5002402.jpg|./images/mnt/ali-sh-1/usr/lihaitao/process_0106/image/part_111/1116813/5002403.jpg|./images/mnt/ali-sh-1/usr/lihaitao/process_0106/image/part_111/1116813/5002404.jpg|./images/mnt/ali-sh-1/usr/lihaitao/process_0106/image/part_111/1116813/5002405.jpg
14456,female,26-30,1269071,爆单了!爆单了!全色预售已上!陆续发货,"抱歉大家,现货又没撑住!最近爆单啦!基本全色现货都没了[笑哭R]预售一周左右! —-------------------- 全新升级小鸡冷帽2.0帽形升级,针织更密实,质感加倍,保暖凹造型两不误! 刺绣升级,更厚实更立体,搭配绝佳单品! 来个小鸡冷帽,包显眼的! #冷帽[话题]# #冷帽推荐[话题]# #冷帽穿搭[话题]# #雪怪超市[话题]# #秋冬穿搭推荐[话题]# #温暖秋冬动起来[话题]# #滑雪[话题]# #秋游出片指南[话题]# #潮流胶囊衣橱[话题]# #1年1度购物狂欢[话题]#",./images/mnt/ali-sh-1/usr/lihaitao/process_0106/image/part_94/944407/4258263.jpg|./images/mnt/ali-sh-1/usr/lihaitao/process_0106/image/part_94/944407/4258264.jpg|./images/mnt/ali-sh-1/usr/lihaitao/process_0106/image/part_94/944407/4258265.jpg|./images/mnt/ali-sh-1/usr/lihaitao/process_0106/image/part_94/944407/4258266.jpg|./images/mnt/ali-sh-1/usr/lihaitao/process_0106/image/part_94/944407/4258267.jpg|./images/mnt/ali-sh-1/usr/lihaitao/process_0106/image/part_94/944407/4258268.jpg|./images/mnt/ali-sh-1/usr/lihaitao/process_0106/image/part_94/944407/4258269.jpg|./images/mnt/ali-sh-1/usr/lihaitao/process_0106/image/part_94/944407/4258270.jpg
14456,female,26-30,1623205,音频纯享版,"听力考试正式开始,请考生根据音频内容进行填空[微笑R] 现在已经到了光听声音就知道进行到哪了#凯蔚[话题]# #caitvi[话题]#",./images/mnt/ali-sh-1/usr/lihaitao/process_0106/image/part_111/1116178/4999659.jpg
14456,female,26-30,1305454,"太辣了,我斯哈斯哈",#凯特琳[话题]##双城之战动画第二季[话题]# #凯蔚[话题]##蔚凯[话题]#,
14456,female,26-30,1564872,凯特琳,#皮城女警[话题]# #凯特琳[话题]# #双城之战动画第二季[话题]#,
14456,female,26-30,1499867,nan,"比毛衣还好穿,穿上脱不下来#摇粒绒[话题]# #外套[话题]# #摇粒绒穿搭[话题]# #摇粒绒厚外套[话题]# #夹克外套[话题]# #百搭外套[话题]#",./images/mnt/ali-sh-1/usr/lihaitao/process_0106/image/part_72/722827/3227651.jpg
14456,female,26-30,1673546,用531训练计划的友友来讨论一下,四周以后你们要重新调整TM吗?四周以后换辅助动作吗?#见人不如健身[话题]# #力量训练[话题]# #健身[话题]#,./images/mnt/ali-sh-1/usr/lihaitao/process_0106/image/part_83/830438/3736774.jpg|./images/mnt/ali-sh-1/usr/lihaitao/process_0106/image/part_83/830438/3736775.jpg
14456,female,26-30,1518147,能用二十年的力量训练计划!,"#笔记灵感[话题]# 最近在学习531训练法,正在亲身实践中 卧推为例:目前最大完成重量60kg 3次 图中数据均为个人数据及训练安排 期待一个月周期训练的变化.#力量训练[话题]# #训练计划[话题]#",./images/mnt/ali-sh-1/usr/lihaitao/process_0106/image/part_83/834844/3756382.jpg
14456,female,26-30,1545490,531增力训练计划,"531训练法包含两个要素,分别是力量训练和周期性安排。力量训练主要练的是四大项,深蹲、硬拉、卧推和实力推举。而周期计划是指它是以一周为一个小周期,四周为一个大周期,通过不断的增减负荷,有效增加身体的力量。那么531计划要如何执行呢?首先要测试出四大项,真实的1rm,要求动作不能扭曲变形,一定是自己独自完成的重量,比如卧推一定要出胸,深蹲也一定是全蹲,如果觉得测试极限重量比较危险,也可以使用这个公式,就是1+0.033乘以次数,再乘以使用的重量。就比如我可以用80kg卧推推起12次,通过公式算出我的卧推极限重量在110kg左右(1+0.033x12)x80=110。知道了极限重量,我们还要算一下自己的训练最大重量,在最大重量的85%~90%这个区间进行训练的效果最好。所以在531的计划当中,所有的重量标准用的并不是极限重量RM,而是训练最大重量TM来表示。以我刚才的卧推为例,TM就是最大重量的90%。基于训练最大重量去训练,可以有效避免过快的进入瓶颈期,同时还能减少伤病的风险。下面我们就进入最重要的部分设计训练内容。假设我们每周训练四次,安排主项训练时一定不要将深蹲和硬拉日连续安排,因为会动用同样的机群,影响训练的效果。然后我们来看每日的训练计划,这里以卧推为例,每天针对主项我们只需要进行三组的训练,重量和次数有增有减之后,再进行每天的辅助训练。在第一周的第一组中,我们用的是65%的TM,以我个人为例,就是刚才得出的训练最大重量乘以65%需要做5次,第二组和第三组分别是75%和85%。不同的是,在第一周的第三组,我们需要做5次以上。也就是说最少要做6次,而且是拼尽全力去做,然后根…",./images/mnt/ali-sh-1/usr/lihaitao/process_0106/image/part_72/726529/3248894.jpg|./images/mnt/ali-sh-1/usr/lihaitao/process_0106/image/part_72/726529/3248895.jpg|./images/mnt/ali-sh-1/usr/lihaitao/process_0106/image/part_72/726529/3248896.jpg
14456,female,26-30,1066764,"531力量提升计划,增加你的一次最大重量","5/3/1这个训练计划是由世界顶级力量举选手jim wendler发明的,他曾是一名大学橄榄球运动员和力量举运动员。他能够深蹲超过1000磅,三大项总和2375磅。 他试图开发一种训练计划,通过一些简单的方式来帮助有经验的或者新手力量举选手来提升能力,他的名言是“训练和生活都应该保持原则” 531这个训练计划由2个小周期组成,每个周期分别由4周。在我们的场馆计划中,我们将每周进行2次力量训练,再配合1次奥林匹克举重和3-4次的体操和代谢训练。 #crossfit[话题]# #健身[话题]# #力量训练[话题]# #健身干货[话题]# #功能性训练[话题]# @CrossFit MOO @CrossFit Moo运动社区",
14456,female,26-30,1387954,刘雨昕现身嘉兴烟雨楼!喊粉丝一齐来打卡!,"顶流出道的女歌手现身嘉兴南湖烟雨楼 据粉丝介绍,她之前有一首歌《守望者》 里面有一句歌词就是唱南湖 歌颂先辈的 这次也是因为粉丝们打趣她的名字粤语念出来 跟“烟雨楼”同音 才推荐她来打卡! 没想到自家偶像执行力这么高✌️(‘ω’)✌️ 工作室最新视频喊话粉丝们来烟雨楼打卡 楼楼也在这里欢迎全国各地的雨伞们来嘉兴! #嘉兴[话题]# #刘雨昕[话题]# #刘雨昕打卡烟雨楼[话题]# #刘雨昕嘉兴[话题]# #跟着明星游嘉兴[话题]#",
14456,female,26-30,1275862,"姐们,收敛一下",#caitvi[话题]# #凯薇[话题]#,
14456,female,26-30,872318,"秋季扫街,用高智感穿搭!","在时尚圈里,每一季的风格总是在不断地变换,而本季最鲜明的潮流趋势便是 #高智感穿搭[话题]#。这种风格指一种通过穿搭氛围传达高级智慧感的风格,通常与简洁、精致、高级、干练等关键词联系到一起。与其说高智感是一种穿搭的固定方式,不如说是一种穿搭的感觉。 高智感穿搭有几个关键要素:极简设计、素雅配色、舒适面料。简约低调之中藏着各种细节之处的看点,由内而外散发着高级的气息。不妨跟随我们的秋季 #LVR大片[话题]# 一起,探索 #Chloe[话题]#,#carven[话题]#,#driesvannoten[话题]#,#khaite[话题]# 等众多品牌的24秋冬新品,发现本季高智感穿搭灵感,打造你的质感衣橱。 在 #LuisaViaRoma[话题]# 一站入手全球时尚好物。 #LVR[话题]# #LVR推荐[话题]# #秋季穿搭[话题]# #高智感[话题]# #高智感cleanfit穿搭[话题]#",./images/mnt/ali-sh-1/usr/lihaitao/process_0106/image/part_111/1118621/5009576.jpg|./images/mnt/ali-sh-1/usr/lihaitao/process_0106/image/part_111/1118621/5009577.jpg|./images/mnt/ali-sh-1/usr/lihaitao/process_0106/image/part_111/1118621/5009578.jpg
14456,female,26-30,882260,终于下手了!刘雨昕同款毛衣🔫我真的好爱,﻿#刘雨昕[话题]#﻿ ﻿#刘雨昕同款[话题]#﻿ ﻿#跟着明星学穿搭[话题]#﻿ ﻿#明星同款[话题]#﻿ ﻿#明星私服[话题]#﻿ ﻿#明星穿搭[话题]#﻿ ﻿#毛衣[话题]#﻿ ﻿#秋冬毛衣[话题]#﻿ ﻿#绿色穿搭[话题]#﻿ ﻿#时髦精[话题]#﻿ #,./images/mnt/ali-sh-1/usr/lihaitao/process_0106/image/part_69/695061/3093761.jpg|./images/mnt/ali-sh-1/usr/lihaitao/process_0106/image/part_69/695061/3093762.jpg|./images/mnt/ali-sh-1/usr/lihaitao/process_0106/image/part_69/695061/3093763.jpg|./images/mnt/ali-sh-1/usr/lihaitao/process_0106/image/part_69/695061/3093764.jpg|./images/mnt/ali-sh-1/usr/lihaitao/process_0106/image/part_69/695061/3093765.jpg
14456,female,26-30,952335,nan,#刘雨昕[话题]# 大眼萌妹,
14456,female,26-30,1540014,懂得都懂,#双城之战[话题]# #双城之战蔚[话题]# #Vi[话题]#,
14456,female,26-30,1679648,快被官方笑死,"看到凯蔚金塞四人混战的时候,弹幕飘过一个“铁t大战”也是让我爆笑如雷了 (b站弹幕很有意思,但删减很严重,看不了凯蔚亲嘴😭 #双城之战[话题]# #英雄联盟[话题]# #英雄联盟双城之战[话题]# #英雄联盟双城之战第二季[话题]# #凯蔚[话题]# #Netflix[话题]#",
14456,female,26-30,1556776,蔚在开车?,#英雄联盟[话题]# #英雄联盟双城之战[话题]#,./images/mnt/ali-sh-1/usr/lihaitao/process_0106/image/part_82/829383/3732269.jpg
14456,female,26-30,858204,蔚在酒吧听到了凯特琳的名字(上),"即使整日沉溺于酒精和拳击,蔚也会时不时听到那个大人物的名字,说她如何与安倍萨相互勾结、狼狈为奸,说她在底城安扎了多少驻兵,又剪除了多少金克丝的党羽。但她始终没有得到最想要的东西——她无论如此都抓不住金克丝。 蔚知道底城绝不会主动把金克丝交出去,更何况,现在的金克丝已经成了许多人的精神领袖。没有确切的线索,对面就算把祖安翻个底朝天也无济于事。 蔚靠在糊满脏报纸的墙边,手胡乱地往身旁的酒瓶堆里摸索。神通广大的指挥官,竟然也会有办不到的事情啊。想到凯特琳独自在办公室焦头烂额的模样,她嘲弄地笑了笑,随即又垂下眼睛。她以为凯特琳的痛苦会让她产生报复的快感,即使对方冷血绝情,至少自己还有让她分心的能力。但恰恰相反,每当想到凯特琳皱眉的样子,她都好想再摸一摸那张脸,看她因为自己的抚摸而展开拧结的眉角,哪怕一次也好。 但她们已经结束了,而她甚至不知道这能不能称为分手。 这些日子,她时常会回想起她们的最后一次见面,一切都如阴影笼罩着她。她想起满墙的涂鸦和金克丝看向自己的眼神,她想起那个拼死保护金克丝的孩子,她还想起凯特琳离开时的背影,就在自己用最卑微的姿态挽留她之后。 她不记得自己最后是怎么离开的,也不记得距那时已经过了多久。她只知道被凯特琳一枪托撞裂的旧伤又结了层新痂,丑陋的伤痕蜿蜒在腹部,被她用厚厚的绷带缠了一圈又一圈。 她摸到一个似乎还有剩酒的瓶子,往嘴里倒去,却一滴都没有喝到。 “我本来有机会的。”凯特琳说。蔚把空酒瓶扔到一旁,可要是没有我站在你那边,你连见到她影子的机会都没有!哦,该死,她当时就应该这么吼回去的。蔚恨恨地吐出一口气。她晃了晃另一个酒瓶,依旧是空的。 还有她们的那个吻,到…",
14456,female,26-30,1338518,Kirammountain...undercity...,"我要笑疯了,x上网友都是天才😭😭 #caitvi[话题]# #caitvi大做特做[话题]#",
14460,female,16-18,1621018,妈妈你把高中的我养的很好,"走读的小女孩每天晚上回家都可以吃到妈咪准备的宵夜,感觉一天的戾气和不开心不如意都在食物的温暖包裹中被消除了。 #我的家人[话题]# #家人[话题]# #原生家庭[话题]# #妈妈[话题]# #高中[话题]# #夜宵[话题]# #回家[话题]# #幸福[话题]# #走读[话题]# #高中走读[话题]#",./images/mnt/ali-sh-1/usr/lihaitao/process_0106/image/part_108/1086758/4876269.jpg|./images/mnt/ali-sh-1/usr/lihaitao/process_0106/image/part_108/1086758/4876270.jpg|./images/mnt/ali-sh-1/usr/lihaitao/process_0106/image/part_108/1086758/4876271.jpg|./images/mnt/ali-sh-1/usr/lihaitao/process_0106/image/part_108/1086758/4876272.jpg|./images/mnt/ali-sh-1/usr/lihaitao/process_0106/image/part_108/1086758/4876273.jpg|./images/mnt/ali-sh-1/usr/lihaitao/process_0106/image/part_108/1086758/4876274.jpg|./images/mnt/ali-sh-1/usr/lihaitao/process_0106/image/part_108/1086758/4876275.jpg|./images/mnt/ali-sh-1/usr/lihaitao/process_0106/image/part_108/1086758/4876276.jpg
14460,female,16-18,1722248,"珍,毛茸茸",珍并不好惹..... #兔子秀珍[话题]# #暹罗厘普[话题]# #秀珍全世界最好的兔子[话题]#,
14460,female,16-18,1708502,🎀⸝⸝一起来看鼠鼠的打包日记( ͈̆ ᴗ ͈̆♡),好萌[哇R]开始打包啦!一起期待鼠鼠回家~ #弗兰多[话题]# #鼠鼠[话题]# #美乐蒂和她的好朋友[话题]# #挂件[话题]# #可爱[话题]# #这也太可爱了吧[话题]# #萌[话题]# #可爱小物[话题]#,./images/mnt/ali-sh-1/usr/lihaitao/process_0106/image/part_71/710375/3163714.jpg|./images/mnt/ali-sh-1/usr/lihaitao/process_0106/image/part_71/710375/3163715.jpg|./images/mnt/ali-sh-1/usr/lihaitao/process_0106/image/part_71/710375/3163716.jpg|./images/mnt/ali-sh-1/usr/lihaitao/process_0106/image/part_71/710375/3163717.jpg|./images/mnt/ali-sh-1/usr/lihaitao/process_0106/image/part_71/710375/3163718.jpg|./images/mnt/ali-sh-1/usr/lihaitao/process_0106/image/part_71/710375/3163719.jpg
14460,female,16-18,1551720,画成这样可以接稿吗,我的自学一周厚涂进步史 画成这样可以接稿了吗[哭惹R],
14460,female,16-18,1116219,熊..是一颗圆润的大福...,#解压[话题]# #捏捏[话题]# #233_ih的捏捏频道[话题]# #自嘲熊[话题]#,./images/mnt/ali-sh-1/usr/lihaitao/process_0106/image/part_107/1073352/4820923.jpg|./images/mnt/ali-sh-1/usr/lihaitao/process_0106/image/part_107/1073352/4820924.jpg|./images/mnt/ali-sh-1/usr/lihaitao/process_0106/image/part_107/1073352/4820925.jpg|./images/mnt/ali-sh-1/usr/lihaitao/process_0106/image/part_107/1073352/4820926.jpg
14460,female,16-18,1470885,阿米必拍小甜歌🎵,#防弹少年团[话题]# #bts[话题]# #ilikeitpt2[话题]##阿米[话题]##army[话题]# TATA大王驾到,
14460,female,16-18,1603376,QQ店老板的崩溃😂😂,网友们正经事是一点也不干啊[笑哭R][笑哭R][笑哭R] 买两对能挂火车外壁上逃票吗?哈哈哈哈哈哈哈 看到最后真的是笑发财了[笑哭R][笑哭R][笑哭R] #真的好好笑[话题]# #对不起但是真的好好笑[话题]# #好好笑[话题]#,
14460,female,16-18,1150989,酷儿饼 13🥕,双层的 #捏捏乐[话题]# #酷儿捏捏[话题]# #酷儿[话题]##捏捏[话题]##手工[话题]#,
14460,female,16-18,1246098,脸脸 吃之前你也没说你是空心的呀,#好利来[话题]# #goodbai好利来[话题]# #goodbai[话题]# 🎄的味道 很神奇 (真的是神奇),
14460,female,16-18,1267961,!?️超绝滞空感Dance Break🐈‍,最爱的一集#REDDANCE[话题]# #REDANCE[话题]# #解锁body猫系摇摆[话题]# @才艺薯 (滞空感说的是这个舞本身的滞空感我很喜欢[派对R]),
14460,female,16-18,1033132,🍎这个头发卷的有进步!,None,
14460,female,16-18,904653,圣诞要艾特对方一起跳哦!,#圣诞节手势舞[话题]# #Le[话题]# #韩系姐姐[话题]#,
14460,female,16-18,1250395,最近拍了好多大头贴,[害羞R],
14460,female,16-18,1064760,🍎⸝⸝꙳unboxing📦红苹果核笔袋✨,这次的新品笔袋开箱来啦! 内附打腮红教程 已入手的宝宝们请注意查看✨ #笔袋[话题]# #笔袋安利[话题]# #笔袋分享[话题]# #笔袋介绍[话题]# #文创[话题]# #文具[话题]# #文具安利[话题]# #开箱[话题]# #我的开箱日常[话题]# #日稚商店[话题]#,./images/mnt/ali-sh-1/usr/lihaitao/process_0106/image/part_89/898635/4050185.jpg|./images/mnt/ali-sh-1/usr/lihaitao/process_0106/image/part_89/898635/4050186.jpg|./images/mnt/ali-sh-1/usr/lihaitao/process_0106/image/part_89/898635/4050187.jpg|./images/mnt/ali-sh-1/usr/lihaitao/process_0106/image/part_89/898635/4050188.jpg|./images/mnt/ali-sh-1/usr/lihaitao/process_0106/image/part_89/898635/4050189.jpg|./images/mnt/ali-sh-1/usr/lihaitao/process_0106/image/part_89/898635/4050190.jpg|./images/mnt/ali-sh-1/usr/lihaitao/process_0106/image/part_89/898635/4050191.jpg|./images/mnt/ali-sh-1/usr/lihaitao/process_0106/image/part_89/898635/4050192.jpg
14460,female,16-18,1050825,"摄影课作业,厌食症",#食物与情绪[话题]# #审美提升[话题]# #审美[话题]# #灵感[话题]# #创作灵感[话题]# #小众审美[话题]# #黑白摄影[话题]# #来自星星的艺术[话题]#,./images/mnt/ali-sh-1/usr/lihaitao/process_0106/image/part_97/977914/4405671.jpg|./images/mnt/ali-sh-1/usr/lihaitao/process_0106/image/part_97/977914/4405672.jpg|./images/mnt/ali-sh-1/usr/lihaitao/process_0106/image/part_97/977914/4405673.jpg|./images/mnt/ali-sh-1/usr/lihaitao/process_0106/image/part_97/977914/4405674.jpg|./images/mnt/ali-sh-1/usr/lihaitao/process_0106/image/part_97/977914/4405675.jpg
14460,female,16-18,1084263,终于盘开了!!!啊啊啊啊!!,菠萝家的小开真的又砸又揉!!终于变成我喜欢的模样了[赞R]#吃凤梨的菠萝[话题]# #小开同款长饭团[话题]#,
14460,female,16-18,1216599,duang~duang~duang,#记录吧就现在[话题]# #我的手工日常[话题]# #解压玩具捏捏乐[话题]# #硅胶捏捏乐[话题]# #手感贼好的捏捏推荐[话题]#,./images/mnt/ali-sh-1/usr/lihaitao/process_0106/image/part_61/613987/2701038.jpg|./images/mnt/ali-sh-1/usr/lihaitao/process_0106/image/part_61/613987/2701039.jpg
14460,female,16-18,993315,啊是自嘲熊•ᴥ•,携熊提前过圣诞节啦🎄 熊红扑扑是脸庞#萌物[话题]# #自嘲熊捏捏[话题]# #大人也要玩玩具[话题]# #手工[话题]#,./images/mnt/ali-sh-1/usr/lihaitao/process_0106/image/part_59/592202/2600380.jpg|./images/mnt/ali-sh-1/usr/lihaitao/process_0106/image/part_59/592202/2600381.jpg
14460,female,16-18,1061270,七周年纪念日吃顿漂亮饭🥂火象和土象的日常,"恋爱的七周年&结婚的一周年纪念日 稳步迈入第八年的阶段 老夫老妻也要来吃一顿漂亮饭🥂❤️ 火象和土象的爱情大概主打的是永远是彼此最好的朋友,永远都有聊不完的话题,永远有满满的倾诉欲。 来猜猜谁是土象谁是火象? #恋爱周年纪念日[话题]# #结婚纪念日[话题]# #生活需要仪式感[话题]# #我和好朋友的日常[话题]# #我的生活搭子[话题]# #浪漫惊喜[话题]# #深圳约会餐厅[话题]# #finedining[话题]# #约会穿搭[话题]# #深圳周末去哪儿[话题]#",./images/mnt/ali-sh-1/usr/lihaitao/process_0106/image/part_112/1123655/5030397.jpg
14460,female,16-18,789852,🫲🏻(⑉• × •⑉)🫱🏻,🫱🏻:🏛☆: 存档新日常🐰 #氛围感[话题]# #来拍照了[话题]# #我的日常[话题]# #头像[话题]#,
14717,female,23-25,1981167,nan,"牦牛生病了,牧民背回家看病 #记录牧区真实生活[话题]# #牧民生活[话题]# #牧区日常[话题]# #记录牧区自然风景[话题]#",
14717,female,23-25,919336,"被亲妈说:不要好,又胖..这个脸像蛤蟆一样....","然后我就疯狂减肥!瘦了60斤了!开始学化妆!尝试各种风格!做自己的大女主!所以宝贝们不要焦虑,我之前那样的都可以慢慢变好!俺们一起加油一起💪努力!#妆前妆后反差[话题]# #无滤镜化妆[话题]# #原相机妆容[话题]# #变美逆袭[话题]# #化妆[话题]# #痘痘[话题]# #油痘肌[话题]# #变瘦变美变好看[话题]# #逆袭[话题]# #自信[话题]#",
14717,female,23-25,1123695,原相机录制泰式千金妆容教程 完整版,三分钟解锁一个妆容 实用又高级 #妆容教程[话题]# #千金妆[话题]# #泰妆[话题]# #新娘[话题]# #妆容分享[话题]# #厦门XS美学[话题]# @小红书视频号 @小红书成长笔记 @小红书成长助手,
14717,female,23-25,1697575,这样的新娘妆容你学会了吗,#新娘婚礼跟妆[话题]# #婚礼妆容造型[话题]# #妆容分享[话题]#,
14717,female,23-25,1236470,小樱法杖,#道具[话题]# #魔卡少女樱[话题]# 手艺还在提升[哇R],./images/mnt/ali-sh-1/usr/lihaitao/process_0106/image/part_103/1037529/4666382.jpg
14717,female,23-25,1066226,永远会被新中式妆容折服🍵,#东方三缘色[话题]# #新中式[话题]##没事儿也化妆[话题]##妆容分享[话题]##今日妆容[话题]# @小红书视频号 @美妆薯#新中式[话题]# #新中式妆容[话题]#,
14717,female,23-25,966202,喜欢芭比粉的快来!!,#我的口红日记[话题]# #无滤镜口红试色[话题]# #唇釉试色[话题]# #宝宝辅食[话题]#,
14717,female,23-25,1475703,避雷这个眉笔❌它画线条实在是太细了❗️,"画线条眉就靠它了,极细线条眉笔#线条眉[话题]# #线条眉画法[话题]# #线条眉教程[话题]# #画眉[话题]# #画眉教程[话题]# #画眉手残党必备[话题]# #零基础学画眉[话题]# #眉笔[话题]# #眉笔推荐[话题]# #眉笔分享[话题]# #眉笔推荐平价[话题]# #眉笔推荐好用[话题]# #平价眉笔[话题]# #好用的眉笔[话题]# #周小又眉笔[话题]#",
14717,female,23-25,1414501,这就是传说中的罗小黑的妹妹。,#黑煤球[话题]# #充满智慧的眼神[话题]# #一一只是黑猫[话题]# #小黑猫[话题]# #黑猫都一样[话题]# #猫的眼神有杀气[话题]# #别人家的猫咪[话题]# #可爱猫咪[话题]# #英短纯黑[话题]# #有趣的猫咪[话题]#,./images/mnt/ali-sh-1/usr/lihaitao/process_0106/image/part_111/1118619/5009572.jpg|./images/mnt/ali-sh-1/usr/lihaitao/process_0106/image/part_111/1118619/5009573.jpg
14717,female,23-25,1492516,万元化妆师分享的底妆不卡粉小技巧!,"新手还不会化妆的看这期,纯干货教你四分钟快速出门精致裸妆!!收藏学起来咱们一起变漂亮!!! #新手化妆[话题]# #淡妆[话题]# #化妆教学[话题]# #妆容分享[话题]#",
14717,female,23-25,1568222,孩子特别爱看电视怎么办?,上一秒还在挣扎下一秒看到电视立马乖了 会近视吗? #白猫萌丑受害小组[话题]# #孩子教育[话题]# #我有一个小问题[话题]# #,
14717,female,23-25,873154,小石榴,#亲手晒美甲[话题]# #分享美甲[话题]# #日常美甲[话题]# #美甲[话题]# #高级美甲[话题]# #自己做美甲[话题]# #猫眼美甲[话题]# #玻璃珠猫眼[话题]##冬天美甲[话题]##琉璃猫眼美甲[话题]#,
14717,female,23-25,1106445,圆脸~万能减龄淡妆公式,淡人淡妆~眼珠珠也要选择适合自己滴~分享几款适配度超高的眼珠子! ————————— 海俪恩#墩墩灰[话题]# 高光较为显色 但是很融瞳 过渡自然 深瞳也不担心 适合日常轻混血妆容~ 海俪恩##汤圆黑[话题]# 温柔低调的一款 雾蓝色很有气质 眼神瞬间温柔有光泽感~ 海俪恩##果赖棕[话题]# 上眼秒变琥珀瞳 自然扩瞳 提亮眼神光 很喜欢!! 适合淡颜 伪素颜 学生党早八素颜完全ok~ 海俪恩##胖达灰[话题]# 微微混血 水光感满满 上眼慵懒少女感~ ————————— 苏械广审(文)第260126-10630号 请仔细阅读说明书或在医务人员的指导下购买和使用 禁忌内容或者注意事项详见说明书;该产品用于无禁忌症患者 #圆脸妆容[话题]##妆容分享[话题]##日常妆容打卡[话题]##万能淡妆公式[话题]##气质妆容[话题]##美妆[话题]##美瞳日抛推荐[话题]##海俪恩美瞳[话题]##海俪恩萌宠兔狲[话题]##海俪恩萌宠熊猫[话题]##美瞳分享[话题]##自然美瞳[话题]#,
14717,female,23-25,807700,"前后对比,美如天成",#我的美妆分享[话题]# #化妆[话题]# #化妆师[话题]# #补妆[话题]#,
14717,female,23-25,1449532,易梦玲同款头饰搭配新中式简直要封神了!!,#大衣[话题]# #订婚[话题]# #结婚[话题]# #新娘造型[话题]# #敬酒服[话题]# #易梦玲同款[话题]# #黄金[话题]#,
14717,female,23-25,1737337,人类可以无聊到什么程度(四),小狗勇闯美妆界🤭 姨姨们觉得会不会成功呢!?️ #博美[话题]# #狗狗[话题]# #超级无敌无敌可爱博美犬[话题]# #宠物日常[话题]# #小狗[话题]# @宠物薯,./images/mnt/ali-sh-1/usr/lihaitao/process_0106/image/part_60/606462/2665769.jpg
14717,female,23-25,1569546,nan,None,
14717,female,23-25,1462445,妆教来咯🍃中式莹润感 圆脸显贵气最优解𓂃,#东方三缘色[话题]# #玉容气色妆[话题]##今日妆容[话题]##日常妆[话题]##新手化妆教程[话题]# #妆容分享[话题]# #我的美妆分享[话题]#,
14717,female,23-25,1252884,🌸 逆风如解意 容易莫摧残,今年春天的旧图 实在是太爱这组了 #狗狗写真[话题]# #女孩子就要多拍照[话题]# #我家宠物好可爱[话题]# #桃花拍照[话题]# #我和我的狗[话题]# #和狗狗合影[话题]# #宠物穿搭[话题]# #黄磊老师[话题]#,
14717,female,23-25,787636,原来成功人都是会说话会接话的表达高手🏆,"#大大方方做自己[话题]# @演讲教练卢威 63天打卡训练营,很多人都来了 🔰心中有模板,脑中有结构,只要发言,张口就来 🕗每天10分钟练口才,63天之后你会惊艳所有人 🗣️巴菲特说:要学会演讲。这是一项可以持续使用五六十年的资产如果你不喜欢演讲,就要承受五六十年的损失。 🌻 马云说:如果你不会说话,你的人生就是十分耕耘一分收获。如果你学会说话,就是一分耕耘十分收获。 💋学会当众讲话,提升表达影响力! 😘只要你发出声音,就会有粉丝,有追随者! 🎉加入63天计划,让改变从此刻发生... #口才训练[话题]# #成功者的思维方式[话题]# #个人成长提升[话题]# #自我提升[话题]# #语言[话题]# #卢威老师无界演说[话题]# #表达能力提升训练[话题]# #演讲与口才训练[话题]# #高情商聊天技巧[话题]# @薯队长 @安全薯 @薯店长 @演讲教练卢威",
14739,female,23-25,1590749,爽!转单转不出去 我直接全退了,本来想留着转给需要的人 等了挺久了没人 我直接退了 好爽#恋与深空[话题]# #台历[话题]#,./images/mnt/ali-sh-1/usr/lihaitao/process_0106/image/part_100/1006493/4530728.jpg
14739,female,23-25,1345108,出出垃圾箱谷,"均价5r,5点🍞,游5,默认中古#谷子出物回血[话题]# #垃圾箱[话题]# #谷子开箱[话题]#",./images/mnt/ali-sh-1/usr/lihaitao/process_0106/image/part_73/730943/3274107.jpg|./images/mnt/ali-sh-1/usr/lihaitao/process_0106/image/part_73/730943/3274108.jpg|./images/mnt/ali-sh-1/usr/lihaitao/process_0106/image/part_73/730943/3274109.jpg|./images/mnt/ali-sh-1/usr/lihaitao/process_0106/image/part_73/730943/3274110.jpg|./images/mnt/ali-sh-1/usr/lihaitao/process_0106/image/part_73/730943/3274111.jpg|./images/mnt/ali-sh-1/usr/lihaitao/process_0106/image/part_73/730943/3274112.jpg|./images/mnt/ali-sh-1/usr/lihaitao/process_0106/image/part_73/730943/3274113.jpg|./images/mnt/ali-sh-1/usr/lihaitao/process_0106/image/part_73/730943/3274114.jpg
14739,female,23-25,859685,点击即看未定叔叔超绝诈骗谷,伟大生煎包这宣传图和实物真的是同一个吗啊啊啊啊美死了#陆景和[话题]# #未定事件簿[话题]# #小红书谷子大赏[话题]#,./images/mnt/ali-sh-1/usr/lihaitao/process_0106/image/part_79/794491/3561358.jpg|./images/mnt/ali-sh-1/usr/lihaitao/process_0106/image/part_79/794491/3561359.jpg
14739,female,23-25,999183,哈尔滨的二次元有福了!,"【墟弥情报站 | 跨次元相册】 还有人不知道墟弥Goods哈尔滨中央大街店开业了吗!!![暗中观察R] 在谷子的包围中旋转跳跃不停歇,这么多心水之物幸福感马上就要溢出来了! 让我们一起看看墟弥Goods哈尔滨中央大街店的开业图片吧~ 专属于萌友们的幸福小秘籍,来墟弥Goods一键揭晓! ⏰营业时间 周一至周四:9:00——21:00 周五至周日:9:30——21:30 🏠店铺地址 墟弥Goods哈尔滨中央大街店:哈尔滨市松雷何所有中央大街店一层A09墟弥Goods #墟弥Goods[话题]# #二次元[话题]##哈尔滨谷子店[话题]##谷子[话题]##吃谷[话题]##哈尔滨探店[话题]#",./images/mnt/ali-sh-1/usr/lihaitao/process_0106/image/part_86/861254/3874143.jpg|./images/mnt/ali-sh-1/usr/lihaitao/process_0106/image/part_86/861254/3874144.jpg|./images/mnt/ali-sh-1/usr/lihaitao/process_0106/image/part_86/861254/3874145.jpg|./images/mnt/ali-sh-1/usr/lihaitao/process_0106/image/part_86/861254/3874146.jpg|./images/mnt/ali-sh-1/usr/lihaitao/process_0106/image/part_86/861254/3874147.jpg
14739,female,23-25,1026367,三福球球了😅别再玩抽象了...,"三福今年的帽子这两根辫子是想干啥[笑哭R][笑哭R]搞笑的很,今年都这么抽象吗!?️#搞笑[话题]# #帽子[话题]# #平价配饰分享[话题]#",./images/mnt/ali-sh-1/usr/lihaitao/process_0106/image/part_81/810541/3649259.jpg|./images/mnt/ali-sh-1/usr/lihaitao/process_0106/image/part_81/810541/3649260.jpg|./images/mnt/ali-sh-1/usr/lihaitao/process_0106/image/part_81/810541/3649261.jpg|./images/mnt/ali-sh-1/usr/lihaitao/process_0106/image/part_81/810541/3649262.jpg|./images/mnt/ali-sh-1/usr/lihaitao/process_0106/image/part_81/810541/3649263.jpg|./images/mnt/ali-sh-1/usr/lihaitao/process_0106/image/part_81/810541/3649264.jpg|./images/mnt/ali-sh-1/usr/lihaitao/process_0106/image/part_81/810541/3649265.jpg|./images/mnt/ali-sh-1/usr/lihaitao/process_0106/image/part_81/810541/3649266.jpg
14739,female,23-25,1162943,11.27更新ins | 龙看到粉丝p的图了,黑X上的万赞热帖被翻牌了[得意R] 龙:非常惶恐震惊!😱 #权志龙[话题]# #权志龙ins更新[话题]# #gd[话题]#,
14739,female,23-25,1095749,全部都6米一个!!,"中古垃圾箱,有没有老师感兴趣的,真的便宜出了#谷子出物回血[话题]# #切煤[话题]# #月歌[话题]##咒术回战[话题]#",./images/mnt/ali-sh-1/usr/lihaitao/process_0106/image/part_105/1051352/4724280.jpg|./images/mnt/ali-sh-1/usr/lihaitao/process_0106/image/part_105/1051352/4724281.jpg|./images/mnt/ali-sh-1/usr/lihaitao/process_0106/image/part_105/1051352/4724282.jpg
14739,female,23-25,1254724,一回宿舍就看到,有点不知道该说什么😢该说他卡的严实还是该说这个纳米胶粘性不好呢#明日方舟[话题]# #明日方舟通行证[话题]#,
14739,female,23-25,1325936,50🍞福袋,"50🍞福袋(除海南新疆) 三编:停出。已经遇到好几个收货退款,甚至差评仅退款的了,心力交瘁。。我每份福袋都能保证价值100+ ,但是想着50🍞能拆到稀有海景的是不是也太离谱了点。。 还有倒卖的,50收福袋转手120出,还不包邮,那我内蒙古发货还包邮的算什么??(没错主要是因为邮费破防了[哭惹R][哭惹R]) 二编:鬼灭剩的还能出两个不挑角色福袋,东京复仇者能出2-3个不挑角色福袋(大部分是千冬),咒回一个,剩下就是音游福袋了。因为最近出的太多有点挑不过来,所以26号之后下单的老师可能30号左右才有时间包。现在已不支持选角色 半夜刷小🍠看的手痒痒,也想搞浮袋玩玩!均日谷,基本吧唧和纸片制品,没有橡胶,因为我不太喜欢软胶的质感所以从来没买过 图片算是自证?(我不知道怎么说,反正就是证明我食量比较大,坑多,因为长居日本所以全是日谷,保正,但是福袋不一定会有图上的东西,大概就是这个意思) 保证好价,肯定比海鲜低,保值不保烫,有的谷子可能有瑕,基本算送的 拍前联系我许愿IP哦 关于点数: 许愿IP鬼灭,咒回,文野,排球,蓝锁,黑篮,间谍过家家,名侦探柯南,音游(催眠麦克风,偶像梦幻祭,a3,草莓王子,歌王,爱娜娜等)海贼王,火影忍者,我推的孩子,五等分的花嫁:20点左右,吧唧8点+ 许愿以上IP个别角色: [爆炸R][爆炸R]现在已不支持选角色[爆炸R][爆炸R] 促销IP:刀剑乱舞,音游(偶像梦幻祭,爱娜娜,歌王等)30+点50🍞!!!老师们快来刺刺[飞吻R][飞吻R] 抱歉plq被禁了回不了,请老师们sx[哭惹R] 保值不保烫,有的谷子可能有瑕,70-80%都是许愿IP #文豪野犬[…",
14739,female,23-25,889407,恋与深空根本出不掉!,None,./images/mnt/ali-sh-1/usr/lihaitao/process_0106/image/part_61/619966/2728441.jpg
14739,female,23-25,993875,一堆不知道ip的小纸片求科普,顺便都出 #日谷[话题]# #谷子出物回血[话题]# #切煤[话题]#,
14739,female,23-25,1589370,疑似纯正谷子垃圾箱...,一眼望去都是不知道什么东西 扔在海关好几天懒得申报[哭惹R][哭惹R][哭惹R][哭惹R] 不知道当时为了什么切的救命🆘 #煤炉[话题]# #谷子出物回血[话题]#,./images/mnt/ali-sh-1/usr/lihaitao/process_0106/image/part_67/678836/3019220.jpg|./images/mnt/ali-sh-1/usr/lihaitao/process_0106/image/part_67/678836/3019221.jpg|./images/mnt/ali-sh-1/usr/lihaitao/process_0106/image/part_67/678836/3019222.jpg
14739,female,23-25,1586110,nan,"推推我的代切老师目前45汇无任何费用 煤炉代切有一定的时间啦,整理一下自己做煤炉来的一些经验和宝子们常有的疑问。 1 汇率是多少?怎么算的呀? 目前是45汇(长期45汇,实时汇率都已经48啦) 计算公式:本体价X0.045+国际邮费+国内邮费=最终到手价格 2 邮递的形式?邮费? 一般采用性价比最高的拼邮方式。国际邮费100g10米,国内一般一票就是10米哟。(小东西可以囤到量再一起邮回) 3 能否帮忙留言砍价? yes!!!不收费! 4 能否帮忙囤货? yes!!!3个月免费囤货 5先切在付可以吗? 第一次需要先米在切,后面切熟了就可以先切在米拉!(ps:避免有些恶意切完不要的,真的很心累~) 6 具体返图的流程是什么样的呀? 切下就返sold图,yhm发出之后岛内会有返图,回到国内后返平铺图哦 7 为什么要选择你? 可以承诺切不成秒退,物流问题导致的可以包赔! 还有许多问题没有办法全部整理出,当然关于我自己必须要自夸一下~完全是亲力亲为,1V1的进行对接,我觉得宝子们可以蹲一蹲我hhhhh #谷子拼团[话题]# #煤炉代切[话题]##五条悟[话题]##日本物流[话题]# #代切[话题]##拼团[话题]##谷子出物回血[话题]#",
14739,female,23-25,991164,11.13平铺(补),#谷子出物回血[话题]# #日谷[话题]#,./images/mnt/ali-sh-1/usr/lihaitao/process_0106/image/part_105/1056830/4747445.jpg|./images/mnt/ali-sh-1/usr/lihaitao/process_0106/image/part_105/1056830/4747446.jpg|./images/mnt/ali-sh-1/usr/lihaitao/process_0106/image/part_105/1056830/4747447.jpg|./images/mnt/ali-sh-1/usr/lihaitao/process_0106/image/part_105/1056830/4747448.jpg|./images/mnt/ali-sh-1/usr/lihaitao/process_0106/image/part_105/1056830/4747449.jpg|./images/mnt/ali-sh-1/usr/lihaitao/process_0106/image/part_105/1056830/4747450.jpg
14739,female,23-25,1678077,路过哈尔滨!!哈西!!别忘了打包啊!!!,"哈西万达竟然也开紫光园同款奶皮子酸奶了 奶皮厚厚一层,浓郁好吃😭 3.9r一个的热巴同款酸奶疙瘩 还有麦麦没钱也要吃的奶皮子🥹 各种奶制品都有 我这个奶制品脑袋真是闭眼入... #哈尔滨[话题]##奶皮子酸奶[话题]##紫光园奶皮子酸奶[话题]##平价美食[话题]# #走街串巷找美食[话题]##哈尔滨美食[话题]#",./images/mnt/ali-sh-1/usr/lihaitao/process_0106/image/part_64/647014/2864109.jpg|./images/mnt/ali-sh-1/usr/lihaitao/process_0106/image/part_64/647014/2864110.jpg|./images/mnt/ali-sh-1/usr/lihaitao/process_0106/image/part_64/647014/2864111.jpg|./images/mnt/ali-sh-1/usr/lihaitao/process_0106/image/part_64/647014/2864112.jpg|./images/mnt/ali-sh-1/usr/lihaitao/process_0106/image/part_64/647014/2864113.jpg|./images/mnt/ali-sh-1/usr/lihaitao/process_0106/image/part_64/647014/2864114.jpg|./images/mnt/ali-sh-1/usr/lihaitao/process_0106/image/part_64/647014/2864115.jpg|./images/mnt/ali-sh-1/usr/lihaitao/process_0106/image/part_64/647014/2864116.jpg
14739,female,23-25,992107,奇趣坊最新活动,"奇趣坊购物袋回收计划 1-凡是把奇趣坊蓝色袋子完整拿回来,每两个可以抵1元(每人最多可以抵10个袋子) 2-结款时出示之前购物袋作为抵扣(未出示视为没有/弃权) 3-时间仅限2024年11.30-12.1号两天!!! 最终解释权归奇趣坊所有#哈尔滨谷子店[话题]# #哈尔滨谷子[话题]# #奇趣坊[话题]#",./images/mnt/ali-sh-1/usr/lihaitao/process_0106/image/part_109/1097195/4920022.jpg
14739,female,23-25,1611202,全场3r 满50包邮,"多带优先,不包状态,默认中古#出谷[话题]# 已经标记的已出",./images/mnt/ali-sh-1/usr/lihaitao/process_0106/image/part_80/807098/3633998.jpg|./images/mnt/ali-sh-1/usr/lihaitao/process_0106/image/part_80/807098/3633999.jpg|./images/mnt/ali-sh-1/usr/lihaitao/process_0106/image/part_80/807098/3634000.jpg
14739,female,23-25,867932,➗夏目 斑 吧唧,500r包非偏远 或者200k500捆不可挑 #夏目友人帐[话题]# #夏目贵志[话题]# #出物回血[话题]#,./images/mnt/ali-sh-1/usr/lihaitao/process_0106/image/part_67/675412/3003670.jpg|./images/mnt/ali-sh-1/usr/lihaitao/process_0106/image/part_67/675412/3003671.jpg
14739,female,23-25,900699,➗ 吧唧 纸片 立牌 10r/1,"全部10r/1 想要哪个私 满50包非偏远 状态默认中古,第一张余量 没满非偏远邮费8r #出物回血[话题]# #偶像梦幻祭[话题]# #东京复仇者[话题]# #idolish7[话题]# #黑子的篮球[话题]#",./images/mnt/ali-sh-1/usr/lihaitao/process_0106/image/part_70/702807/3129064.jpg|./images/mnt/ali-sh-1/usr/lihaitao/process_0106/image/part_70/702807/3129065.jpg|./images/mnt/ali-sh-1/usr/lihaitao/process_0106/image/part_70/702807/3129066.jpg|./images/mnt/ali-sh-1/usr/lihaitao/process_0106/image/part_70/702807/3129067.jpg|./images/mnt/ali-sh-1/usr/lihaitao/process_0106/image/part_70/702807/3129068.jpg
14739,female,23-25,1536739,➗ 吧唧 纸片 20r/1,"全部20r/1 想要哪个私 满50包非偏远 状态默认中古,第一张余量 没满非偏远邮费8r #出物回血[话题]# #偶像梦幻祭[话题]# #钻石王牌[话题]# #坂本日常[话题]# #富豪刑事[话题]#",
15067,female,23-25,1579260,logistic回归预测模型|预测公式,"这个预测公式是固定的吗[扶墙R] 1是分子,1+exp(-Z)是分母吗 求解答55[失望R] #研0[话题]# #研0焦虑[话题]# #护理[话题]#",./images/mnt/ali-sh-1/usr/lihaitao/process_0106/image/part_94/944174/4257036.jpg
15067,female,23-25,1646265,求救🔥logit逻辑回归结果到底怎么看啊?,"逻辑回归的结果需要关注以下三个方面: (1)模型似然比检验结果 (2)Hosmer-Lemeshaw拟合度检验结果 (3)回归系数以及OR值解释与分析。 笔记中通过一个案例已经解释了以上三个方面怎么看。 [蹲后续H][蹲后续H]如果大家还是有不会的,我们提供数据分析、问卷代填、调整数据 [赞R][赞R]三线表+文字描述,让你一眼看懂分析报告,需要滴滴~ #spss统计分析[话题]# #实证分析[话题]# #问卷互填[话题]# ##问卷[话题]# #逻辑回归[话题]# #spss统计分析[话题]# #spss[话题]# #spss数据分析[话题]# #spss问卷分析[话题]# #spss回归分析[话题]#",./images/mnt/ali-sh-1/usr/lihaitao/process_0106/image/part_93/935986/4214095.jpg|./images/mnt/ali-sh-1/usr/lihaitao/process_0106/image/part_93/935986/4214096.jpg|./images/mnt/ali-sh-1/usr/lihaitao/process_0106/image/part_93/935986/4214097.jpg|./images/mnt/ali-sh-1/usr/lihaitao/process_0106/image/part_93/935986/4214098.jpg
15067,female,23-25,1311287,导师:有被你这个回归分析总结惊艳到,"😀今天帮大家总结了本硕实证分析中常用的十五个回归分析模型 🌼无论是各行业数据还是问卷调查数据,大家都可以结合自己的数据类型选择适合的模型 🌳回归分析方法如下: 线性回归 逻辑回归 多项式回归 岭回归 套索回归 弹性网回归 逐步回归 泊松回归 COX比例风险模型 多分类logistics回归 有序logistics回归 条件logistics回归 贝叶斯回归 分位数回归 广义估计方程 ❗以上模型的SPSS输出我也会,如果有小伙伴想学哪个模型,可以说,我可以专门出几篇笔记完整阐述分析过程 😀需要图片中的表格总结也可以说 #数据分析[话题]# #spss统计分析[话题]# #回归分析[话题]# #SPSS问卷分析[话题]# #线性回归[话题]# @小红书成长笔记 @小红书创作学院 @薯队长",./images/mnt/ali-sh-1/usr/lihaitao/process_0106/image/part_60/608329/2674695.jpg|./images/mnt/ali-sh-1/usr/lihaitao/process_0106/image/part_60/608329/2674696.jpg|./images/mnt/ali-sh-1/usr/lihaitao/process_0106/image/part_60/608329/2674697.jpg|./images/mnt/ali-sh-1/usr/lihaitao/process_0106/image/part_60/608329/2674698.jpg
15067,female,23-25,1378046,医院硕士毕业神技能-机器学习,"如图,这是一篇frontiers in Neuroscience的配图 今天介绍它的流程图 这项工作通过机器学习模型预测卒中患者的预后风险,具体流程如下: 数据收集:研究从2017年至2019年收集了768例卒中患者的数据。 排除标准:在数据预处理过程中,依据以下排除标准剔除了部分病例: (1) 临床信息不全; (2) 患有严重器官功能障碍的患者; (3) 辅助检查不充分; (4) 随访时间不足1年; (5) 意识障碍和严重失语的患者。 排除上述不符合标准的病例后,最终纳入了645例患者用于分析。 分组:将645例患者按7:3的比例随机分为训练组和验证组。训练组用于模型的训练,验证组用于模型的内部验证。 特征筛选:在训练组中,使用单变量和多变量逻辑回归分析,筛选出独立风险因子,并将这些因子纳入最终模型。 模型建立与训练:在训练组中建立了多种机器学习模型,包括: 随机森林 (RF) 朴素贝叶斯模型 (NBC) 决策树 (DT) 极限梯度提升 (XGB) 梯度提升机 (GBM) 逻辑回归 (LR) 使用10折交叉验证对每个模型进行训练,以评估其稳定性和性能。 模型选择:在多种模型中选择表现最好的模型。通过SHAP值(SHapley Additive exPlanations)和特征重要性分析,对该模型的可解释性进行评估。 可视化与动态化:选出的最佳模型经过解释后,通过网络计算器进行可视化和动态化处理,便于临床应用。 外部验证:将验证组数据用于外部验证,以评估最终模型的泛化性能和在临床实际中的适用性。 此外,在本研究中还绘制了各算法模型在测试集上的ROC曲线,用于外部验证。结果显示,…",./images/mnt/ali-sh-1/usr/lihaitao/process_0106/image/part_91/915078/4121896.jpg|./images/mnt/ali-sh-1/usr/lihaitao/process_0106/image/part_91/915078/4121897.jpg|./images/mnt/ali-sh-1/usr/lihaitao/process_0106/image/part_91/915078/4121898.jpg|./images/mnt/ali-sh-1/usr/lihaitao/process_0106/image/part_91/915078/4121899.jpg
15067,female,23-25,1517943,"05年京圈少爷的日常,他们的生活我们的梦❗",##我在小红书追好剧[话题]# #家有儿女[话题]#,
15067,female,23-25,1012246,一步之遥,大雪纷飞 一步之遥#手风琴[话题]##兰州大学[话题]# #兰州大学初雪[话题]#,./images/mnt/ali-sh-1/usr/lihaitao/process_0106/image/part_73/730486/3271519.jpg
15067,female,23-25,924107,nan,"粉丝说:黄宗泽属于那种看了长寿 ,嫁了短寿 ,唯有关注, 慢慢享受 ,方能延年益寿#黄宗泽[话题]##痞帅天花板[话题]# #行走荷尔蒙[话题]#",
15067,female,23-25,1322730,天第二次塌了 外审没过,54 80 82 三个分数差距这么大的嘛? 崩溃了 为什么我不能遇到一个心软的盲审专家[哭惹R][哭惹R],./images/mnt/ali-sh-1/usr/lihaitao/process_0106/image/part_101/1013623/4565280.jpg
15067,female,23-25,1283046,nan,鹿晗和好朋友们的限定版超级冠军 鹿晗洗把脸内娱整个天都亮了#鹿晗[话题]##超级英雄[话题]#,
15067,female,23-25,1467677,选我,#ccd[话题]# #抓拍[话题]# #我的日常[话题]# #RedFaceOfFashion100[话题]# #来拍照了[话题]#,
15067,female,23-25,1062764,这一身好有感觉啊!!,感觉很有文化的样子 这不是我本人吗(划掉) 我好喜欢绿色! 绿色的一切我都喜欢🥳 大衣质感好好 肩膀那里卡的也刚好 #短发穿搭[话题]# #秋冬叠穿[话题]# #墨绿色[话题]# #毛呢外套[话题]# #绿色穿搭[话题]# #西装控[话题]# #叠穿[话题]# #秋季西装外套[话题]# #大衣穿搭[话题]# #知识分子穿搭[话题]#,
15067,female,23-25,1728055,台湾省的古早艺人怎么都是赛车手,真的真的各有各的帅!很有辨识度的帅!#邱泽[话题]# #林志颖[话题]# #回忆杀[话题]#,
15067,female,23-25,1651843,直观感受下小基数瘦了20斤的区别有多大!,#减肥逆袭[话题]##减肥[话题]##自律[话题]# #我的运动日常[话题]##减肥减脂[话题]##减肥前后对比[话题]# #小基数减肥[话题]# #见人不如健身[话题]##减肥动力[话题]# #健康减肥[话题]# #爆改[话题]# #运动[话题]##以前vs现在[话题]##爆改[话题]##逆袭[话题]##减肥经验[话题]##瘦[话题]#,
15067,female,23-25,857217,当年杨过和刘亦菲的试镜照,原来黄晓明和聂远都试镜过杨过啊! 你们觉得哪一个杨过和刘亦菲更般配呢?#刘亦菲[话题]# #黄晓明[话题]# #聂远[话题]# #神雕侠侣[话题]#,
15067,female,23-25,1261748,常用的Ps保存格式,"PSD 源文件格式 可以支持图层、通道、蒙版和不同色彩模式的各种图像特征,是一种非压缩的原始文件保存格式,以便随时进行修改。 GIF 动态图像保存格式 GIF是由多帧图像合并在一起组成的gif动画,它支持透明背景和动画,被广泛应用在网络中。 JPEG 图像保存格式 平时最常用的一种图像格式,简称jpg,是可以把图像文件压缩到最小的格式。 PNG 无损压缩图像格式 PNG格式支持24位图像并产生无齿的透明的背景。在保存时关掉背景图层前面的小眼睛, 不然存储的PNG依然不是透明。 TIFF 标签图像文件格式 TIFF格式是一种通用的文件格式,所有的绘画、图像编辑和排版程序都支持该格式,而且绝大多数桌面扫描仪可以产生TIFF图像。TIFF格式支持具有AIPHA通道的CMYK、RGB、LAB、索引颜色和灰度图像,以及没有ALPHA通道的位图模式图像。 PHOTOSHOP可以在TIFF文件中存储图层和通道,但是如果在另外一个应用程序中打开该文件,那么只有拼合图像才是可见的。 EPS 矢量格式 侧重于屏幕显示,一般用于印前领域。#ps[话题]# #PS学习[话题]##美工[话题]##饭圈美工[话题]##ps教程[话题]#",./images/mnt/ali-sh-1/usr/lihaitao/process_0106/image/part_73/732326/3281851.jpg|./images/mnt/ali-sh-1/usr/lihaitao/process_0106/image/part_73/732326/3281852.jpg
15067,female,23-25,1267866,graghpadprism画图,如何画出算出来的森林图箭头,./images/mnt/ali-sh-1/usr/lihaitao/process_0106/image/part_71/710891/3165889.jpg
15067,female,23-25,998709,生信分析里的森林图怎么看?1分钟速解!,"之前给大家分享了DCA图、列线图、UMAP图、火山图等数据图解读,今天要分享的是Meta分析常用的【森林图】~ 主要从以下2个方面展开 ✅森林图定义&用途 ✅森林图怎么看?(结合具体案例) 需要的宝子快存进口袋吧~ #科研[话题]# #科研学习[话题]# #生信分析[话题]# #医学生[话题]# #研究生[话题]# #文献阅读[话题]# #森林图解读[话题]# #文献综述[话题]# #医学科研[话题]# @知识薯",./images/mnt/ali-sh-1/usr/lihaitao/process_0106/image/part_60/602996/2649722.jpg|./images/mnt/ali-sh-1/usr/lihaitao/process_0106/image/part_60/602996/2649723.jpg|./images/mnt/ali-sh-1/usr/lihaitao/process_0106/image/part_60/602996/2649724.jpg|./images/mnt/ali-sh-1/usr/lihaitao/process_0106/image/part_60/602996/2649725.jpg|./images/mnt/ali-sh-1/usr/lihaitao/process_0106/image/part_60/602996/2649726.jpg
15067,female,23-25,1223192,SPSS💡二项Logistic回归分析💯,"🎓使用Logistic模型前,需判断是否满足以下七个研究假设: 🔍假设1:因变量即结局是二分类变量。 🔍假设2:有至少1个自变量,自变量可以是连续变量,也可以是分类变量。 🔍假设3:每条观测间相互独立。分类变量(包括因变量和自变量)的分类必须全面且每一个分类间互斥。 🔍假设4:最小样本量要求为自变量数目的15倍,也有一些研究者认为样本量应达到自变量数目的50倍 🔍假设5:连续的自变量与因变量的logit转换值之间存在线性关系。 🔍假设6:自变量间不存在共线性。 🔍假设7:没有明显的离群点、杠杆点和强影响点。 🎓本研究发现,85例肺癌患者中,吸烟者67例(78.8%);259例非肺癌患者中,吸烟者153例(59.1%),肺癌患者和非肺癌患者中的吸烟率的差异有统计学意义(χ2=10.829, P<0.01)。Logistic回归模型在调整了性别和COPD病史后,吸烟者相对于不吸烟者,发生肺癌的风险增加(OR=3.45, 95% CI: 1.86-6.40)。 #spss统计分析[话题]# #生信分析[话题]# #每日分享[话题]# #SPSS问卷分析[话题]# #spss[话题]# #数据分析[话题]# #数据分析代做[话题]# #回归分析[话题]# #logistic[话题]# #二元logistic回归分析[话题]#",./images/mnt/ali-sh-1/usr/lihaitao/process_0106/image/part_72/729513/3265926.jpg|./images/mnt/ali-sh-1/usr/lihaitao/process_0106/image/part_72/729513/3265927.jpg|./images/mnt/ali-sh-1/usr/lihaitao/process_0106/image/part_72/729513/3265928.jpg|./images/mnt/ali-sh-1/usr/lihaitao/process_0106/image/part_72/729513/3265929.jpg|./images/mnt/ali-sh-1/usr/lihaitao/process_0106/image/part_72/729513/3265930.jpg|./images/mnt/ali-sh-1/usr/lihaitao/process_0106/image/part_72/729513/3265931.jpg|./images/mnt/ali-sh-1/usr/lihaitao/process_0106/image/part_72/729513/3265932.jpg
15067,female,23-25,1926187,最详细的逐步回归分析结果解度!,"逐步回归分析,实际上是多元线性回归的一种分析方法,通过将变量逐个输入,并检验变量的显著性,来逐一剔除影响不显著的变量,从而建立最优的回归方程。接下来,我们通过一个例子具体演示下spss的操作方法,考察capital,gdp,income 对educationinvest的影响。 第一步:分析-回归-线性分析 第二步:设定变量,在方法下拉菜单中选择“步进”,进行逐步回归分析。 第三步:统计量设置,回归系数的估算值,模型拟合以及DW值(德宾-沃森),以检验模型的拟合优度以及残差是否存在自相关。 第四步:图表设置,选择“直方图”与“正态概率图”,以检验模型的残差是否服从正态分布。 第五步:选项设置,可选择使用F的概率或F值,数值一般保持默认即可,点击继续-确认,输出结果。 从输入/除去变量表看到,本次逐步回归分析进行了3次输入或除去,而模型3的调整后R方相对较高,说明模型的拟合优度相对较好。 ANOVA分析,3个逐步回归模型的显著性值为0.00,小于0.05,即说明有95%的概率拒绝原假设,也就是说,各方程中的自变量与因变量间存在着显著的相关关系。 从上述的分析中,我们知道本例逐步回归分析得到的3个方程都具有显著性,而从模型拟合优度来看,方程3拟合优度更好。根据系数检验结果看到,方程3的常量系数不显著,因此其逐步回归方程可根据未标准化系数的B值写成如下: 方程3:eduinvest =90.014*capital-1.127*gdp+1.832* income #SPSS数据分析[话题]# #spss代做[话题]# #SPSS实操[话题]# #回归分析[话题]# #数据分析[话题]#…",./images/mnt/ali-sh-1/usr/lihaitao/process_0106/image/part_98/989702/4455464.jpg|./images/mnt/ali-sh-1/usr/lihaitao/process_0106/image/part_98/989702/4455465.jpg|./images/mnt/ali-sh-1/usr/lihaitao/process_0106/image/part_98/989702/4455466.jpg|./images/mnt/ali-sh-1/usr/lihaitao/process_0106/image/part_98/989702/4455467.jpg|./images/mnt/ali-sh-1/usr/lihaitao/process_0106/image/part_98/989702/4455468.jpg|./images/mnt/ali-sh-1/usr/lihaitao/process_0106/image/part_98/989702/4455469.jpg|./images/mnt/ali-sh-1/usr/lihaitao/process_0106/image/part_98/989702/4455470.jpg|./images/mnt/ali-sh-1/usr/lihaitao/process_0106/image/part_98/989702/4455471.jpg
15067,female,23-25,1334760,SPSS最详细的逐步回归+分析结果解读,"🌟3种常用的逐步回归方法: 向前选择 向后选择 逐步筛选 📊SPSS逐步回归步骤: 第一步:分析-回归-线性分析 第二步:设定变量,选择“步进”,进行逐步回归分析。 第三步:统计量选择,回归系数的估算值,模型拟合以及DW值(德宾-沃森),以检验模型的拟合优度以及残差是否存在自相关。 第四步:选择“直方图”与“正态概率图”,以检验模型的残差是否服从正态分布。 第五步:选择F的概率或F值,点击继续-确认,输出结果。 📈结果分析: ▪️从输入/除去变量表得出:本次逐步回归分析进行了3次输入或除去,模型3的调整后R方相对较高,说明模型的拟合优度相对较好。 ▪️ANOVA分析:3个逐步回归模型的显著性值为0.00,均小于0.05,3个方程中的自变量与因变量间都存在着显著的相关关系。 从模型拟合优度来看,方程3拟合优度更好。 #逐步回归[话题]# #逐步回归法[话题]# #spss回归分析[话题]# #spss代做[话题]# #spss教程[话题]# #spss数据分析[话题]# #回归分析结果怎么看[话题]# #学习分享[话题]#",./images/mnt/ali-sh-1/usr/lihaitao/process_0106/image/part_59/596637/2620731.jpg|./images/mnt/ali-sh-1/usr/lihaitao/process_0106/image/part_59/596637/2620732.jpg|./images/mnt/ali-sh-1/usr/lihaitao/process_0106/image/part_59/596637/2620733.jpg|./images/mnt/ali-sh-1/usr/lihaitao/process_0106/image/part_59/596637/2620734.jpg|./images/mnt/ali-sh-1/usr/lihaitao/process_0106/image/part_59/596637/2620735.jpg|./images/mnt/ali-sh-1/usr/lihaitao/process_0106/image/part_59/596637/2620736.jpg|./images/mnt/ali-sh-1/usr/lihaitao/process_0106/image/part_59/596637/2620737.jpg
15256,male,unknown,1320471,森系水果蛋糕花边挤法,"今天这款森系水果蛋糕,两种传统花边的挤法不允许谁还不会哦,喜欢的赶紧收藏试试吧! #森系水果蛋糕[话题]# #教程[话题]# #蛋糕花边[话题]##创作灵感[话题]# #简约款水果蛋糕[话题]# #制作过程[话题]#",./images/mnt/ali-sh-1/usr/lihaitao/process_0106/image/part_80/809550/3644636.jpg|./images/mnt/ali-sh-1/usr/lihaitao/process_0106/image/part_80/809550/3644637.jpg|./images/mnt/ali-sh-1/usr/lihaitao/process_0106/image/part_80/809550/3644638.jpg|./images/mnt/ali-sh-1/usr/lihaitao/process_0106/image/part_80/809550/3644639.jpg|./images/mnt/ali-sh-1/usr/lihaitao/process_0106/image/part_80/809550/3644640.jpg|./images/mnt/ali-sh-1/usr/lihaitao/process_0106/image/part_80/809550/3644641.jpg
15256,male,unknown,817089,"少爷,请看这是臣为您精心挑选的水果蛋糕!🥹","枯藤老树昏鸦,七七蛋糕叭![派对R] 夏天到啦!水果季节怎么可以不尝尝水果蛋糕捏!少爷你说是吗*͈ᴗ͈ˬᴗ͈ෆ |广州蛋糕|深圳蛋糕|芒果蛋糕|小清新蛋糕|奶油蛋糕|生日蛋糕|简约水果蛋糕|八寸蛋糕|#广州蛋糕[话题]##深圳蛋糕[话题]# #佛山蛋糕[话题]# #水果蛋糕[话题]# #芒果[话题]# #蛋糕定制[话题]##奶油蛋糕[话题]##蛋糕合集[话题]#",./images/mnt/ali-sh-1/usr/lihaitao/process_0106/image/part_86/864094/3886702.jpg|./images/mnt/ali-sh-1/usr/lihaitao/process_0106/image/part_86/864094/3886703.jpg|./images/mnt/ali-sh-1/usr/lihaitao/process_0106/image/part_86/864094/3886704.jpg|./images/mnt/ali-sh-1/usr/lihaitao/process_0106/image/part_86/864094/3886705.jpg
15256,male,unknown,1652865,广州🍰|粉嫩嫩的水果蛋糕合集来啦🌸,❤️粉色系可爱奶油🍓水果蛋糕 💕生活需要一点甜🍬 #水果蛋糕[话题]# #生活需要一点甜[话题]# #广州蛋糕[话题]# #深圳蛋糕[话题]# #佛山蛋糕[话题]# #奶油蛋糕[话题]# #粉色蛋糕[话题]# 图源网络侵删#粉色系[话题]# #草莓蛋糕[话题]#,./images/mnt/ali-sh-1/usr/lihaitao/process_0106/image/part_75/756922/3392454.jpg|./images/mnt/ali-sh-1/usr/lihaitao/process_0106/image/part_75/756922/3392455.jpg|./images/mnt/ali-sh-1/usr/lihaitao/process_0106/image/part_75/756922/3392456.jpg|./images/mnt/ali-sh-1/usr/lihaitao/process_0106/image/part_75/756922/3392457.jpg
15256,male,unknown,1575002,广佛深|简约小清新4寸水果蛋糕合集来啦🍒,🫐经典简约4寸5寸蓝莓蜜瓜无花果青提石榴水果蛋糕合集~ 🍈简单到极致就是自我 #深圳蛋糕[话题]# #广州蛋糕[话题]# #定制蛋糕[话题]# #简约蛋糕[话题]# #水果蛋糕[话题]# #高级感蛋糕[话题]# #简约水果蛋糕[话题]# #蛋糕[话题]# 部分图源网络侵删 #小清新蛋糕[话题]# #简约风[话题]#,./images/mnt/ali-sh-1/usr/lihaitao/process_0106/image/part_80/802912/3609663.jpg|./images/mnt/ali-sh-1/usr/lihaitao/process_0106/image/part_80/802912/3609664.jpg|./images/mnt/ali-sh-1/usr/lihaitao/process_0106/image/part_80/802912/3609665.jpg|./images/mnt/ali-sh-1/usr/lihaitao/process_0106/image/part_80/802912/3609666.jpg|./images/mnt/ali-sh-1/usr/lihaitao/process_0106/image/part_80/802912/3609667.jpg|./images/mnt/ali-sh-1/usr/lihaitao/process_0106/image/part_80/802912/3609668.jpg|./images/mnt/ali-sh-1/usr/lihaitao/process_0106/image/part_80/802912/3609669.jpg|./images/mnt/ali-sh-1/usr/lihaitao/process_0106/image/part_80/802912/3609670.jpg
15256,male,unknown,1438265,nan,"简约水果蛋糕制作过程,蛋糕花边挤法教程一看就会 ,小清新水果蛋糕实物更漂亮! #简约水果蛋糕[话题]# #跟我学烘焙[话题]# #蛋糕教程[话题]# #蛋糕花边教程[话题]##创作灵感[话题]# #制作过程[话题]#",./images/mnt/ali-sh-1/usr/lihaitao/process_0106/image/part_103/1030443/4636335.jpg|./images/mnt/ali-sh-1/usr/lihaitao/process_0106/image/part_103/1030443/4636336.jpg|./images/mnt/ali-sh-1/usr/lihaitao/process_0106/image/part_103/1030443/4636337.jpg|./images/mnt/ali-sh-1/usr/lihaitao/process_0106/image/part_103/1030443/4636338.jpg|./images/mnt/ali-sh-1/usr/lihaitao/process_0106/image/part_103/1030443/4636339.jpg
15256,male,unknown,1536116,唐海蛋糕~水果生日蛋糕合集,#水果蛋糕[话题]# #唐海蛋糕定制[话题]# #简约水果蛋糕合集[话题]# #唐海最好吃的奶油蛋糕[话题]# #唐海蛋糕推荐[话题]# #唐海蛋糕店推荐[话题]# #网红蛋糕定制[话题]# #进口动物奶油蛋糕定制[话题]# #唐海私房烘培[话题]#,./images/mnt/ali-sh-1/usr/lihaitao/process_0106/image/part_101/1015514/4573457.jpg|./images/mnt/ali-sh-1/usr/lihaitao/process_0106/image/part_101/1015514/4573458.jpg|./images/mnt/ali-sh-1/usr/lihaitao/process_0106/image/part_101/1015514/4573459.jpg|./images/mnt/ali-sh-1/usr/lihaitao/process_0106/image/part_101/1015514/4573460.jpg|./images/mnt/ali-sh-1/usr/lihaitao/process_0106/image/part_101/1015514/4573461.jpg|./images/mnt/ali-sh-1/usr/lihaitao/process_0106/image/part_101/1015514/4573462.jpg|./images/mnt/ali-sh-1/usr/lihaitao/process_0106/image/part_101/1015514/4573463.jpg|./images/mnt/ali-sh-1/usr/lihaitao/process_0106/image/part_101/1015514/4573464.jpg
15256,male,unknown,1551869,nan,发财水果蛋糕 今天停电休息去爬山啦。,./images/mnt/ali-sh-1/usr/lihaitao/process_0106/image/part_107/1079101/4844896.jpg|./images/mnt/ali-sh-1/usr/lihaitao/process_0106/image/part_107/1079101/4844897.jpg|./images/mnt/ali-sh-1/usr/lihaitao/process_0106/image/part_107/1079101/4844898.jpg|./images/mnt/ali-sh-1/usr/lihaitao/process_0106/image/part_107/1079101/4844899.jpg
15256,male,unknown,1675025,nan,#草莓蛋糕[话题]# #水果蛋糕[话题]# #揭阳埔田镇蛋糕[话题]#,./images/mnt/ali-sh-1/usr/lihaitao/process_0106/image/part_69/697353/3104314.jpg
15256,male,unknown,858379,浪漫的话题-结婚纪念日的说法,"一直有同学问不同年份结婚纪念日的说法[哇R] 今天总结一下,一并送给大家[哇R][哇R] 你是哪一年的?[赞R][赞R][赞R] #俊哥教英语[话题]# #英语学习[话题]# #结婚纪念日[话题]# #英语口语[话题]# #结婚周年纪念日[话题]#",./images/mnt/ali-sh-1/usr/lihaitao/process_0106/image/part_76/767536/3440176.jpg|./images/mnt/ali-sh-1/usr/lihaitao/process_0106/image/part_76/767536/3440177.jpg
15256,male,unknown,1716518,"年年胜意、岁岁欢喜🏮2024,暴富!暴富!","🍰蛋糕来自于《幸福西饼》🍰 推荐指数:🌟🌟🌟🌟🌟 🧁🎂在幸福西饼定了很多次蛋糕啦,吃过一次就被种草的那种,味美质量也很有保证,戚风的蛋糕体轻盈湿润,纯动物奶油,品质很高。同时,多层水果和布丁夹心,口感丰富。作为生日蛋糕或者下午茶都是非常好的选择。 🙋🏻‍♀️年初恰逢婆婆生日,又定了他家暴富的蛋糕,新的一年欢欢喜喜,重要的是暴富!暴富!暴富呀🥳!#吃了甜食会开心[话题]# #想记录下此刻[话题]# #这个模板有点东西[话题]# #元旦快乐[话题]# #节日快乐[话题]#",./images/mnt/ali-sh-1/usr/lihaitao/process_0106/image/part_84/843068/3793368.jpg|./images/mnt/ali-sh-1/usr/lihaitao/process_0106/image/part_84/843068/3793369.jpg|./images/mnt/ali-sh-1/usr/lihaitao/process_0106/image/part_84/843068/3793370.jpg|./images/mnt/ali-sh-1/usr/lihaitao/process_0106/image/part_84/843068/3793371.jpg|./images/mnt/ali-sh-1/usr/lihaitao/process_0106/image/part_84/843068/3793372.jpg|./images/mnt/ali-sh-1/usr/lihaitao/process_0106/image/part_84/843068/3793373.jpg
15256,male,unknown,1316626,商家给我的,"哈哈哈笑死了,订的蛋糕,拆开看丑哭了,原图我没有存,就是之前挺火的那款爱心,这个怎么做成这样了,好丑,10寸的,夹心也报吃,火龙果酱馅的 像五仁月饼一样,实在是太丑了哈哈哈哈不过挺便宜才178好像#蛋糕[话题]# #蛋糕翻车[话题]#",./images/mnt/ali-sh-1/usr/lihaitao/process_0106/image/part_62/625717/2754523.jpg|./images/mnt/ali-sh-1/usr/lihaitao/process_0106/image/part_62/625717/2754524.jpg|./images/mnt/ali-sh-1/usr/lihaitao/process_0106/image/part_62/625717/2754525.jpg|./images/mnt/ali-sh-1/usr/lihaitao/process_0106/image/part_62/625717/2754526.jpg|./images/mnt/ali-sh-1/usr/lihaitao/process_0106/image/part_62/625717/2754527.jpg|./images/mnt/ali-sh-1/usr/lihaitao/process_0106/image/part_62/625717/2754528.jpg|./images/mnt/ali-sh-1/usr/lihaitao/process_0106/image/part_62/625717/2754529.jpg|./images/mnt/ali-sh-1/usr/lihaitao/process_0106/image/part_62/625717/2754530.jpg
15256,male,unknown,1241620,10个小妙招帮快速解酒、缓解酒后难受,"每个经历过宿醉的人都会发誓下次一定滴酒不沾,然而!人在江湖飘,哪能不喝酒,掌握一些解酒小妙招缓解酒醉,让身体舒服点。 [太阳R]酒后头痛——喝蜂蜜水 酒后头痛主要是因酒精代谢物乙醛在体内积聚引起血管扩张,刺激神经系统。蜂蜜中含有一种特殊的果糖,可以促进酒精的分解吸收,减轻头痛症状。 [樱花R]酒后头晕——喝西红柿汁 西红柿汁也富含像蜂蜜那样的特殊果糖。通过升高人体内肝和胃组织的乙醇脱氢酶活性,进而促进酒精代谢,降低血清中的酒精浓度,起到解酒作用。注意哦,喝西红柿汁比生吃西红柿的解酒效果更好。 [拍立得R]酒后反胃、恶心——吃新鲜葡萄 新鲜葡萄中含有丰富的酒石酸,能与酒精相互作用形成脂类物质降低体内的酒精浓度,达到快速解酒的目的。(PS:若在饮酒前吃些新鲜葡萄,还能预防醉酒。)#酱香型白酒[话题]# #白酒[话题]# #喝酒日常[话题]# #解酒好物[话题]# #解酒[话题]# #白酒知识[话题]# #白酒分享[话题]# #解酒神器[话题]# #今天你喝酒了吗[话题]# #中国白酒[话题]# #干货[话题]# #干货分享[话题]# #健康科普[话题]#",./images/mnt/ali-sh-1/usr/lihaitao/process_0106/image/part_98/980532/4417072.jpg|./images/mnt/ali-sh-1/usr/lihaitao/process_0106/image/part_98/980532/4417073.jpg|./images/mnt/ali-sh-1/usr/lihaitao/process_0106/image/part_98/980532/4417074.jpg
15256,male,unknown,990402,红色千禧果蛋糕,客户要求放千禧果 调出来可以搭配的颜色好难[汗颜R]#烘焙[话题]# #蛋糕[话题]#,./images/mnt/ali-sh-1/usr/lihaitao/process_0106/image/part_64/642457/2836960.jpg|./images/mnt/ali-sh-1/usr/lihaitao/process_0106/image/part_64/642457/2836961.jpg
15256,male,unknown,1623011,nan,顾客喜欢吃桑葚和圣女果!!!当然是满足她啦~#水果蛋糕[话题]# #随手拍[话题]# #每一天都很哇塞[话题]#,./images/mnt/ali-sh-1/usr/lihaitao/process_0106/image/part_106/1060978/4764679.jpg
15256,male,unknown,1701160,天津蛋糕 小番茄蛋糕 西红柿蛋糕,红彤彤的小番茄 意外的很好看耶[哇R] #天津蛋糕[话题]# #天津生日蛋糕[话题]# #天津蛋糕定制[话题]# #番茄蛋糕[话题]# #西红柿蛋糕[话题]# #天津美食[话题]# #天津甜品[话题]#,./images/mnt/ali-sh-1/usr/lihaitao/process_0106/image/part_68/683169/3038812.jpg
15256,male,unknown,1497312,番茄蛋糕,#想记录下此刻[话题]##这个模板有点东西[话题]#,./images/mnt/ali-sh-1/usr/lihaitao/process_0106/image/part_100/1005267/4524526.jpg|./images/mnt/ali-sh-1/usr/lihaitao/process_0106/image/part_100/1005267/4524527.jpg
15256,male,unknown,1035470,风生水起,#男士蛋糕[话题]# #风生水起蛋糕[话题]# #八方来财[话题]#,
15256,male,unknown,1941120,退休蛋糕,#双层蛋糕[话题]# #生日蛋糕[话题]# #糖牌蛋糕[话题]#,
15256,male,unknown,840467,"活在当下,享受生活!!️光荣退休蛋糕糖牌教程","适合8寸蛋糕 图纸截屏不清楚的,可进群问我要。 若有相关问题,欢迎在评论区或主页进群交流。 End #吃了甜食会开心[话题]# #笔记灵感[话题]# #你还想学做哪类翻糖装饰件[PK]# #14天PK挑战[话题]# #翻糖蛋糕教程图解[话题]# #翻糖蛋糕[话题]# #翻糖配件[话题]# #翻糖糖牌[话题]# #翻糖教程[话题]# #半翻糖蛋糕[话题]# #蛋糕装饰[话题]# #我的烘焙日常[话题]# #fc法采[话题]# #fc法采翻糖膏[话题]# #fc法采色素[话题]# #翻糖刻字[话题]# #翻糖字牌[话题]# #退休蛋糕[话题]#",./images/mnt/ali-sh-1/usr/lihaitao/process_0106/image/part_78/789509/3537842.jpg|./images/mnt/ali-sh-1/usr/lihaitao/process_0106/image/part_78/789509/3537843.jpg|./images/mnt/ali-sh-1/usr/lihaitao/process_0106/image/part_78/789509/3537844.jpg|./images/mnt/ali-sh-1/usr/lihaitao/process_0106/image/part_78/789509/3537845.jpg|./images/mnt/ali-sh-1/usr/lihaitao/process_0106/image/part_78/789509/3537846.jpg|./images/mnt/ali-sh-1/usr/lihaitao/process_0106/image/part_78/789509/3537847.jpg|./images/mnt/ali-sh-1/usr/lihaitao/process_0106/image/part_78/789509/3537848.jpg|./images/mnt/ali-sh-1/usr/lihaitao/process_0106/image/part_78/789509/3537849.jpg
